action_usage_marginal,actions_used_probability_gt_1e_4,behavior_divergence_kl,behavior_relative_return,best_epoch,checkpoint_sha256,collapse_flag_top_share_ge_0p95,component_family,converged,entropy,epochs_run,epsilon_smoothing_used,exact_regret,exact_true_return,experiment_id,fidelity_label,fit_role,full_target_probability_available,horizon_definition,inventory_layer,learned_model_predicted_return,method,method_seed_rank_max,method_seed_rank_min,method_seed_return_std,model_exploitation_gap,normalized_entropy,planner_definition,planner_horizon,policy,policy_entropy_normalized,policy_group,probability_source,profile,rank_within_profile,rare_action_class_count,rare_action_policy_mass,rare_train_action_threshold,retrospective_ehr_policy_value_computed,reward_contract,seed,seed_rank_range,selection_role,support_violation,support_violation_mass,task,terminal_reward_attachment,terminal_reward_occurrences_per_trajectory_max,top_action_share,training_examples,truncated_horizon_bootstrap,validation_objective,validation_objective_name,variant,winner_turnover_across_seeds
0.41288497;0.01434227;0.00888743;0.01072648;0.01323920;0.05584363;0.02112119;0.01818244;0.01145778;0.01536174;0.08093614;0.01116377;0.02005170;0.01141892;0.01551079;0.07045730;0.00882499;0.01559650;0.01268588;0.02545130;0.08354252;0.01140312;0.01893517;0.01335038;0.01862439,25,0.0420761400270333,,12.0,63f300d3eef5c1ce111f77107ef7e0803a55ef12a8ae731d366554947ec64cc9,0.0,,0.0,1.6140353328517412,12.0,0.0,,,KDD123-v2,independent_reimplementation,train_only,1.0,not_applicable,model_free_policy,,behavior_cloning,,,,,0.501428268957169,,,,,,native_supported_categorical_softmax,,,2.0,0.017712415846482,0.01,0.0,terminal_90d_only,3408,,validation_only,,0.0,sepsis,once_at_final_valid_transition,,0.4128849660984733,20000.0,,1.6037691831588743,validation_cross_entropy,,
0.54110822;0.00600120;0.00140028;0.00620124;0.01800360;0.01460292;0.01320264;0.04120824;0.00340068;0.02420484;0.11042208;0.00920184;0.00800160;0.00860172;0.01040208;0.01880376;0.00700140;0.01320264;0.00220044;0.00820164;0.05801160;0.01000200;0.00700140;0.03720744;0.02240448,25,1.1425585852965514,,1.0,12290621185df9828b5835488a77382a198a3e6c5f9b36d789ba4f87b9edd420,0.0,,1.0,0.0,4.0,0.0,,,KDD123-v2,independent_reimplementation,train_only,1.0,not_applicable,model_free_policy,,discrete_bcq,,,,,0.0,,,,,,native_deterministic_one_hot_categorical_no_epsilon_smoothing,,,2.0,0.0084016803360672,0.01,0.0,terminal_90d_only,3408,,validation_only,,0.0,sepsis,once_at_final_valid_transition,,0.5411082216443288,20000.0,,0.1263678669929504,terminal90_normalized_discounted_TD_MSE,,
0.88997800;0.00000000;0.00000000;0.00000000;0.00000000;0.00120024;0.00000000;0.00000000;0.00000000;0.00000000;0.07141428;0.00000000;0.00000000;0.00000000;0.00000000;0.00000000;0.00000000;0.00000000;0.00000000;0.00080016;0.03660732;0.00000000;0.00000000;0.00000000;0.00000000,5,1.6402763250837094,,1.0,8bd6bc3da6abf977f7aa9b793eed5bc9692e708eea4af0a810d5d423a00a512f,0.0,,1.0,0.0,4.0,0.0,,,KDD123-v2,independent_reimplementation,train_only,1.0,not_applicable,model_free_policy,,discrete_cql,,,,,0.0,,,,,,native_deterministic_one_hot_categorical_no_epsilon_smoothing,,,2.0,0.0,0.01,0.0,terminal_90d_only,3408,,validation_only,,0.0,sepsis,once_at_final_valid_transition,,0.8899779955991198,20000.0,,0.2613512575626373,terminal90_normalized_discounted_TD_MSE,,
0.62132546;0.00717114;0.00444371;0.00536324;0.00661960;0.03842392;0.01056060;0.00909122;0.00572889;0.00768087;0.09007799;0.00558188;0.01002585;0.00570946;0.00775539;0.05043169;0.00441249;0.00779825;0.00634294;0.01272565;0.05157322;0.00570156;0.00946758;0.00667519;0.00931219,25,0.5481687709102734,,1.0,efcc70ac86a065b8d979791e73520b16087fb8a3f5482c8b74b7189a201a857a,0.0,,1.0,1.1417677647739424,4.0,0.0,,,KDD123-v2,conceptual_adapter,train_only,1.0,not_applicable,model_free_policy,,soft_spibb,,,,,0.3547100997040459,,,,,,frozen_behavior_greedy_convex_mixture_native_categorical,,,2.0,0.0088562079172207,0.01,0.0,terminal_90d_only,3408,,validation_only,,0.0,sepsis,once_at_final_valid_transition,,0.6213254599424398,20000.0,,0.2506705224514007,terminal90_normalized_discounted_TD_MSE,,
0.43675318;0.01154534;0.00878335;0.01277535;0.01332765;0.04740794;0.02189060;0.01934702;0.01053071;0.01214878;0.06915710;0.01071804;0.01858865;0.01114948;0.01542665;0.06908515;0.00880055;0.01448904;0.01278034;0.02223452;0.08861654;0.01198914;0.01958854;0.01457616;0.01829015,25,0.0986826720916246,,12.0,075e02d4d80e0702fcd42b6fb1c67411bd7e960a66f9ac59e91e6270d4a6047f,0.0,,0.0,1.5169290547493992,12.0,0.0,,,KDD123-v2,official_contract_adapter,train_only,1.0,not_applicable,model_free_policy,,decision_transformer_adapter,,,,,0.4712605074821459,,,,,,native_return_conditioned_categorical_softmax,,,2.0,0.0175839050716334,0.01,0.0,terminal_90d_only,3408,,validation_only,,0.0,sepsis,once_at_final_valid_transition,,0.4367531834875351,145925.0,,1.5316067934036257,validation_cross_entropy,,
0.43986287;0.01491052;0.00821220;0.01207118;0.01453067;0.05716533;0.02096706;0.01876627;0.01288835;0.01420522;0.07571999;0.01264698;0.02149119;0.01160100;0.01878863;0.06713394;0.00813415;0.01372853;0.01246188;0.02108015;0.06923709;0.01066600;0.01456382;0.01447296;0.01469404,25,0.0343363040251841,,9.0,a69a28b8a288d8c2d707c607c208cdd4a65572900d05ef815a9d551f0a5b01c2,0.0,,1.0,1.5859106589431913,12.0,0.0,,,KDD123-v2,independent_reimplementation,train_only,1.0,not_applicable,model_free_policy,,behavior_cloning,,,,,0.4926908477459293,,,,,,native_supported_categorical_softmax,,,2.0,0.0163463486129411,0.01,0.0,terminal_90d_only,3411,,validation_only,,0.0,sepsis,once_at_final_valid_transition,,0.4398628723020205,20000.0,,1.5922645330429075,validation_cross_entropy,,
0.57951590;0.00720144;0.00020004;0.00460092;0.00680136;0.02300460;0.01100220;0.03040608;0.01060212;0.02260452;0.08101620;0.01060212;0.02040408;0.01520304;0.02960592;0.04820964;0.00780156;0.00860172;0.01900380;0.00740148;0.02660532;0.00220044;0.01300260;0.00260052;0.01180236,25,1.0789064231079015,,1.0,f865f5ebb9f1873601ddaf5266c12f821a34cda70ed256652f5c6545177606b5,0.0,,1.0,0.0,4.0,0.0,,,KDD123-v2,independent_reimplementation,train_only,1.0,not_applicable,model_free_policy,,discrete_bcq,,,,,0.0,,,,,,native_deterministic_one_hot_categorical_no_epsilon_smoothing,,,2.0,0.008001600320064,0.01,0.0,terminal_90d_only,3411,,validation_only,,0.0,sepsis,once_at_final_valid_transition,,0.5795159031806362,20000.0,,0.129509687423706,terminal90_normalized_discounted_TD_MSE,,
0.96959392;0.00000000;0.00000000;0.00000000;0.00000000;0.00200040;0.00000000;0.00000000;0.00000000;0.00000000;0.00100020;0.00000000;0.00000000;0.00000000;0.00000000;0.00040008;0.00000000;0.00000000;0.00000000;0.00000000;0.02700540;0.00000000;0.00000000;0.00000000;0.00000000,5,1.5392000625968498,,1.0,3d8829d4c5a485892f56718acb4f5d55b3c718924532db237404c3de54a013b5,1.0,,1.0,0.0,4.0,0.0,,,KDD123-v2,independent_reimplementation,train_only,1.0,not_applicable,model_free_policy,,discrete_cql,,,,,0.0,,,,,,native_deterministic_one_hot_categorical_no_epsilon_smoothing,,,2.0,0.0,0.01,0.0,terminal_90d_only,3411,,validation_only,,0.0,sepsis,once_at_final_valid_transition,,0.9695939187837568,20000.0,,0.2900229692459106,terminal90_normalized_discounted_TD_MSE,,
0.68122369;0.00745526;0.00410610;0.00603559;0.00726533;0.04318558;0.01048353;0.00938313;0.00644417;0.00710261;0.04336110;0.00632349;0.01074560;0.00580050;0.00939432;0.03806787;0.00406708;0.00686426;0.00623094;0.01304057;0.04612084;0.00533300;0.00728191;0.00723648;0.00744704,25,0.5053876885397872,,1.0,6d86c6314c02f18a8cf7081a88fd4363f33ba10f01105b6ab3899af1278bf627,0.0,,1.0,1.0984656242330213,4.0,0.0,,,KDD123-v2,conceptual_adapter,train_only,1.0,not_applicable,model_free_policy,,soft_spibb,,,,,0.3412575333744037,,,,,,frozen_behavior_greedy_convex_mixture_native_categorical,,,2.0,0.0081731743166772,0.01,0.0,terminal_90d_only,3411,,validation_only,,0.0,sepsis,once_at_final_valid_transition,,0.6812236948548226,20000.0,,0.255919873714447,terminal90_normalized_discounted_TD_MSE,,
0.43339150;0.01211544;0.00955868;0.01139241;0.01338441;0.05548695;0.02356658;0.01908610;0.01140839;0.01438384;0.07138695;0.01014561;0.02023610;0.01136364;0.01691446;0.07087590;0.00846287;0.01414688;0.01255482;0.01911508;0.08419368;0.01000235;0.01738254;0.01465305;0.01479177,25,0.0962640903266301,,11.0,1d9a68e1569e0988df65bb14fe42a31f5d4114e01d3e5d11f3dd33f1d1052702,0.0,,0.0,1.5261428346027337,12.0,0.0,,,KDD123-v2,official_contract_adapter,train_only,1.0,not_applicable,model_free_policy,,decision_transformer_adapter,,,,,0.474122929133255,,,,,,native_return_conditioned_categorical_softmax,,,2.0,0.0180215424000531,0.01,0.0,terminal_90d_only,3411,,validation_only,,0.0,sepsis,once_at_final_valid_transition,,0.4333915009782796,145925.0,,1.5346391201019287,validation_cross_entropy,,
0.43378763;0.01207682;0.00740704;0.01168788;0.01406866;0.05339065;0.02771423;0.01831252;0.01147081;0.01497739;0.06897277;0.00986116;0.02100507;0.01232263;0.01726899;0.07898102;0.00677822;0.01648443;0.01263436;0.02142270;0.07523522;0.01035359;0.01379856;0.01435529;0.01563238,25,0.0397686394366167,,12.0,54090d0d64ee68f68ca16890acf99cdec07c795d0bb2bb2f4055b5c1c9320ce1,0.0,,0.0,1.5799992333840531,12.0,0.0,,,KDD123-v2,independent_reimplementation,train_only,1.0,not_applicable,model_free_policy,,behavior_cloning,,,,,0.4908543601394588,,,,,,native_supported_categorical_softmax,,,2.0,0.014185253436289,0.01,0.0,terminal_90d_only,3414,,validation_only,,0.0,sepsis,once_at_final_valid_transition,,0.433787632285679,20000.0,,1.6051604747772217,validation_cross_entropy,,
0.54390878;0.01300260;0.00020004;0.01620324;0.01020204;0.04220844;0.03060612;0.00680136;0.00940188;0.00220044;0.06081216;0.01100220;0.02060412;0.01400280;0.05661132;0.04040808;0.00100020;0.03660732;0.00240048;0.00380076;0.04460892;0.00760152;0.00080016;0.02040408;0.00460092,25,1.0738128601395662,,1.0,665dbd5baca3aa4d19624217f7347f7f12a46316e9a5e6c170e5dda9ea5158e0,0.0,,1.0,0.0,4.0,0.0,,,KDD123-v2,independent_reimplementation,train_only,1.0,not_applicable,model_free_policy,,discrete_bcq,,,,,0.0,,,,,,native_deterministic_one_hot_categorical_no_epsilon_smoothing,,,2.0,0.0012002400480096,0.01,0.0,terminal_90d_only,3414,,validation_only,,0.0,sepsis,once_at_final_valid_transition,,0.5439087817563513,20000.0,,0.1331026703119278,terminal90_normalized_discounted_TD_MSE,,
0.79715943;0.00000000;0.00000000;0.00000000;0.00000000;0.00000000;0.00000000;0.00000000;0.00000000;0.00000000;0.19683937;0.00000000;0.00000000;0.00000000;0.00000000;0.00300060;0.00000000;0.00000000;0.00000000;0.00000000;0.00300060;0.00000000;0.00000000;0.00000000;0.00000000,4,1.7960761785574526,,1.0,30881b6a07f4158a59f8efa2fde80af840c69aefa7264f0f19b1ae15c9210c35,0.0,,1.0,0.0,4.0,0.0,,,KDD123-v2,independent_reimplementation,train_only,1.0,not_applicable,model_free_policy,,discrete_cql,,,,,0.0,,,,,,native_deterministic_one_hot_categorical_no_epsilon_smoothing,,,2.0,0.0,0.01,0.0,terminal_90d_only,3414,,validation_only,,0.0,sepsis,once_at_final_valid_transition,,0.7971594318863773,20000.0,,0.2686216533184051,terminal90_normalized_discounted_TD_MSE,,
0.69198884;0.00603841;0.00370352;0.00584394;0.00703433;0.02709541;0.01385712;0.00915626;0.00573540;0.00748869;0.03618672;0.00493058;0.01050253;0.00616131;0.00863449;0.04019065;0.00338911;0.00824221;0.00631718;0.01071135;0.05872183;0.00517680;0.00689928;0.00717764;0.00881639,25,0.4904069453918131,,1.0,1681ffc0dd33488f7628642d195667352994157111bf74624cef92adcd9ce9bf,0.0,,1.0,1.0932668276529742,4.0,0.0,,,KDD123-v2,conceptual_adapter,train_only,1.0,not_applicable,model_free_policy,,soft_spibb,,,,,0.3396424364079776,,,,,,frozen_behavior_greedy_convex_mixture_native_categorical,,,2.0,0.0070926267088049,0.01,0.0,terminal_90d_only,3414,,validation_only,,0.0,sepsis,once_at_final_valid_transition,,0.6919888351114262,20000.0,,0.2505739331245422,terminal90_normalized_discounted_TD_MSE,,
0.44586164;0.01307034;0.00892589;0.01102397;0.01434317;0.05607108;0.02114512;0.01895109;0.01077751;0.01431213;0.07043424;0.01142833;0.01875994;0.01167020;0.01804979;0.07417280;0.00870359;0.01393202;0.01092458;0.02164726;0.07432627;0.01033902;0.01376896;0.01207259;0.01528845,25,0.0990239875611111,,12.0,9bddff960d3a87fb8341cdf8cdd15e1307fee2c498ed74e1d7a460ebe4a32457,0.0,,0.0,1.4848025523808648,12.0,0.0,,,KDD123-v2,official_contract_adapter,train_only,1.0,not_applicable,model_free_policy,,decision_transformer_adapter,,,,,0.4612798483587546,,,,,,native_return_conditioned_categorical_softmax,,,2.0,0.0176294740070345,0.01,0.0,terminal_90d_only,3414,,validation_only,,0.0,sepsis,once_at_final_valid_transition,,0.4458616446651752,145925.0,,1.5321719646453855,validation_cross_entropy,,
0.45746147;0.01350686;0.00865548;0.01363362;0.01377078;0.05242864;0.02335919;0.01885424;0.00925560;0.01613666;0.06011854;0.01088928;0.01893897;0.01258416;0.01579157;0.06514331;0.00893041;0.01636479;0.01169974;0.02189208;0.07545039;0.00918026;0.01602736;0.01461262;0.01531398,25,0.0398115505549079,,9.0,1f331e232acba020989d9e10ebc0107160d994b9a856e7cf18d4c9ff52c3cbff,0.0,,1.0,1.5476464072098604,12.0,0.0,,,KDD123-v2,independent_reimplementation,train_only,1.0,not_applicable,model_free_policy,,behavior_cloning,,,,,0.4808033895725785,,,,,,native_supported_categorical_softmax,,,2.0,0.0175858924705713,0.01,0.0,terminal_90d_only,3417,,validation_only,,0.0,sepsis,once_at_final_valid_transition,,0.4574614729931897,20000.0,,1.6001991033554075,validation_cross_entropy,,
0.55071014;0.02840568;0.02200440;0.01380276;0.00900180;0.01820364;0.00500100;0.01940388;0.01200240;0.04120824;0.01860372;0.00680136;0.00640128;0.00480096;0.00760152;0.08061612;0.00800160;0.00820164;0.00820164;0.01440288;0.06261252;0.01060212;0.01800360;0.01780356;0.00760152,25,1.0913988049683023,,2.0,d2cf6de23037aee22afe0665766592d71177eaed556e105028a1bad485b9046a,0.0,,1.0,0.0,5.0,0.0,,,KDD123-v2,independent_reimplementation,train_only,1.0,not_applicable,model_free_policy,,discrete_bcq,,,,,0.0,,,,,,native_deterministic_one_hot_categorical_no_epsilon_smoothing,,,2.0,0.03000600120024,0.01,0.0,terminal_90d_only,3417,,validation_only,,0.0,sepsis,once_at_final_valid_transition,,0.5507101420284057,20000.0,,0.1228221803903579,terminal90_normalized_discounted_TD_MSE,,
0.97319464;0.00000000;0.00000000;0.00000000;0.00000000;0.00200040;0.00000000;0.00000000;0.00000000;0.00000000;0.00640128;0.00000000;0.00000000;0.00000000;0.00000000;0.00800160;0.00000000;0.00000000;0.00000000;0.00960192;0.00040008;0.00000000;0.00000000;0.00000000;0.00040008,7,1.4783068078067376,,1.0,58271934a91a0a117639d47225e292ba50bc912a0ce2603af83e819bf64fee29,1.0,,1.0,0.0,4.0,0.0,,,KDD123-v2,independent_reimplementation,train_only,1.0,not_applicable,model_free_policy,,discrete_cql,,,,,0.0,,,,,,native_deterministic_one_hot_categorical_no_epsilon_smoothing,,,2.0,0.0,0.01,0.0,terminal_90d_only,3417,,validation_only,,0.0,sepsis,once_at_final_valid_transition,,0.9731946389277856,20000.0,,0.2678149044513702,terminal90_normalized_discounted_TD_MSE,,
0.71572814;0.00675343;0.00432774;0.00681681;0.00688539;0.02651438;0.01167959;0.00942712;0.00462780;0.00806833;0.03095945;0.00544464;0.00946949;0.00629208;0.00789579;0.04217358;0.00446521;0.00818239;0.00584987;0.01094604;0.03992564;0.00459013;0.00801368;0.00730631;0.00765699,25,0.4955668301029336,,1.0,d1a0cf3994aeef7734df5883a7f965338f9fcfd98f4bb006a55a8f22e85a8f5a,0.0,,1.0,1.0668114685093848,4.0,0.0,,,KDD123-v2,conceptual_adapter,train_only,1.0,not_applicable,model_free_policy,,soft_spibb,,,,,0.331423616986861,,,,,,frozen_behavior_greedy_convex_mixture_native_categorical,,,2.0,0.0087929462329578,0.01,0.0,terminal_90d_only,3417,,validation_only,,0.0,sepsis,once_at_final_valid_transition,,0.7157281356962896,20000.0,,0.2655494213104248,terminal90_normalized_discounted_TD_MSE,,
0.45236910;0.01402570;0.00921031;0.01310733;0.01610273;0.05745694;0.02314992;0.01914282;0.01111950;0.01438197;0.06969145;0.01089934;0.01791038;0.01102358;0.01814295;0.06273787;0.00891408;0.01455495;0.01228255;0.01888539;0.06723068;0.01116258;0.01783851;0.01442326;0.01423612,25,0.093380531636088,,12.0,8128752551b66cf53e8c0d58b5a1a5c3a7f75246eccfb5582432a5cd7dac5909,0.0,,0.0,1.50874487965332,12.0,0.0,,,KDD123-v2,official_contract_adapter,train_only,1.0,not_applicable,model_free_policy,,decision_transformer_adapter,,,,,0.4687179505332725,,,,,,native_return_conditioned_categorical_softmax,,,2.0,0.0181243878941116,0.01,0.0,terminal_90d_only,3417,,validation_only,,0.0,sepsis,once_at_final_valid_transition,,0.4523691043860539,145925.0,,1.5331755876541138,validation_cross_entropy,,
0.43159265;0.01128679;0.00917696;0.01219174;0.01222234;0.05799549;0.02146110;0.01817526;0.01013195;0.01568777;0.07064712;0.01253578;0.02115981;0.01355240;0.01635396;0.07260101;0.01018252;0.01543498;0.01185784;0.02111527;0.07751321;0.00951402;0.01459331;0.01403459;0.01898214,25,0.040143750162606,,12.0,7b454d75acbee54ea2c2735404c4466af6c2e31e2f714c3918f8d7e9b4ccb981,0.0,,0.0,1.5809671565199208,12.0,0.0,,,KDD123-v2,independent_reimplementation,train_only,1.0,not_applicable,model_free_policy,,behavior_cloning,,,,,0.4911550623686003,,,,,,native_supported_categorical_softmax,,,2.0,0.019359488891929,0.01,0.0,terminal_90d_only,3420,,validation_only,,0.0,sepsis,once_at_final_valid_transition,,0.4315926512311175,20000.0,,1.6056928634643557,validation_cross_entropy,,
0.48969794;0.01320264;0.00060012;0.01000200;0.01240248;0.01240248;0.00620124;0.01940388;0.01120224;0.01560312;0.09701940;0.00100020;0.02500500;0.02040408;0.00660132;0.06521304;0.01820364;0.01540308;0.00700140;0.01940388;0.07601520;0.00780156;0.01600320;0.00740148;0.02680536,25,1.1597315551852658,,1.0,12f5a68895aa91d012e63dda95db09ef86bcf406f150d818a758643e099fdd38,0.0,,1.0,0.0,4.0,0.0,,,KDD123-v2,independent_reimplementation,train_only,1.0,not_applicable,model_free_policy,,discrete_bcq,,,,,0.0,,,,,,native_deterministic_one_hot_categorical_no_epsilon_smoothing,,,2.0,0.0188037607521504,0.01,0.0,terminal_90d_only,3420,,validation_only,,0.0,sepsis,once_at_final_valid_transition,,0.4896979395879176,20000.0,,0.1330928653478622,terminal90_normalized_discounted_TD_MSE,,
0.83916783;0.00000000;0.00000000;0.00000000;0.00000000;0.00320064;0.00000000;0.00000000;0.00000000;0.00000000;0.08741748;0.00000000;0.00000000;0.00000000;0.00000000;0.02860572;0.00000000;0.00000000;0.00000000;0.02480496;0.01680336;0.00000000;0.00000000;0.00000000;0.00000000,6,1.57525760539462,,1.0,e79766c22ba1b415acb37f121ddeaecd97bc5f4668fb906fb9e3ae90b6b70fe8,0.0,,1.0,0.0,4.0,0.0,,,KDD123-v2,independent_reimplementation,train_only,1.0,not_applicable,model_free_policy,,discrete_cql,,,,,0.0,,,,,,native_deterministic_one_hot_categorical_no_epsilon_smoothing,,,2.0,0.0,0.01,0.0,terminal_90d_only,3420,,validation_only,,0.0,sepsis,once_at_final_valid_transition,,0.8391678335667133,20000.0,,0.2480573207139969,terminal90_normalized_discounted_TD_MSE,,
0.63598036;0.00564339;0.00458848;0.00609587;0.00611117;0.04880170;0.01073055;0.00908763;0.00506598;0.00794390;0.06262902;0.00626789;0.01057990;0.00677620;0.00817698;0.03890102;0.00509126;0.00771749;0.00592892;0.01055764;0.06856257;0.00475701;0.00729666;0.00701729;0.00969111,25,0.5552677445321627,,1.0,7f9e094c3f85eb850cd7c63dc7afa4e85beeac9f501f34e7dae995abca22d779,0.0,,1.0,1.10777025325435,4.0,0.0,,,KDD123-v2,conceptual_adapter,train_only,1.0,not_applicable,model_free_policy,,soft_spibb,,,,,0.3441481789064381,,,,,,frozen_behavior_greedy_convex_mixture_native_categorical,,,2.0,0.0096797444402831,0.01,0.0,terminal_90d_only,3420,,validation_only,,0.0,sepsis,once_at_final_valid_transition,,0.6359803623325299,20000.0,,0.2414906620979309,terminal90_normalized_discounted_TD_MSE,,
0.42501935;0.01178403;0.00831326;0.01405417;0.01586566;0.06503535;0.02166247;0.01796327;0.01032557;0.01298405;0.06893452;0.01027264;0.01844790;0.01299652;0.01462008;0.07693400;0.00793212;0.01184925;0.01223337;0.01972781;0.08709007;0.01096551;0.01569277;0.01473534;0.01456091,25,0.0988320977448714,,12.0,59634d09392d04f41032b31f017e02b81ea381bc4948401443896cad3a252f77,0.0,,0.0,1.543482578142839,12.0,0.0,,,KDD123-v2,official_contract_adapter,train_only,1.0,not_applicable,model_free_policy,,decision_transformer_adapter,,,,,0.4795098233421409,,,,,,native_return_conditioned_categorical_softmax,,,2.0,0.0162453817743004,0.01,0.0,terminal_90d_only,3420,,validation_only,,0.0,sepsis,once_at_final_valid_transition,,0.4250193458467526,145925.0,,1.5348628759384155,validation_cross_entropy,,
,25,,0.0,,,,nan,,,,,0.2841789096547399,0.1130141272043899,,,,,nan,known_value_policy_or_fixed_control,not_applicable,behavior,77.0,77.0,nan,not_applicable,,nan,nan,behavior,0.6088710915951675,control,,terminal_90d_only,77.0,,,,,,fixed,0.0,,0.0,,,,nan,0.5588716339498967,,nan,,,nan,0.0
,25,,0.0342140551654381,,,,nan,,,,,0.2499648544893017,0.1472281823698281,,,,,nan,known_value_policy_or_fixed_control,not_applicable,random,11.0,11.0,nan,not_applicable,,nan,nan,random,0.8788784283768941,control,,terminal_90d_only,11.0,,,,,,fixed,0.0,,0.0,,,,nan,0.3027815302845754,,nan,,,nan,0.0
,1,,-0.0246692256743978,,,,nan,,,,,0.3088481353291378,0.0883449015299921,,,,,nan,known_value_policy_or_fixed_control,not_applicable,minimum,102.0,102.0,nan,not_applicable,,nan,nan,minimum,-0.0,control,,terminal_90d_only,102.0,,,,,,fixed,0.0,,0.0,,,,nan,1.0,,nan,,,nan,0.0
,2,,-0.0193287680832864,,,,nan,,,,,0.3035076777380264,0.0936853591211035,,,,,nan,known_value_policy_or_fixed_control,not_applicable,maximum,97.0,97.0,nan,not_applicable,,nan,nan,maximum,0.1823414024339831,control,,terminal_90d_only,97.0,,,,,,fixed,0.0,,0.0,,,,nan,0.7262692392869007,,nan,,,nan,0.0
,5,,0.2697439522881881,,,,nan,,,,,0.0144349573665518,0.3827580794925781,,,,,nan,known_value_policy_or_fixed_control,not_applicable,severity_rule,2.0,2.0,nan,not_applicable,,nan,nan,severity_rule,0.4872195927731494,control,,terminal_90d_only,2.0,,,,,,fixed,0.0,,0.0,,,,nan,0.2737307607130994,,nan,,,nan,0.0
,7,,0.2841789096547399,,,,nan,,,,,0.0,0.3971930368591299,,,,,nan,known_value_policy_or_fixed_control,not_applicable,exact_dp_oracle,1.0,1.0,nan,not_applicable,,nan,nan,exact_dp_oracle,0.4877103180549391,control,,terminal_90d_only,1.0,,,,,,fixed,0.0,,0.0,,,,nan,0.469774249806223,,nan,,,nan,0.0
,25,,-0.0025005417551424,,,,nan,,,,,0.2866794514098824,0.1105135854492475,,,,,nan,known_value_policy_or_fixed_control,not_applicable,behavior_cloning__seed3408,86.0,79.0,0.0004633414441655672,not_applicable,,nan,nan,behavior_cloning__seed3408,0.5904823567871975,kdd123_v2_model_free,,terminal_90d_only,84.0,,,,,,3408,7.0,,0.0,,,,nan,0.5732870427346654,,nan,,,nan,0.0
,25,,-0.0061426987191196,,,,nan,,,,,0.2903216083738595,0.1068714284852703,,,,,nan,known_value_policy_or_fixed_control,not_applicable,discrete_bcq__seed3408,91.0,76.0,0.004434382304831661,not_applicable,,nan,nan,discrete_bcq__seed3408,0.4788592976192476,kdd123_v2_model_free,,terminal_90d_only,90.0,,,,,,3408,15.0,,0.0,,,,nan,0.6616773615061778,,nan,,,nan,0.0
,5,,-0.0244867155995243,,,,nan,,,,,0.3086656252542643,0.0885274116048656,,,,,nan,known_value_policy_or_fixed_control,not_applicable,discrete_cql__seed3408,103.0,98.0,0.002058575942983961,not_applicable,,nan,nan,discrete_cql__seed3408,0.1081573488646839,kdd123_v2_model_free,,terminal_90d_only,101.0,,,,,,3408,5.0,,0.0,,,,nan,0.9169031123231822,,nan,,,nan,0.0
,25,,-0.0135310468879085,,,,nan,,,,,0.2977099565426485,0.0994830803164814,,,,,nan,known_value_policy_or_fixed_control,not_applicable,soft_spibb__seed3408,96.0,92.0,0.0005545284802060357,not_applicable,,nan,nan,soft_spibb__seed3408,0.4099455393606467,kdd123_v2_model_free,,terminal_90d_only,92.0,,,,,,3408,4.0,,0.0,,,,nan,0.7218415340317307,,nan,,,nan,0.0
,25,,-0.0031620237500153,,,,nan,,,,,0.2873409334047553,0.1098521034543746,,,,,nan,known_value_policy_or_fixed_control,not_applicable,decision_transformer_adapter__seed3408,88.0,81.0,0.0006466469885408419,not_applicable,,nan,nan,decision_transformer_adapter__seed3408,0.575705916159069,kdd123_v2_model_free,,terminal_90d_only,87.0,,,,,,3408,7.0,,0.0,,,,nan,0.5888749258902412,,nan,,,nan,0.0
,25,,-0.0018047861641718,,,,nan,,,,,0.2859836958189118,0.1112093410402181,,,,,nan,known_value_policy_or_fixed_control,not_applicable,behavior_cloning__seed3411,86.0,79.0,0.0004633414441655672,not_applicable,,nan,nan,behavior_cloning__seed3411,0.5748302556091601,kdd123_v2_model_free,,terminal_90d_only,79.0,,,,,,3411,7.0,,0.0,,,,nan,0.5931655364882215,,nan,,,nan,0.0
,25,,-0.0001172775526787,,,,nan,,,,,0.2842961872074186,0.1128968496517112,,,,,nan,known_value_policy_or_fixed_control,not_applicable,discrete_bcq__seed3411,91.0,76.0,0.004434382304831661,not_applicable,,nan,nan,discrete_bcq__seed3411,0.4591746785515654,kdd123_v2_model_free,,terminal_90d_only,78.0,,,,,,3411,15.0,,0.0,,,,nan,0.6906220144826438,,nan,,,nan,0.0
,5,,-0.0258861603736682,,,,nan,,,,,0.3100650700284082,0.0871279668307217,,,,,nan,known_value_policy_or_fixed_control,not_applicable,discrete_cql__seed3411,103.0,98.0,0.002058575942983961,not_applicable,,nan,nan,discrete_cql__seed3411,0.0362460985674032,kdd123_v2_model_free,,terminal_90d_only,103.0,,,,,,3411,5.0,,0.0,,,,nan,0.977455882612628,,nan,,,nan,0.0
,25,,-0.0138423881276194,,,,nan,,,,,0.2980212977823593,0.0991717390767705,,,,,nan,known_value_policy_or_fixed_control,not_applicable,soft_spibb__seed3411,96.0,92.0,0.0005545284802060357,not_applicable,,nan,nan,soft_spibb__seed3411,0.370149703852753,kdd123_v2_model_free,,terminal_90d_only,93.0,,,,,,3411,4.0,,0.0,,,,nan,0.767611208128826,,nan,,,nan,0.0
,25,,-0.0023273638569986,,,,nan,,,,,0.2865062735117386,0.1106867633473913,,,,,nan,known_value_policy_or_fixed_control,not_applicable,decision_transformer_adapter__seed3411,88.0,81.0,0.0006466469885408419,not_applicable,,nan,nan,decision_transformer_adapter__seed3411,0.5772938790279658,kdd123_v2_model_free,,terminal_90d_only,83.0,,,,,,3411,7.0,,0.0,,,,nan,0.586695288063938,,nan,,,nan,0.0
,25,,-0.0021400707954282,,,,nan,,,,,0.2863189804501681,0.1108740564089617,,,,,nan,known_value_policy_or_fixed_control,not_applicable,behavior_cloning__seed3414,86.0,79.0,0.0004633414441655672,not_applicable,,nan,nan,behavior_cloning__seed3414,0.5762970190950084,kdd123_v2_model_free,,terminal_90d_only,82.0,,,,,,3414,7.0,,0.0,,,,nan,0.5886416575820628,,nan,,,nan,0.0
,25,,0.0003577875435199,,,,nan,,,,,0.28382112211122,0.1133719147479098,,,,,nan,known_value_policy_or_fixed_control,not_applicable,discrete_bcq__seed3414,91.0,76.0,0.004434382304831661,not_applicable,,nan,nan,discrete_bcq__seed3414,0.4800880097017754,kdd123_v2_model_free,,terminal_90d_only,76.0,,,,,,3414,15.0,,0.0,,,,nan,0.6651923276302713,,nan,,,nan,0.0
,4,,-0.0208200575220294,,,,nan,,,,,0.3049989671767694,0.0921940696823605,,,,,nan,known_value_policy_or_fixed_control,not_applicable,discrete_cql__seed3414,103.0,98.0,0.002058575942983961,not_applicable,,nan,nan,discrete_cql__seed3414,0.1412875158867984,kdd123_v2_model_free,,terminal_90d_only,98.0,,,,,,3414,5.0,,0.0,,,,nan,0.842787472063479,,nan,,,nan,0.0
,25,,-0.0148830091117342,,,,nan,,,,,0.2990619187664741,0.0981311180926557,,,,,nan,known_value_policy_or_fixed_control,not_applicable,soft_spibb__seed3414,96.0,92.0,0.0005545284802060357,not_applicable,,nan,nan,soft_spibb__seed3414,0.3592854041525209,kdd123_v2_model_free,,terminal_90d_only,96.0,,,,,,3414,4.0,,0.0,,,,nan,0.7758022717964246,,nan,,,nan,0.0
,25,,-0.0026192461331175,,,,nan,,,,,0.2867981557878575,0.1103948810712724,,,,,nan,known_value_policy_or_fixed_control,not_applicable,decision_transformer_adapter__seed3414,88.0,81.0,0.0006466469885408419,not_applicable,,nan,nan,decision_transformer_adapter__seed3414,0.5694094487412282,kdd123_v2_model_free,,terminal_90d_only,85.0,,,,,,3414,7.0,,0.0,,,,nan,0.5947934651013228,,nan,,,nan,0.0
,25,,-0.0029794367360349,,,,nan,,,,,0.2871583463907748,0.110034690468355,,,,,nan,known_value_policy_or_fixed_control,not_applicable,behavior_cloning__seed3417,86.0,79.0,0.0004633414441655672,not_applicable,,nan,nan,behavior_cloning__seed3417,0.5639248949760607,kdd123_v2_model_free,,terminal_90d_only,86.0,,,,,,3417,7.0,,0.0,,,,nan,0.6056473947903315,,nan,,,nan,0.0
,25,,-0.0103160212935475,,,,nan,,,,,0.2944949309482875,0.1026981059108424,,,,,nan,known_value_policy_or_fixed_control,not_applicable,discrete_bcq__seed3417,91.0,76.0,0.004434382304831661,not_applicable,,nan,nan,discrete_bcq__seed3417,0.4852805105057706,kdd123_v2_model_free,,terminal_90d_only,91.0,,,,,,3417,15.0,,0.0,,,,nan,0.6697497604115374,,nan,,,nan,0.0
,7,,-0.023844916198312,,,,nan,,,,,0.308023825853052,0.0891692110060779,,,,,nan,known_value_policy_or_fixed_control,not_applicable,discrete_cql__seed3417,103.0,98.0,0.002058575942983961,not_applicable,,nan,nan,discrete_cql__seed3417,0.0412080924399918,kdd123_v2_model_free,,terminal_90d_only,100.0,,,,,,3417,5.0,,0.0,,,,nan,0.9786261458100344,,nan,,,nan,0.0
,25,,-0.0146337433383124,,,,nan,,,,,0.2988126529930524,0.0983803838660775,,,,,nan,known_value_policy_or_fixed_control,not_applicable,soft_spibb__seed3417,96.0,92.0,0.0005545284802060357,not_applicable,,nan,nan,soft_spibb__seed3417,0.3412173031455787,kdd123_v2_model_free,,terminal_90d_only,95.0,,,,,,3417,4.0,,0.0,,,,nan,0.7940670342352906,,nan,,,nan,0.0
,25,,-0.0020322920642954,,,,nan,,,,,0.2862112017190353,0.1109818351400945,,,,,nan,known_value_policy_or_fixed_control,not_applicable,decision_transformer_adapter__seed3417,88.0,81.0,0.0006466469885408419,not_applicable,,nan,nan,decision_transformer_adapter__seed3417,0.5699747264335159,kdd123_v2_model_free,,terminal_90d_only,81.0,,,,,,3417,7.0,,0.0,,,,nan,0.5999694209167875,,nan,,,nan,0.0
,25,,-0.0020049369719042,,,,nan,,,,,0.2861838466266442,0.1110091902324856,,,,,nan,known_value_policy_or_fixed_control,not_applicable,behavior_cloning__seed3420,86.0,79.0,0.0004633414441655672,not_applicable,,nan,nan,behavior_cloning__seed3420,0.5787701127042673,kdd123_v2_model_free,,terminal_90d_only,80.0,,,,,,3420,7.0,,0.0,,,,nan,0.5870274961384937,,nan,,,nan,0.0
,25,,-0.0036708844422647,,,,nan,,,,,0.2878497940970047,0.1093432427621252,,,,,nan,known_value_policy_or_fixed_control,not_applicable,discrete_bcq__seed3420,91.0,76.0,0.004434382304831661,not_applicable,,nan,nan,discrete_bcq__seed3420,0.5206844420698383,kdd123_v2_model_free,,terminal_90d_only,89.0,,,,,,3420,15.0,,0.0,,,,nan,0.6255087355087781,,nan,,,nan,0.0
,6,,-0.0217433415265797,,,,nan,,,,,0.3059222511813197,0.0912707856778102,,,,,nan,known_value_policy_or_fixed_control,not_applicable,discrete_cql__seed3420,103.0,98.0,0.002058575942983961,not_applicable,,nan,nan,discrete_cql__seed3420,0.1633313480328183,kdd123_v2_model_free,,terminal_90d_only,99.0,,,,,,3420,5.0,,0.0,,,,nan,0.8777551467364545,,nan,,,nan,0.0
,25,,-0.0141722783562655,,,,nan,,,,,0.2983511880110054,0.0988418488481244,,,,,nan,known_value_policy_or_fixed_control,not_applicable,soft_spibb__seed3420,96.0,92.0,0.0005545284802060357,not_applicable,,nan,nan,soft_spibb__seed3420,0.3982292226189986,kdd123_v2_model_free,,terminal_90d_only,94.0,,,,,,3420,4.0,,0.0,,,,nan,0.7356459112642582,,nan,,,nan,0.0
,25,,-0.0036400647501301,,,,nan,,,,,0.2878189744048701,0.1093740624542598,,,,,nan,known_value_policy_or_fixed_control,not_applicable,decision_transformer_adapter__seed3420,88.0,81.0,0.0006466469885408419,not_applicable,,nan,nan,decision_transformer_adapter__seed3420,0.5798462977081207,kdd123_v2_model_free,,terminal_90d_only,88.0,,,,,,3420,7.0,,0.0,,,,nan,0.580108794004295,,nan,,,nan,0.0
,25,,0.0,,,,nan,,,,,0.6758373019115262,-0.2420539009535969,,,,,nan,known_value_policy_or_fixed_control,not_applicable,behavior,67.0,67.0,nan,not_applicable,,nan,nan,behavior,0.6088710915951675,control,,terminal_90d_plus_lactate,67.0,,,,,,fixed,0.0,,0.0,,,,nan,0.5588716339498967,,nan,,,nan,0.0
,25,,0.0119722913063865,,,,nan,,,,,0.6638650106051398,-0.2300816096472104,,,,,nan,known_value_policy_or_fixed_control,not_applicable,random,49.0,49.0,nan,not_applicable,,nan,nan,random,0.8788784283768941,control,,terminal_90d_plus_lactate,49.0,,,,,,fixed,0.0,,0.0,,,,nan,0.3027815302845754,,nan,,,nan,0.0
,1,,0.0237421803027554,,,,nan,,,,,0.6520951216087709,-0.2183117206508415,,,,,nan,known_value_policy_or_fixed_control,not_applicable,minimum,14.0,14.0,nan,not_applicable,,nan,nan,minimum,-0.0,control,,terminal_90d_plus_lactate,14.0,,,,,,fixed,0.0,,0.0,,,,nan,1.0,,nan,,,nan,0.0
,2,,-0.262029370871461,,,,nan,,,,,0.9378666727829872,-0.504083271825058,,,,,nan,known_value_policy_or_fixed_control,not_applicable,maximum,103.0,103.0,nan,not_applicable,,nan,nan,maximum,0.1823414024339831,control,,terminal_90d_plus_lactate,103.0,,,,,,fixed,0.0,,0.0,,,,nan,0.7262692392869007,,nan,,,nan,0.0
,5,,0.5951168966268029,,,,nan,,,,,0.0807204052847233,0.353062995673206,,,,,nan,known_value_policy_or_fixed_control,not_applicable,severity_rule,2.0,2.0,nan,not_applicable,,nan,nan,severity_rule,0.4872195927731494,control,,terminal_90d_plus_lactate,2.0,,,,,,fixed,0.0,,0.0,,,,nan,0.2737307607130994,,nan,,,nan,0.0
,8,,0.6758373019115262,,,,nan,,,,,0.0,0.4337834009579293,,,,,nan,known_value_policy_or_fixed_control,not_applicable,exact_dp_oracle,1.0,1.0,nan,not_applicable,,nan,nan,exact_dp_oracle,0.5074080343793941,control,,terminal_90d_plus_lactate,1.0,,,,,,fixed,0.0,,0.0,,,,nan,0.4775409879363936,,nan,,,nan,0.0
,25,,-0.00535057968101,,,,nan,,,,,0.6811878815925363,-0.247404480634607,,,,,nan,known_value_policy_or_fixed_control,not_applicable,behavior_cloning__seed3408,77.0,65.0,0.002484365444831532,not_applicable,,nan,nan,behavior_cloning__seed3408,0.5904823567871975,kdd123_v2_model_free,,terminal_90d_plus_lactate,77.0,,,,,,3408,12.0,,0.0,,,,nan,0.5732870427346654,,nan,,,nan,0.0
,25,,8.191414290634191e-05,,,,nan,,,,,0.67575538776862,-0.2419719868106906,,,,,nan,known_value_policy_or_fixed_control,not_applicable,discrete_bcq__seed3408,79.0,29.0,0.013389157278212646,not_applicable,,nan,nan,discrete_bcq__seed3408,0.4788592976192476,kdd123_v2_model_free,,terminal_90d_plus_lactate,66.0,,,,,,3408,50.0,,0.0,,,,nan,0.6616773615061778,,nan,,,nan,0.0
,5,,0.0127236549987418,,,,nan,,,,,0.6631136469127845,-0.2293302459548551,,,,,nan,known_value_policy_or_fixed_control,not_applicable,discrete_cql__seed3408,55.0,34.0,0.004030340330843187,not_applicable,,nan,nan,discrete_cql__seed3408,0.1081573488646839,kdd123_v2_model_free,,terminal_90d_plus_lactate,46.0,,,,,,3408,21.0,,0.0,,,,nan,0.9169031123231822,,nan,,,nan,0.0
,25,,0.0017842653228003,,,,nan,,,,,0.674053036588726,-0.2402696356307966,,,,,nan,known_value_policy_or_fixed_control,not_applicable,soft_spibb__seed3408,64.0,58.0,0.002929742972644905,not_applicable,,nan,nan,soft_spibb__seed3408,0.4099455393606467,kdd123_v2_model_free,,terminal_90d_plus_lactate,63.0,,,,,,3408,6.0,,0.0,,,,nan,0.7218415340317307,,nan,,,nan,0.0
,25,,-0.0053153994007984,,,,nan,,,,,0.6811527013123247,-0.2473693003543954,,,,,nan,known_value_policy_or_fixed_control,not_applicable,decision_transformer_adapter__seed3408,76.0,62.0,0.003133144825137051,not_applicable,,nan,nan,decision_transformer_adapter__seed3408,0.575705916159069,kdd123_v2_model_free,,terminal_90d_plus_lactate,76.0,,,,,,3408,14.0,,0.0,,,,nan,0.5888749258902412,,nan,,,nan,0.0
,25,,0.0015145461891928,,,,nan,,,,,0.6743227557223335,-0.240539354764404,,,,,nan,known_value_policy_or_fixed_control,not_applicable,behavior_cloning__seed3411,77.0,65.0,0.002484365444831532,not_applicable,,nan,nan,behavior_cloning__seed3411,0.5748302556091601,kdd123_v2_model_free,,terminal_90d_plus_lactate,65.0,,,,,,3411,12.0,,0.0,,,,nan,0.5931655364882215,,nan,,,nan,0.0
,25,,0.0221234304662109,,,,nan,,,,,0.6537138714453152,-0.2199304704873859,,,,,nan,known_value_policy_or_fixed_control,not_applicable,discrete_bcq__seed3411,79.0,29.0,0.013389157278212646,not_applicable,,nan,nan,discrete_bcq__seed3411,0.4591746785515654,kdd123_v2_model_free,,terminal_90d_plus_lactate,29.0,,,,,,3411,50.0,,0.0,,,,nan,0.6906220144826438,,nan,,,nan,0.0
,5,,0.0162907895271102,,,,nan,,,,,0.6595465123844161,-0.2257631114264867,,,,,nan,known_value_policy_or_fixed_control,not_applicable,discrete_cql__seed3411,55.0,34.0,0.004030340330843187,not_applicable,,nan,nan,discrete_cql__seed3411,0.0362460985674032,kdd123_v2_model_free,,terminal_90d_plus_lactate,40.0,,,,,,3411,21.0,,0.0,,,,nan,0.977455882612628,,nan,,,nan,0.0
,25,,0.0070075076780031,,,,nan,,,,,0.6688297942335232,-0.2350463932755938,,,,,nan,known_value_policy_or_fixed_control,not_applicable,soft_spibb__seed3411,64.0,58.0,0.002929742972644905,not_applicable,,nan,nan,soft_spibb__seed3411,0.370149703852753,kdd123_v2_model_free,,terminal_90d_plus_lactate,59.0,,,,,,3411,6.0,,0.0,,,,nan,0.767611208128826,,nan,,,nan,0.0
,25,,-0.0014532089950554,,,,nan,,,,,0.6772905109065818,-0.2435071099486524,,,,,nan,known_value_policy_or_fixed_control,not_applicable,decision_transformer_adapter__seed3411,76.0,62.0,0.003133144825137051,not_applicable,,nan,nan,decision_transformer_adapter__seed3411,0.5772938790279658,kdd123_v2_model_free,,terminal_90d_plus_lactate,72.0,,,,,,3411,14.0,,0.0,,,,nan,0.586695288063938,,nan,,,nan,0.0
,25,,-0.0009940028965349,,,,nan,,,,,0.6768313048080612,-0.2430479038501319,,,,,nan,known_value_policy_or_fixed_control,not_applicable,behavior_cloning__seed3414,77.0,65.0,0.002484365444831532,not_applicable,,nan,nan,behavior_cloning__seed3414,0.5762970190950084,kdd123_v2_model_free,,terminal_90d_plus_lactate,70.0,,,,,,3414,12.0,,0.0,,,,nan,0.5886416575820628,,nan,,,nan,0.0
,25,,0.0188373962672351,,,,nan,,,,,0.6569999056442911,-0.2232165046863617,,,,,nan,known_value_policy_or_fixed_control,not_applicable,discrete_bcq__seed3414,79.0,29.0,0.013389157278212646,not_applicable,,nan,nan,discrete_bcq__seed3414,0.4800880097017754,kdd123_v2_model_free,,terminal_90d_plus_lactate,35.0,,,,,,3414,50.0,,0.0,,,,nan,0.6651923276302713,,nan,,,nan,0.0
,4,,0.0176237912709747,,,,nan,,,,,0.6582135106405514,-0.2244301096826221,,,,,nan,known_value_policy_or_fixed_control,not_applicable,discrete_cql__seed3414,55.0,34.0,0.004030340330843187,not_applicable,,nan,nan,discrete_cql__seed3414,0.1412875158867984,kdd123_v2_model_free,,terminal_90d_plus_lactate,38.0,,,,,,3414,21.0,,0.0,,,,nan,0.842787472063479,,nan,,,nan,0.0
,25,,0.0037446749984563,,,,nan,,,,,0.6720926269130699,-0.2383092259551406,,,,,nan,known_value_policy_or_fixed_control,not_applicable,soft_spibb__seed3414,64.0,58.0,0.002929742972644905,not_applicable,,nan,nan,soft_spibb__seed3414,0.3592854041525209,kdd123_v2_model_free,,terminal_90d_plus_lactate,61.0,,,,,,3414,6.0,,0.0,,,,nan,0.7758022717964246,,nan,,,nan,0.0
,25,,-4.826933096083175e-05,,,,nan,,,,,0.6758855712424872,-0.2421021702845577,,,,,nan,known_value_policy_or_fixed_control,not_applicable,decision_transformer_adapter__seed3414,76.0,62.0,0.003133144825137051,not_applicable,,nan,nan,decision_transformer_adapter__seed3414,0.5694094487412282,kdd123_v2_model_free,,terminal_90d_plus_lactate,68.0,,,,,,3414,14.0,,0.0,,,,nan,0.5947934651013228,,nan,,,nan,0.0
,25,,-0.0007647562799076,,,,nan,,,,,0.6766020581914339,-0.2428186572335046,,,,,nan,known_value_policy_or_fixed_control,not_applicable,behavior_cloning__seed3417,77.0,65.0,0.002484365444831532,not_applicable,,nan,nan,behavior_cloning__seed3417,0.5639248949760607,kdd123_v2_model_free,,terminal_90d_plus_lactate,69.0,,,,,,3417,12.0,,0.0,,,,nan,0.6056473947903315,,nan,,,nan,0.0
,25,,-0.0079345689606212,,,,nan,,,,,0.6837718708721475,-0.2499884699142182,,,,,nan,known_value_policy_or_fixed_control,not_applicable,discrete_bcq__seed3417,79.0,29.0,0.013389157278212646,not_applicable,,nan,nan,discrete_bcq__seed3417,0.4852805105057706,kdd123_v2_model_free,,terminal_90d_plus_lactate,79.0,,,,,,3417,50.0,,0.0,,,,nan,0.6697497604115374,,nan,,,nan,0.0
,7,,0.0210036753520995,,,,nan,,,,,0.6548336265594268,-0.2210502256014974,,,,,nan,known_value_policy_or_fixed_control,not_applicable,discrete_cql__seed3417,55.0,34.0,0.004030340330843187,not_applicable,,nan,nan,discrete_cql__seed3417,0.0412080924399918,kdd123_v2_model_free,,terminal_90d_plus_lactate,34.0,,,,,,3417,21.0,,0.0,,,,nan,0.9786261458100344,,nan,,,nan,0.0
,25,,0.0078662002000005,,,,nan,,,,,0.6679711017115257,-0.2341877007535963,,,,,nan,known_value_policy_or_fixed_control,not_applicable,soft_spibb__seed3417,64.0,58.0,0.002929742972644905,not_applicable,,nan,nan,soft_spibb__seed3417,0.3412173031455787,kdd123_v2_model_free,,terminal_90d_plus_lactate,58.0,,,,,,3417,6.0,,0.0,,,,nan,0.7940670342352906,,nan,,,nan,0.0
,25,,0.0021550568933224,,,,nan,,,,,0.6736822450182038,-0.2398988440602744,,,,,nan,known_value_policy_or_fixed_control,not_applicable,decision_transformer_adapter__seed3417,76.0,62.0,0.003133144825137051,not_applicable,,nan,nan,decision_transformer_adapter__seed3417,0.5699747264335159,kdd123_v2_model_free,,terminal_90d_plus_lactate,62.0,,,,,,3417,14.0,,0.0,,,,nan,0.5999694209167875,,nan,,,nan,0.0
,25,,-0.0012475943282617,,,,nan,,,,,0.6770848962397881,-0.2433014952818587,,,,,nan,known_value_policy_or_fixed_control,not_applicable,behavior_cloning__seed3420,77.0,65.0,0.002484365444831532,not_applicable,,nan,nan,behavior_cloning__seed3420,0.5787701127042673,kdd123_v2_model_free,,terminal_90d_plus_lactate,71.0,,,,,,3420,12.0,,0.0,,,,nan,0.5870274961384937,,nan,,,nan,0.0
,25,,-0.0019612505888133,,,,nan,,,,,0.6777985525003396,-0.2440151515424102,,,,,nan,known_value_policy_or_fixed_control,not_applicable,discrete_bcq__seed3420,79.0,29.0,0.013389157278212646,not_applicable,,nan,nan,discrete_bcq__seed3420,0.5206844420698383,kdd123_v2_model_free,,terminal_90d_plus_lactate,74.0,,,,,,3420,50.0,,0.0,,,,nan,0.6255087355087781,,nan,,,nan,0.0
,6,,0.0108074056411107,,,,nan,,,,,0.6650298962704155,-0.2312464953124861,,,,,nan,known_value_policy_or_fixed_control,not_applicable,discrete_cql__seed3420,55.0,34.0,0.004030340330843187,not_applicable,,nan,nan,discrete_cql__seed3420,0.1633313480328183,kdd123_v2_model_free,,terminal_90d_plus_lactate,55.0,,,,,,3420,21.0,,0.0,,,,nan,0.8777551467364545,,nan,,,nan,0.0
,25,,0.0015278260091516,,,,nan,,,,,0.6743094759023747,-0.2405260749444452,,,,,nan,known_value_policy_or_fixed_control,not_applicable,soft_spibb__seed3420,64.0,58.0,0.002929742972644905,not_applicable,,nan,nan,soft_spibb__seed3420,0.3982292226189986,kdd123_v2_model_free,,terminal_90d_plus_lactate,64.0,,,,,,3420,6.0,,0.0,,,,nan,0.7356459112642582,,nan,,,nan,0.0
,25,,-0.0046453334456359,,,,nan,,,,,0.6804826353571622,-0.2466992343992329,,,,,nan,known_value_policy_or_fixed_control,not_applicable,decision_transformer_adapter__seed3420,76.0,62.0,0.003133144825137051,not_applicable,,nan,nan,decision_transformer_adapter__seed3420,0.5798462977081207,kdd123_v2_model_free,,terminal_90d_plus_lactate,75.0,,,,,,3420,14.0,,0.0,,,,nan,0.580108794004295,,nan,,,nan,0.0
,14,,0.0266605095037457,,,,grud_world_model,,,,,0.2575184001509942,0.1396746367081357,,,,,one_step_exhaustive_supported_action_search,component_model_planner,5.767839847555125,grud_world_model_H1_support_only,32.0,32.0,0.0,5.62816521084699,,one_step_exhaustive_supported_action_search,H1,,0.7064944494589371,,,terminal_90d_only,32.0,,,,,,3408,0.0,,0.0,,,,1.0,0.3194903987378758,,KDD123_v2_expected_terminal_value_1_minus_2_p_death,,,support_only,0.0
,12,,0.0366050096107019,,,,grud_world_model,,,,,0.247573900044038,0.1496191368150919,,,,,one_step_exhaustive_supported_action_search,component_model_planner,5.767839847555125,grud_world_model_H1_support_plus_uncertainty,68.0,7.0,0.0102627506650935,5.618220710740033,,one_step_exhaustive_supported_action_search,H1,,0.643124055114083,,,terminal_90d_only,7.0,,,,,,3408,61.0,,0.0,,,,1.0,0.3196997118363379,,KDD123_v2_expected_terminal_value_1_minus_2_p_death,,,support_plus_uncertainty,0.0
,19,,0.0236702853052869,,,,grud_world_model,,,,,0.260508624349453,0.1366844125096769,,,,,4_step_categorical_CEM_receding_horizon_first_action,component_model_planner,5.428271446595674,grud_world_model_H4_support_only,58.0,15.0,0.0031257459275126,5.291587034085997,,4_step_categorical_CEM_receding_horizon_first_action,H4,,0.745931320184126,,,terminal_90d_only,58.0,,,,,,3408,43.0,,0.0,,,,1.0,0.3184226750486844,,KDD123_v2_expected_terminal_value_1_minus_2_p_death,,,support_only,0.0
,18,,0.0193879190661073,,,,grud_world_model,,,,,0.2647909905886326,0.1324020462704973,,,,,4_step_categorical_CEM_receding_horizon_first_action,component_model_planner,5.427828623372328,grud_world_model_H4_support_plus_uncertainty,65.0,46.0,0.0041012759412117,5.29542657710183,,4_step_categorical_CEM_receding_horizon_first_action,H4,,0.7396710810626124,,,terminal_90d_only,64.0,,,,,,3408,19.0,,0.0,,,,1.0,0.3125957645063302,,KDD123_v2_expected_terminal_value_1_minus_2_p_death,,,support_plus_uncertainty,0.0
,21,,0.0273638907940378,,,,grud_world_model,,,,,0.2568150188607021,0.1403780179984278,,,,,8_step_categorical_CEM_receding_horizon_first_action,component_model_planner,4.934702566803608,grud_world_model_H8_support_only,71.0,19.0,0.0101805108862381,4.79432454880518,,8_step_categorical_CEM_receding_horizon_first_action,H8,,0.7772265771199537,,,terminal_90d_only,29.0,,,,,,3408,52.0,,0.0,,,,1.0,0.3347581579897218,,KDD123_v2_expected_terminal_value_1_minus_2_p_death,,,support_only,0.0
,22,,0.0303366105368245,,,,grud_world_model,,,,,0.2538422991179154,0.1433507377412145,,,,,8_step_categorical_CEM_receding_horizon_first_action,component_model_planner,4.897347169545805,grud_world_model_H8_support_plus_uncertainty,75.0,13.0,0.0112992413350291,4.75399643180459,,8_step_categorical_CEM_receding_horizon_first_action,H8,,0.7830294627300153,,,terminal_90d_only,13.0,,,,,,3408,62.0,,0.0,,,,1.0,0.3338047209559042,,KDD123_v2_expected_terminal_value_1_minus_2_p_death,,,support_plus_uncertainty,0.0
,14,,0.0266605095037457,,,,transformer_world_model,,,,,0.2575184001509942,0.1396746367081357,,,,,one_step_exhaustive_supported_action_search,component_model_planner,5.767839847555125,transformer_world_model_H1_support_only,32.0,32.0,0.0,5.62816521084699,,one_step_exhaustive_supported_action_search,H1,,0.7064944494589371,,,terminal_90d_only,32.0,,,,,,3408,0.0,,0.0,,,,1.0,0.3194903987378758,,KDD123_v2_expected_terminal_value_1_minus_2_p_death,,,support_only,0.0
,13,,0.0455575712179686,,,,transformer_world_model,,,,,0.2386213384367713,0.1585716984223586,,,,,one_step_exhaustive_supported_action_search,component_model_planner,5.767839847555125,transformer_world_model_H1_support_plus_uncertainty,32.0,6.0,0.0094528689043794,5.609268149132767,,one_step_exhaustive_supported_action_search,H1,,0.6801683130791611,,,terminal_90d_only,6.0,,,,,,3408,26.0,,0.0,,,,1.0,0.3197191748677333,,KDD123_v2_expected_terminal_value_1_minus_2_p_death,,,support_plus_uncertainty,0.0
,19,,0.0261282450740526,,,,transformer_world_model,,,,,0.2580506645806872,0.1391423722784426,,,,,4_step_categorical_CEM_receding_horizon_first_action,component_model_planner,5.446520602876627,transformer_world_model_H4_support_only,51.0,15.0,0.0022886826063363,5.307378230598185,,4_step_categorical_CEM_receding_horizon_first_action,H4,,0.7456987233804974,,,terminal_90d_only,49.0,,,,,,3408,36.0,,0.0,,,,1.0,0.3184251869984573,,KDD123_v2_expected_terminal_value_1_minus_2_p_death,,,support_only,0.0
,18,,0.0262381794781712,,,,transformer_world_model,,,,,0.2579407301765687,0.1392523066825612,,,,,4_step_categorical_CEM_receding_horizon_first_action,component_model_planner,5.4804704401918585,transformer_world_model_H4_support_plus_uncertainty,62.0,47.0,0.0025700463087686,5.341218133509297,,4_step_categorical_CEM_receding_horizon_first_action,H4,,0.7466776051463261,,,terminal_90d_only,47.0,,,,,,3408,15.0,,0.0,,,,1.0,0.3133287135901288,,KDD123_v2_expected_terminal_value_1_minus_2_p_death,,,support_plus_uncertainty,0.0
,21,,0.0299517556897138,,,,transformer_world_model,,,,,0.2542271539650261,0.1429658828941038,,,,,8_step_categorical_CEM_receding_horizon_first_action,component_model_planner,4.959654202673306,transformer_world_model_H8_support_only,71.0,14.0,0.0108622984038101,4.816688319779202,,8_step_categorical_CEM_receding_horizon_first_action,H8,,0.7698024452366369,,,terminal_90d_only,14.0,,,,,,3408,57.0,,0.0,,,,1.0,0.3347581160364837,,KDD123_v2_expected_terminal_value_1_minus_2_p_death,,,support_only,0.0
,21,,0.0291998192874293,,,,transformer_world_model,,,,,0.2549790903673106,0.1422139464918193,,,,,8_step_categorical_CEM_receding_horizon_first_action,component_model_planner,4.932840054859824,transformer_world_model_H8_support_plus_uncertainty,70.0,24.0,0.0077180190347137,4.790626108368005,,8_step_categorical_CEM_receding_horizon_first_action,H8,,0.7748682362438697,,,terminal_90d_only,24.0,,,,,,3408,46.0,,0.0,,,,1.0,0.3269041347012641,,KDD123_v2_expected_terminal_value_1_minus_2_p_death,,,support_plus_uncertainty,0.0
,14,,0.0266605095037457,,,,dreamer_v3_categorical_rssm,,,,,0.2575184001509942,0.1396746367081357,,,,,one_step_exhaustive_supported_action_search,component_model_planner,5.767839847555125,dreamer_v3_categorical_rssm_H1_support_only,32.0,32.0,0.0,5.62816521084699,,one_step_exhaustive_supported_action_search,H1,,0.7064944494589371,,,terminal_90d_only,32.0,,,,,,3408,0.0,,0.0,,,,1.0,0.3194903987378758,,KDD123_v2_expected_terminal_value_1_minus_2_p_death,,,support_only,0.0
,14,,0.016082764642154,,,,dreamer_v3_categorical_rssm,,,,,0.2680961450125859,0.129096891846544,,,,,one_step_exhaustive_supported_action_search,component_model_planner,5.767839847555125,dreamer_v3_categorical_rssm_H1_support_plus_uncertainty,68.0,7.0,0.0118485236569665,5.638742955708581,,one_step_exhaustive_supported_action_search,H1,,0.7094279017219706,,,terminal_90d_only,68.0,,,,,,3408,61.0,,0.0,,,,1.0,0.3194876120960722,,KDD123_v2_expected_terminal_value_1_minus_2_p_death,,,support_plus_uncertainty,0.0
,19,,0.0236702853052869,,,,dreamer_v3_categorical_rssm,,,,,0.260508624349453,0.1366844125096769,,,,,4_step_categorical_CEM_receding_horizon_first_action,component_model_planner,5.428271446595674,dreamer_v3_categorical_rssm_H4_support_only,58.0,15.0,0.0031257459275126,5.291587034085997,,4_step_categorical_CEM_receding_horizon_first_action,H4,,0.745931320184126,,,terminal_90d_only,58.0,,,,,,3408,43.0,,0.0,,,,1.0,0.3184226750486844,,KDD123_v2_expected_terminal_value_1_minus_2_p_death,,,support_only,0.0
,18,,0.024553833345402,,,,dreamer_v3_categorical_rssm,,,,,0.2596250763093378,0.137567960549792,,,,,4_step_categorical_CEM_receding_horizon_first_action,component_model_planner,5.452722412329628,dreamer_v3_categorical_rssm_H4_support_plus_uncertainty,66.0,50.0,0.0038326045609552,5.315154451779836,,4_step_categorical_CEM_receding_horizon_first_action,H4,,0.7485560438798408,,,terminal_90d_only,56.0,,,,,,3408,16.0,,0.0,,,,1.0,0.3135960603751137,,KDD123_v2_expected_terminal_value_1_minus_2_p_death,,,support_plus_uncertainty,0.0
,21,,0.0273638907940378,,,,dreamer_v3_categorical_rssm,,,,,0.2568150188607021,0.1403780179984278,,,,,8_step_categorical_CEM_receding_horizon_first_action,component_model_planner,4.934702566803608,dreamer_v3_categorical_rssm_H8_support_only,71.0,19.0,0.0101805108862381,4.79432454880518,,8_step_categorical_CEM_receding_horizon_first_action,H8,,0.7772265771199537,,,terminal_90d_only,29.0,,,,,,3408,52.0,,0.0,,,,1.0,0.3347581579897218,,KDD123_v2_expected_terminal_value_1_minus_2_p_death,,,support_only,0.0
,21,,0.0276401011739623,,,,dreamer_v3_categorical_rssm,,,,,0.2565388084807776,0.1406542283783523,,,,,8_step_categorical_CEM_receding_horizon_first_action,component_model_planner,4.933403292886006,dreamer_v3_categorical_rssm_H8_support_plus_uncertainty,63.0,12.0,0.0061708687512038,4.792749064507654,,8_step_categorical_CEM_receding_horizon_first_action,H8,,0.7840887646823896,,,terminal_90d_only,28.0,,,,,,3408,51.0,,0.0,,,,1.0,0.3258784218032552,,KDD123_v2_expected_terminal_value_1_minus_2_p_death,,,support_plus_uncertainty,0.0
,14,,0.0266605095037457,,,,gaussian_transition_ensemble,,,,,0.2575184001509942,0.1396746367081357,,,,,one_step_exhaustive_supported_action_search,component_model_planner,5.767839847555125,gaussian_transition_ensemble_H1_support_only,32.0,32.0,0.0,5.62816521084699,,one_step_exhaustive_supported_action_search,H1,,0.7064944494589371,,,terminal_90d_only,32.0,,,,,,3408,0.0,,0.0,,,,1.0,0.3194903987378758,,KDD123_v2_expected_terminal_value_1_minus_2_p_death,,,support_only,0.0
,13,,0.055515992894527,,,,gaussian_transition_ensemble,,,,,0.2286629167602128,0.168530120098917,,,,,one_step_exhaustive_supported_action_search,component_model_planner,5.767839847555125,gaussian_transition_ensemble_H1_support_plus_uncertainty,3.0,3.0,0.0,5.599309727456208,,one_step_exhaustive_supported_action_search,H1,,0.6735777995641391,,,terminal_90d_only,3.0,,,,,,3408,0.0,,0.0,,,,1.0,0.319730194740285,,KDD123_v2_expected_terminal_value_1_minus_2_p_death,,,support_plus_uncertainty,0.0
,19,,0.0236702853052869,,,,gaussian_transition_ensemble,,,,,0.260508624349453,0.1366844125096769,,,,,4_step_categorical_CEM_receding_horizon_first_action,component_model_planner,5.428271446595674,gaussian_transition_ensemble_H4_support_only,58.0,15.0,0.0031257459275126,5.291587034085997,,4_step_categorical_CEM_receding_horizon_first_action,H4,,0.745931320184126,,,terminal_90d_only,58.0,,,,,,3408,43.0,,0.0,,,,1.0,0.3184226750486844,,KDD123_v2_expected_terminal_value_1_minus_2_p_death,,,support_only,0.0
,18,,0.0234286712757703,,,,gaussian_transition_ensemble,,,,,0.2607502383789696,0.1364427984801603,,,,,4_step_categorical_CEM_receding_horizon_first_action,component_model_planner,5.440231396200248,gaussian_transition_ensemble_H4_support_plus_uncertainty,61.0,48.0,0.0014007525761493,5.303788597720088,,4_step_categorical_CEM_receding_horizon_first_action,H4,,0.7424411475735667,,,terminal_90d_only,61.0,,,,,,3408,13.0,,0.0,,,,1.0,0.3116539317810361,,KDD123_v2_expected_terminal_value_1_minus_2_p_death,,,support_plus_uncertainty,0.0
,21,,0.0273638907940378,,,,gaussian_transition_ensemble,,,,,0.2568150188607021,0.1403780179984278,,,,,8_step_categorical_CEM_receding_horizon_first_action,component_model_planner,4.934702566803608,gaussian_transition_ensemble_H8_support_only,71.0,19.0,0.0101805108862381,4.79432454880518,,8_step_categorical_CEM_receding_horizon_first_action,H8,,0.7772265771199537,,,terminal_90d_only,29.0,,,,,,3408,52.0,,0.0,,,,1.0,0.3347581579897218,,KDD123_v2_expected_terminal_value_1_minus_2_p_death,,,support_only,0.0
,21,,0.0292895922984501,,,,gaussian_transition_ensemble,,,,,0.2548893173562898,0.1423037195028401,,,,,8_step_categorical_CEM_receding_horizon_first_action,component_model_planner,4.913042851128576,gaussian_transition_ensemble_H8_support_plus_uncertainty,67.0,23.0,0.0060045360028443,4.770739131625736,,8_step_categorical_CEM_receding_horizon_first_action,H8,,0.7805997202036808,,,terminal_90d_only,23.0,,,,,,3408,44.0,,0.0,,,,1.0,0.3302248649359145,,KDD123_v2_expected_terminal_value_1_minus_2_p_death,,,support_plus_uncertainty,0.0
,14,,0.0266605095037457,,,,grud_world_model,,,,,0.2575184001509942,0.1396746367081357,,,,,one_step_exhaustive_supported_action_search,component_model_planner,5.767839847555125,grud_world_model_H1_support_only,32.0,32.0,0.0,5.62816521084699,,one_step_exhaustive_supported_action_search,H1,,0.7064944494589371,,,terminal_90d_only,32.0,,,,,,3411,0.0,,0.0,,,,1.0,0.3194903987378758,,KDD123_v2_expected_terminal_value_1_minus_2_p_death,,,support_only,0.0
,14,,0.016082764642154,,,,grud_world_model,,,,,0.2680961450125859,0.129096891846544,,,,,one_step_exhaustive_supported_action_search,component_model_planner,5.767839847555125,grud_world_model_H1_support_plus_uncertainty,68.0,7.0,0.0102627506650935,5.638742955708581,,one_step_exhaustive_supported_action_search,H1,,0.7094279017219706,,,terminal_90d_only,68.0,,,,,,3411,61.0,,0.0,,,,1.0,0.3194876120960722,,KDD123_v2_expected_terminal_value_1_minus_2_p_death,,,support_plus_uncertainty,0.0
,19,,0.0255554268757561,,,,grud_world_model,,,,,0.2586234827789838,0.1385695540801461,,,,,4_step_categorical_CEM_receding_horizon_first_action,component_model_planner,5.32422615011267,grud_world_model_H4_support_only,58.0,15.0,0.0031257459275126,5.1856565960325245,,4_step_categorical_CEM_receding_horizon_first_action,H4,,0.7561489190401728,,,terminal_90d_only,51.0,,,,,,3411,43.0,,0.0,,,,1.0,0.3143116510907541,,KDD123_v2_expected_terminal_value_1_minus_2_p_death,,,support_only,0.0
,17,,0.0263647375411299,,,,grud_world_model,,,,,0.25781417211361,0.1393788647455199,,,,,4_step_categorical_CEM_receding_horizon_first_action,component_model_planner,5.36042021028908,grud_world_model_H4_support_plus_uncertainty,65.0,46.0,0.0041012759412117,5.22104134554356,,4_step_categorical_CEM_receding_horizon_first_action,H4,,0.7455187365591661,,,terminal_90d_only,46.0,,,,,,3411,19.0,,0.0,,,,1.0,0.3143117831300085,,KDD123_v2_expected_terminal_value_1_minus_2_p_death,,,support_plus_uncertainty,0.0
,21,,0.0110035635816704,,,,grud_world_model,,,,,0.2731753460730695,0.1240176907860604,,,,,8_step_categorical_CEM_receding_horizon_first_action,component_model_planner,5.0476855526243725,grud_world_model_H8_support_only,71.0,19.0,0.0101805108862381,4.923667861838312,,8_step_categorical_CEM_receding_horizon_first_action,H8,,0.7763347988358442,,,terminal_90d_only,71.0,,,,,,3411,52.0,,0.0,,,,1.0,0.3101630225521359,,KDD123_v2_expected_terminal_value_1_minus_2_p_death,,,support_only,0.0
,21,,0.0101191846178188,,,,grud_world_model,,,,,0.274059725036921,0.1231333118222088,,,,,8_step_categorical_CEM_receding_horizon_first_action,component_model_planner,5.070312829870836,grud_world_model_H8_support_plus_uncertainty,75.0,13.0,0.0112992413350291,4.947179518048627,,8_step_categorical_CEM_receding_horizon_first_action,H8,,0.7768994974905953,,,terminal_90d_only,75.0,,,,,,3411,62.0,,0.0,,,,1.0,0.3099846864476369,,KDD123_v2_expected_terminal_value_1_minus_2_p_death,,,support_plus_uncertainty,0.0
,14,,0.0266605095037457,,,,transformer_world_model,,,,,0.2575184001509942,0.1396746367081357,,,,,one_step_exhaustive_supported_action_search,component_model_planner,5.767839847555125,transformer_world_model_H1_support_only,32.0,32.0,0.0,5.62816521084699,,one_step_exhaustive_supported_action_search,H1,,0.7064944494589371,,,terminal_90d_only,32.0,,,,,,3411,0.0,,0.0,,,,1.0,0.3194903987378758,,KDD123_v2_expected_terminal_value_1_minus_2_p_death,,,support_only,0.0
,12,,0.0366050096107019,,,,transformer_world_model,,,,,0.247573900044038,0.1496191368150919,,,,,one_step_exhaustive_supported_action_search,component_model_planner,5.767839847555125,transformer_world_model_H1_support_plus_uncertainty,32.0,6.0,0.0094528689043794,5.618220710740033,,one_step_exhaustive_supported_action_search,H1,,0.643124055114083,,,terminal_90d_only,7.0,,,,,,3411,26.0,,0.0,,,,1.0,0.3196997118363379,,KDD123_v2_expected_terminal_value_1_minus_2_p_death,,,support_plus_uncertainty,0.0
,19,,0.0255554268757561,,,,transformer_world_model,,,,,0.2586234827789838,0.1385695540801461,,,,,4_step_categorical_CEM_receding_horizon_first_action,component_model_planner,5.32422615011267,transformer_world_model_H4_support_only,51.0,15.0,0.0022886826063363,5.1856565960325245,,4_step_categorical_CEM_receding_horizon_first_action,H4,,0.7561489190401728,,,terminal_90d_only,51.0,,,,,,3411,36.0,,0.0,,,,1.0,0.3143116510907541,,KDD123_v2_expected_terminal_value_1_minus_2_p_death,,,support_only,0.0
,17,,0.02378310565853,,,,transformer_world_model,,,,,0.2603958039962099,0.13679723286292,,,,,4_step_categorical_CEM_receding_horizon_first_action,component_model_planner,5.3009826135087295,transformer_world_model_H4_support_plus_uncertainty,62.0,47.0,0.0025700463087686,5.16418538064581,,4_step_categorical_CEM_receding_horizon_first_action,H4,,0.7479613673486635,,,terminal_90d_only,57.0,,,,,,3411,15.0,,0.0,,,,1.0,0.3133575654912829,,KDD123_v2_expected_terminal_value_1_minus_2_p_death,,,support_plus_uncertainty,0.0
,21,,0.0110035635816704,,,,transformer_world_model,,,,,0.2731753460730695,0.1240176907860604,,,,,8_step_categorical_CEM_receding_horizon_first_action,component_model_planner,5.0476855526243725,transformer_world_model_H8_support_only,71.0,14.0,0.0108622984038101,4.923667861838312,,8_step_categorical_CEM_receding_horizon_first_action,H8,,0.7763347988358442,,,terminal_90d_only,71.0,,,,,,3411,57.0,,0.0,,,,1.0,0.3101630225521359,,KDD123_v2_expected_terminal_value_1_minus_2_p_death,,,support_only,0.0
,22,,0.0155719838455212,,,,transformer_world_model,,,,,0.2686069258092187,0.1285861110499112,,,,,8_step_categorical_CEM_receding_horizon_first_action,component_model_planner,5.025868069242648,transformer_world_model_H8_support_plus_uncertainty,70.0,24.0,0.0077180190347137,4.897281958192737,,8_step_categorical_CEM_receding_horizon_first_action,H8,,0.7716540119652574,,,terminal_90d_only,70.0,,,,,,3411,46.0,,0.0,,,,1.0,0.310562468448541,,KDD123_v2_expected_terminal_value_1_minus_2_p_death,,,support_plus_uncertainty,0.0
,14,,0.0266605095037457,,,,dreamer_v3_categorical_rssm,,,,,0.2575184001509942,0.1396746367081357,,,,,one_step_exhaustive_supported_action_search,component_model_planner,5.767839847555125,dreamer_v3_categorical_rssm_H1_support_only,32.0,32.0,0.0,5.62816521084699,,one_step_exhaustive_supported_action_search,H1,,0.7064944494589371,,,terminal_90d_only,32.0,,,,,,3411,0.0,,0.0,,,,1.0,0.3194903987378758,,KDD123_v2_expected_terminal_value_1_minus_2_p_death,,,support_only,0.0
,12,,0.0366050096107019,,,,dreamer_v3_categorical_rssm,,,,,0.247573900044038,0.1496191368150919,,,,,one_step_exhaustive_supported_action_search,component_model_planner,5.767839847555125,dreamer_v3_categorical_rssm_H1_support_plus_uncertainty,68.0,7.0,0.0118485236569665,5.618220710740033,,one_step_exhaustive_supported_action_search,H1,,0.643124055114083,,,terminal_90d_only,7.0,,,,,,3411,61.0,,0.0,,,,1.0,0.3196997118363379,,KDD123_v2_expected_terminal_value_1_minus_2_p_death,,,support_plus_uncertainty,0.0
,19,,0.0255554268757561,,,,dreamer_v3_categorical_rssm,,,,,0.2586234827789838,0.1385695540801461,,,,,4_step_categorical_CEM_receding_horizon_first_action,component_model_planner,5.32422615011267,dreamer_v3_categorical_rssm_H4_support_only,58.0,15.0,0.0031257459275126,5.1856565960325245,,4_step_categorical_CEM_receding_horizon_first_action,H4,,0.7561489190401728,,,terminal_90d_only,51.0,,,,,,3411,43.0,,0.0,,,,1.0,0.3143116510907541,,KDD123_v2_expected_terminal_value_1_minus_2_p_death,,,support_only,0.0
,16,,0.0255650517562801,,,,dreamer_v3_categorical_rssm,,,,,0.2586138578984598,0.1385791789606701,,,,,4_step_categorical_CEM_receding_horizon_first_action,component_model_planner,5.329099438159059,dreamer_v3_categorical_rssm_H4_support_plus_uncertainty,66.0,50.0,0.0038326045609552,5.190520259198388,,4_step_categorical_CEM_receding_horizon_first_action,H4,,0.7421099071086313,,,terminal_90d_only,50.0,,,,,,3411,16.0,,0.0,,,,1.0,0.3136420492984111,,KDD123_v2_expected_terminal_value_1_minus_2_p_death,,,support_plus_uncertainty,0.0
,21,,0.0110035635816704,,,,dreamer_v3_categorical_rssm,,,,,0.2731753460730695,0.1240176907860604,,,,,8_step_categorical_CEM_receding_horizon_first_action,component_model_planner,5.0476855526243725,dreamer_v3_categorical_rssm_H8_support_only,71.0,19.0,0.0101805108862381,4.923667861838312,,8_step_categorical_CEM_receding_horizon_first_action,H8,,0.7763347988358442,,,terminal_90d_only,71.0,,,,,,3411,52.0,,0.0,,,,1.0,0.3101630225521359,,KDD123_v2_expected_terminal_value_1_minus_2_p_death,,,support_only,0.0
,20,,0.0201541124242491,,,,dreamer_v3_categorical_rssm,,,,,0.2640247972304907,0.1331682396286391,,,,,8_step_categorical_CEM_receding_horizon_first_action,component_model_planner,5.016248309141289,dreamer_v3_categorical_rssm_H8_support_plus_uncertainty,63.0,12.0,0.0061708687512038,4.8830800695126495,,8_step_categorical_CEM_receding_horizon_first_action,H8,,0.7727407769589707,,,terminal_90d_only,63.0,,,,,,3411,51.0,,0.0,,,,1.0,0.3130535790341911,,KDD123_v2_expected_terminal_value_1_minus_2_p_death,,,support_plus_uncertainty,0.0
,14,,0.0266605095037457,,,,gaussian_transition_ensemble,,,,,0.2575184001509942,0.1396746367081357,,,,,one_step_exhaustive_supported_action_search,component_model_planner,5.767839847555125,gaussian_transition_ensemble_H1_support_only,32.0,32.0,0.0,5.62816521084699,,one_step_exhaustive_supported_action_search,H1,,0.7064944494589371,,,terminal_90d_only,32.0,,,,,,3411,0.0,,0.0,,,,1.0,0.3194903987378758,,KDD123_v2_expected_terminal_value_1_minus_2_p_death,,,support_only,0.0
,13,,0.055515992894527,,,,gaussian_transition_ensemble,,,,,0.2286629167602128,0.168530120098917,,,,,one_step_exhaustive_supported_action_search,component_model_planner,5.767839847555125,gaussian_transition_ensemble_H1_support_plus_uncertainty,3.0,3.0,0.0,5.599309727456208,,one_step_exhaustive_supported_action_search,H1,,0.6735777995641391,,,terminal_90d_only,3.0,,,,,,3411,0.0,,0.0,,,,1.0,0.319730194740285,,KDD123_v2_expected_terminal_value_1_minus_2_p_death,,,support_plus_uncertainty,0.0
,19,,0.0255554268757561,,,,gaussian_transition_ensemble,,,,,0.2586234827789838,0.1385695540801461,,,,,4_step_categorical_CEM_receding_horizon_first_action,component_model_planner,5.32422615011267,gaussian_transition_ensemble_H4_support_only,58.0,15.0,0.0031257459275126,5.1856565960325245,,4_step_categorical_CEM_receding_horizon_first_action,H4,,0.7561489190401728,,,terminal_90d_only,51.0,,,,,,3411,43.0,,0.0,,,,1.0,0.3143116510907541,,KDD123_v2_expected_terminal_value_1_minus_2_p_death,,,support_only,0.0
,17,,0.026154591138736,,,,gaussian_transition_ensemble,,,,,0.2580243185160038,0.139168718343126,,,,,4_step_categorical_CEM_receding_horizon_first_action,component_model_planner,5.328236905604337,gaussian_transition_ensemble_H4_support_plus_uncertainty,61.0,48.0,0.0014007525761493,5.189068187261211,,4_step_categorical_CEM_receding_horizon_first_action,H4,,0.7463795014875642,,,terminal_90d_only,48.0,,,,,,3411,13.0,,0.0,,,,1.0,0.3132925888225658,,KDD123_v2_expected_terminal_value_1_minus_2_p_death,,,support_plus_uncertainty,0.0
,21,,0.0110035635816704,,,,gaussian_transition_ensemble,,,,,0.2731753460730695,0.1240176907860604,,,,,8_step_categorical_CEM_receding_horizon_first_action,component_model_planner,5.0476855526243725,gaussian_transition_ensemble_H8_support_only,71.0,19.0,0.0101805108862381,4.923667861838312,,8_step_categorical_CEM_receding_horizon_first_action,H8,,0.7763347988358442,,,terminal_90d_only,71.0,,,,,,3411,52.0,,0.0,,,,1.0,0.3101630225521359,,KDD123_v2_expected_terminal_value_1_minus_2_p_death,,,support_only,0.0
,21,,0.0182817227452006,,,,gaussian_transition_ensemble,,,,,0.2658971869095393,0.1312958499495906,,,,,8_step_categorical_CEM_receding_horizon_first_action,component_model_planner,5.056869727195451,gaussian_transition_ensemble_H8_support_plus_uncertainty,67.0,23.0,0.0060045360028443,4.925573877245861,,8_step_categorical_CEM_receding_horizon_first_action,H8,,0.7726568863392238,,,terminal_90d_only,67.0,,,,,,3411,44.0,,0.0,,,,1.0,0.3105953924858852,,KDD123_v2_expected_terminal_value_1_minus_2_p_death,,,support_plus_uncertainty,0.0
,14,,0.0266605095037457,,,,grud_world_model,,,,,0.2575184001509942,0.1396746367081357,,,,,one_step_exhaustive_supported_action_search,component_model_planner,5.767839847555125,grud_world_model_H1_support_only,32.0,32.0,0.0,5.62816521084699,,one_step_exhaustive_supported_action_search,H1,,0.7064944494589371,,,terminal_90d_only,32.0,,,,,,3414,0.0,,0.0,,,,1.0,0.3194903987378758,,KDD123_v2_expected_terminal_value_1_minus_2_p_death,,,support_only,0.0
,14,,0.0266605095037457,,,,grud_world_model,,,,,0.2575184001509942,0.1396746367081357,,,,,one_step_exhaustive_supported_action_search,component_model_planner,5.767839847555125,grud_world_model_H1_support_plus_uncertainty,68.0,7.0,0.0102627506650935,5.62816521084699,,one_step_exhaustive_supported_action_search,H1,,0.7064944494589371,,,terminal_90d_only,32.0,,,,,,3414,61.0,,0.0,,,,1.0,0.3194903987378758,,KDD123_v2_expected_terminal_value_1_minus_2_p_death,,,support_plus_uncertainty,0.0
,17,,0.0297747882631243,,,,grud_world_model,,,,,0.2544041213916155,0.1427889154675143,,,,,4_step_categorical_CEM_receding_horizon_first_action,component_model_planner,5.478134051991657,grud_world_model_H4_support_only,58.0,15.0,0.0031257459275126,5.335345136524142,,4_step_categorical_CEM_receding_horizon_first_action,H4,,0.7332875874950995,,,terminal_90d_only,15.0,,,,,,3414,43.0,,0.0,,,,1.0,0.3252641238149564,,KDD123_v2_expected_terminal_value_1_minus_2_p_death,,,support_only,0.0
,19,,0.0191407699768319,,,,grud_world_model,,,,,0.265038139677908,0.1321548971812219,,,,,4_step_categorical_CEM_receding_horizon_first_action,component_model_planner,5.53156914757502,grud_world_model_H4_support_plus_uncertainty,65.0,46.0,0.0041012759412117,5.399414250393798,,4_step_categorical_CEM_receding_horizon_first_action,H4,,0.752975307988408,,,terminal_90d_only,65.0,,,,,,3414,19.0,,0.0,,,,1.0,0.3149557153655862,,KDD123_v2_expected_terminal_value_1_minus_2_p_death,,,support_plus_uncertainty,0.0
,20,,0.0296805446027969,,,,grud_world_model,,,,,0.254498365051943,0.1426946718071869,,,,,8_step_categorical_CEM_receding_horizon_first_action,component_model_planner,5.037438401054747,grud_world_model_H8_support_only,71.0,19.0,0.0101805108862381,4.894743729247559,,8_step_categorical_CEM_receding_horizon_first_action,H8,,0.7580312988906849,,,terminal_90d_only,19.0,,,,,,3414,52.0,,0.0,,,,1.0,0.3185374781694963,,KDD123_v2_expected_terminal_value_1_minus_2_p_death,,,support_only,0.0
,20,,0.0289720574082509,,,,grud_world_model,,,,,0.255206852246489,0.1419861846126409,,,,,8_step_categorical_CEM_receding_horizon_first_action,component_model_planner,5.009993973528935,grud_world_model_H8_support_plus_uncertainty,75.0,13.0,0.0112992413350291,4.868007788916295,,8_step_categorical_CEM_receding_horizon_first_action,H8,,0.7611098532547844,,,terminal_90d_only,25.0,,,,,,3414,62.0,,0.0,,,,1.0,0.3260795254425441,,KDD123_v2_expected_terminal_value_1_minus_2_p_death,,,support_plus_uncertainty,0.0
,14,,0.0266605095037457,,,,transformer_world_model,,,,,0.2575184001509942,0.1396746367081357,,,,,one_step_exhaustive_supported_action_search,component_model_planner,5.767839847555125,transformer_world_model_H1_support_only,32.0,32.0,0.0,5.62816521084699,,one_step_exhaustive_supported_action_search,H1,,0.7064944494589371,,,terminal_90d_only,32.0,,,,,,3414,0.0,,0.0,,,,1.0,0.3194903987378758,,KDD123_v2_expected_terminal_value_1_minus_2_p_death,,,support_only,0.0
,14,,0.0266605095037457,,,,transformer_world_model,,,,,0.2575184001509942,0.1396746367081357,,,,,one_step_exhaustive_supported_action_search,component_model_planner,5.767839847555125,transformer_world_model_H1_support_plus_uncertainty,32.0,6.0,0.0094528689043794,5.62816521084699,,one_step_exhaustive_supported_action_search,H1,,0.7064944494589371,,,terminal_90d_only,32.0,,,,,,3414,26.0,,0.0,,,,1.0,0.3194903987378758,,KDD123_v2_expected_terminal_value_1_minus_2_p_death,,,support_plus_uncertainty,0.0
,17,,0.0297747882631243,,,,transformer_world_model,,,,,0.2544041213916155,0.1427889154675143,,,,,4_step_categorical_CEM_receding_horizon_first_action,component_model_planner,5.478134051991657,transformer_world_model_H4_support_only,51.0,15.0,0.0022886826063363,5.335345136524142,,4_step_categorical_CEM_receding_horizon_first_action,H4,,0.7332875874950995,,,terminal_90d_only,15.0,,,,,,3414,36.0,,0.0,,,,1.0,0.3252641238149564,,KDD123_v2_expected_terminal_value_1_minus_2_p_death,,,support_only,0.0
,19,,0.0210997764887296,,,,transformer_world_model,,,,,0.2630791331660103,0.1341139036931196,,,,,4_step_categorical_CEM_receding_horizon_first_action,component_model_planner,5.464633617196592,transformer_world_model_H4_support_plus_uncertainty,62.0,47.0,0.0025700463087686,5.330519713503472,,4_step_categorical_CEM_receding_horizon_first_action,H4,,0.7481012385299173,,,terminal_90d_only,62.0,,,,,,3414,15.0,,0.0,,,,1.0,0.3216789479807533,,KDD123_v2_expected_terminal_value_1_minus_2_p_death,,,support_plus_uncertainty,0.0
,20,,0.0296805446027969,,,,transformer_world_model,,,,,0.254498365051943,0.1426946718071869,,,,,8_step_categorical_CEM_receding_horizon_first_action,component_model_planner,5.037438401054747,transformer_world_model_H8_support_only,71.0,14.0,0.0108622984038101,4.894743729247559,,8_step_categorical_CEM_receding_horizon_first_action,H8,,0.7580312988906849,,,terminal_90d_only,19.0,,,,,,3414,57.0,,0.0,,,,1.0,0.3185374781694963,,KDD123_v2_expected_terminal_value_1_minus_2_p_death,,,support_only,0.0
,20,,0.028664040569143,,,,transformer_world_model,,,,,0.2555148690855969,0.1416781677735329,,,,,8_step_categorical_CEM_receding_horizon_first_action,component_model_planner,5.014468249810468,transformer_world_model_H8_support_plus_uncertainty,70.0,24.0,0.0077180190347137,4.872790082036936,,8_step_categorical_CEM_receding_horizon_first_action,H8,,0.7652880695611985,,,terminal_90d_only,26.0,,,,,,3414,46.0,,0.0,,,,1.0,0.3111232374697006,,KDD123_v2_expected_terminal_value_1_minus_2_p_death,,,support_plus_uncertainty,0.0
,14,,0.0266605095037457,,,,dreamer_v3_categorical_rssm,,,,,0.2575184001509942,0.1396746367081357,,,,,one_step_exhaustive_supported_action_search,component_model_planner,5.767839847555125,dreamer_v3_categorical_rssm_H1_support_only,32.0,32.0,0.0,5.62816521084699,,one_step_exhaustive_supported_action_search,H1,,0.7064944494589371,,,terminal_90d_only,32.0,,,,,,3414,0.0,,0.0,,,,1.0,0.3194903987378758,,KDD123_v2_expected_terminal_value_1_minus_2_p_death,,,support_only,0.0
,12,,0.0366050096107019,,,,dreamer_v3_categorical_rssm,,,,,0.247573900044038,0.1496191368150919,,,,,one_step_exhaustive_supported_action_search,component_model_planner,5.767839847555125,dreamer_v3_categorical_rssm_H1_support_plus_uncertainty,68.0,7.0,0.0118485236569665,5.618220710740033,,one_step_exhaustive_supported_action_search,H1,,0.643124055114083,,,terminal_90d_only,7.0,,,,,,3414,61.0,,0.0,,,,1.0,0.3196997118363379,,KDD123_v2_expected_terminal_value_1_minus_2_p_death,,,support_plus_uncertainty,0.0
,17,,0.0297747882631243,,,,dreamer_v3_categorical_rssm,,,,,0.2544041213916155,0.1427889154675143,,,,,4_step_categorical_CEM_receding_horizon_first_action,component_model_planner,5.478134051991657,dreamer_v3_categorical_rssm_H4_support_only,58.0,15.0,0.0031257459275126,5.335345136524142,,4_step_categorical_CEM_receding_horizon_first_action,H4,,0.7332875874950995,,,terminal_90d_only,15.0,,,,,,3414,43.0,,0.0,,,,1.0,0.3252641238149564,,KDD123_v2_expected_terminal_value_1_minus_2_p_death,,,support_only,0.0
,18,,0.0184791955071435,,,,dreamer_v3_categorical_rssm,,,,,0.2656997141475963,0.1314933227115335,,,,,4_step_categorical_CEM_receding_horizon_first_action,component_model_planner,5.472479403376936,dreamer_v3_categorical_rssm_H4_support_plus_uncertainty,66.0,50.0,0.0038326045609552,5.340986080665402,,4_step_categorical_CEM_receding_horizon_first_action,H4,,0.7435650379183959,,,terminal_90d_only,66.0,,,,,,3414,16.0,,0.0,,,,1.0,0.3140984987450801,,KDD123_v2_expected_terminal_value_1_minus_2_p_death,,,support_plus_uncertainty,0.0
,20,,0.0296805446027969,,,,dreamer_v3_categorical_rssm,,,,,0.254498365051943,0.1426946718071869,,,,,8_step_categorical_CEM_receding_horizon_first_action,component_model_planner,5.037438401054747,dreamer_v3_categorical_rssm_H8_support_only,71.0,19.0,0.0101805108862381,4.894743729247559,,8_step_categorical_CEM_receding_horizon_first_action,H8,,0.7580312988906849,,,terminal_90d_only,19.0,,,,,,3414,52.0,,0.0,,,,1.0,0.3185374781694963,,KDD123_v2_expected_terminal_value_1_minus_2_p_death,,,support_only,0.0
,19,,0.0323946854402911,,,,dreamer_v3_categorical_rssm,,,,,0.2517842242144488,0.145408812644681,,,,,8_step_categorical_CEM_receding_horizon_first_action,component_model_planner,4.989758240123406,dreamer_v3_categorical_rssm_H8_support_plus_uncertainty,63.0,12.0,0.0061708687512038,4.844349427478725,,8_step_categorical_CEM_receding_horizon_first_action,H8,,0.7430851174494656,,,terminal_90d_only,12.0,,,,,,3414,51.0,,0.0,,,,1.0,0.324325061209775,,KDD123_v2_expected_terminal_value_1_minus_2_p_death,,,support_plus_uncertainty,0.0
,14,,0.0266605095037457,,,,gaussian_transition_ensemble,,,,,0.2575184001509942,0.1396746367081357,,,,,one_step_exhaustive_supported_action_search,component_model_planner,5.767839847555125,gaussian_transition_ensemble_H1_support_only,32.0,32.0,0.0,5.62816521084699,,one_step_exhaustive_supported_action_search,H1,,0.7064944494589371,,,terminal_90d_only,32.0,,,,,,3414,0.0,,0.0,,,,1.0,0.3194903987378758,,KDD123_v2_expected_terminal_value_1_minus_2_p_death,,,support_only,0.0
,13,,0.055515992894527,,,,gaussian_transition_ensemble,,,,,0.2286629167602128,0.168530120098917,,,,,one_step_exhaustive_supported_action_search,component_model_planner,5.767839847555125,gaussian_transition_ensemble_H1_support_plus_uncertainty,3.0,3.0,0.0,5.599309727456208,,one_step_exhaustive_supported_action_search,H1,,0.6735777995641391,,,terminal_90d_only,3.0,,,,,,3414,0.0,,0.0,,,,1.0,0.319730194740285,,KDD123_v2_expected_terminal_value_1_minus_2_p_death,,,support_plus_uncertainty,0.0
,17,,0.0297747882631243,,,,gaussian_transition_ensemble,,,,,0.2544041213916155,0.1427889154675143,,,,,4_step_categorical_CEM_receding_horizon_first_action,component_model_planner,5.478134051991657,gaussian_transition_ensemble_H4_support_only,58.0,15.0,0.0031257459275126,5.335345136524142,,4_step_categorical_CEM_receding_horizon_first_action,H4,,0.7332875874950995,,,terminal_90d_only,15.0,,,,,,3414,43.0,,0.0,,,,1.0,0.3252641238149564,,KDD123_v2_expected_terminal_value_1_minus_2_p_death,,,support_only,0.0
,18,,0.0253514026019166,,,,gaussian_transition_ensemble,,,,,0.2588275070528233,0.1383655298063066,,,,,4_step_categorical_CEM_receding_horizon_first_action,component_model_planner,5.475768172392239,gaussian_transition_ensemble_H4_support_plus_uncertainty,61.0,48.0,0.0014007525761493,5.337402642585932,,4_step_categorical_CEM_receding_horizon_first_action,H4,,0.7437664721048703,,,terminal_90d_only,55.0,,,,,,3414,13.0,,0.0,,,,1.0,0.3141806292759836,,KDD123_v2_expected_terminal_value_1_minus_2_p_death,,,support_plus_uncertainty,0.0
,20,,0.0296805446027969,,,,gaussian_transition_ensemble,,,,,0.254498365051943,0.1426946718071869,,,,,8_step_categorical_CEM_receding_horizon_first_action,component_model_planner,5.037438401054747,gaussian_transition_ensemble_H8_support_only,71.0,19.0,0.0101805108862381,4.894743729247559,,8_step_categorical_CEM_receding_horizon_first_action,H8,,0.7580312988906849,,,terminal_90d_only,19.0,,,,,,3414,52.0,,0.0,,,,1.0,0.3185374781694963,,KDD123_v2_expected_terminal_value_1_minus_2_p_death,,,support_only,0.0
,20,,0.0279429960637705,,,,gaussian_transition_ensemble,,,,,0.2562359135909694,0.1409571232681604,,,,,8_step_categorical_CEM_receding_horizon_first_action,component_model_planner,5.06165326143,gaussian_transition_ensemble_H8_support_plus_uncertainty,67.0,23.0,0.0060045360028443,4.92069613816184,,8_step_categorical_CEM_receding_horizon_first_action,H8,,0.7449848470047944,,,terminal_90d_only,27.0,,,,,,3414,44.0,,0.0,,,,1.0,0.3260304809481172,,KDD123_v2_expected_terminal_value_1_minus_2_p_death,,,support_plus_uncertainty,0.0
,14,,-0.035368961997043,,,,grud_world_model,,,,,0.7112062639085693,-0.27742286295064,,,,,one_step_exhaustive_supported_action_search,component_model_planner,5.719174447385414,grud_world_model_H1_support_only,87.0,87.0,0.0,5.996597310336054,,one_step_exhaustive_supported_action_search,H1,,0.7361242415931895,,,terminal_90d_plus_lactate,87.0,,,,,,3408,0.0,,0.0,,,,1.0,0.2737307607130994,,KDD123_v2_expected_terminal_value_1_minus_2_p_death,,,support_only,0.0
,13,,0.0223094883350159,,,,grud_world_model,,,,,0.6535278135765104,-0.2197444126185809,,,,,one_step_exhaustive_supported_action_search,component_model_planner,5.719174447385414,grud_world_model_H1_support_plus_uncertainty,87.0,22.0,0.0333006688256547,5.938918860003994,,one_step_exhaustive_supported_action_search,H1,,0.707032742083642,,,terminal_90d_plus_lactate,22.0,,,,,,3408,65.0,,0.0,,,,1.0,0.2737307607130994,,KDD123_v2_expected_terminal_value_1_minus_2_p_death,,,support_plus_uncertainty,0.0
,21,,0.016086394577349,,,,grud_world_model,,,,,0.6597509073341772,-0.2259675063762478,,,,,4_step_categorical_CEM_receding_horizon_first_action,component_model_planner,5.207521232315561,grud_world_model_H4_support_only,42.0,17.0,0.0036449814722589,5.433488738691809,,4_step_categorical_CEM_receding_horizon_first_action,H4,,0.7973097415081023,,,terminal_90d_plus_lactate,42.0,,,,,,3408,25.0,,0.0,,,,1.0,0.2737307607130994,,KDD123_v2_expected_terminal_value_1_minus_2_p_death,,,support_only,0.0
,19,,0.0179888444577973,,,,grud_world_model,,,,,0.6578484574537289,-0.2240650564957996,,,,,4_step_categorical_CEM_receding_horizon_first_action,component_model_planner,5.231849373293434,grud_world_model_H4_support_plus_uncertainty,60.0,11.0,0.0103235981060516,5.4559144297892335,,4_step_categorical_CEM_receding_horizon_first_action,H4,,0.7894970532336333,,,terminal_90d_plus_lactate,37.0,,,,,,3408,49.0,,0.0,,,,1.0,0.2742888300016733,,KDD123_v2_expected_terminal_value_1_minus_2_p_death,,,support_plus_uncertainty,0.0
,24,,-0.0128850005695463,,,,grud_world_model,,,,,0.6887223024810726,-0.2549389015231432,,,,,8_step_categorical_CEM_receding_horizon_first_action,component_model_planner,4.740596870316784,grud_world_model_H8_support_only,80.0,7.0,0.0327228336048195,4.995535771839927,,8_step_categorical_CEM_receding_horizon_first_action,H8,,0.8243148053696415,,,terminal_90d_plus_lactate,80.0,,,,,,3408,73.0,,0.0,,,,1.0,0.2790717895820261,,KDD123_v2_expected_terminal_value_1_minus_2_p_death,,,support_only,0.0
,23,,-0.0162068198798678,,,,grud_world_model,,,,,0.6920441217913941,-0.2582607208334647,,,,,8_step_categorical_CEM_receding_horizon_first_action,component_model_planner,4.796497438580629,grud_world_model_H8_support_plus_uncertainty,85.0,6.0,0.0355921970577814,5.054758159414094,,8_step_categorical_CEM_receding_horizon_first_action,H8,,0.8159072942001763,,,terminal_90d_plus_lactate,85.0,,,,,,3408,79.0,,0.0,,,,1.0,0.2787491328409391,,KDD123_v2_expected_terminal_value_1_minus_2_p_death,,,support_plus_uncertainty,0.0
,14,,-0.035368961997043,,,,transformer_world_model,,,,,0.7112062639085693,-0.27742286295064,,,,,one_step_exhaustive_supported_action_search,component_model_planner,5.719174447385414,transformer_world_model_H1_support_only,87.0,87.0,0.0,5.996597310336054,,one_step_exhaustive_supported_action_search,H1,,0.7361242415931895,,,terminal_90d_plus_lactate,87.0,,,,,,3408,0.0,,0.0,,,,1.0,0.2737307607130994,,KDD123_v2_expected_terminal_value_1_minus_2_p_death,,,support_only,0.0
,13,,0.0223094883350159,,,,transformer_world_model,,,,,0.6535278135765104,-0.2197444126185809,,,,,one_step_exhaustive_supported_action_search,component_model_planner,5.719174447385414,transformer_world_model_H1_support_plus_uncertainty,87.0,22.0,0.0289804420963642,5.938918860003994,,one_step_exhaustive_supported_action_search,H1,,0.707032742083642,,,terminal_90d_plus_lactate,22.0,,,,,,3408,65.0,,0.0,,,,1.0,0.2737307607130994,,KDD123_v2_expected_terminal_value_1_minus_2_p_death,,,support_plus_uncertainty,0.0
,21,,0.0101623492772852,,,,transformer_world_model,,,,,0.665674952634241,-0.2318915516763117,,,,,4_step_categorical_CEM_receding_horizon_first_action,component_model_planner,5.207029153184574,transformer_world_model_H4_support_only,56.0,17.0,0.0070086694049348,5.438920704860886,,4_step_categorical_CEM_receding_horizon_first_action,H4,,0.7954356843203672,,,terminal_90d_plus_lactate,56.0,,,,,,3408,39.0,,0.0,,,,1.0,0.2737307607130994,,KDD123_v2_expected_terminal_value_1_minus_2_p_death,,,support_only,0.0
,19,,0.0091252802856383,,,,transformer_world_model,,,,,0.6667120216258879,-0.2329286206679586,,,,,4_step_categorical_CEM_receding_horizon_first_action,component_model_planner,5.223846869422285,transformer_world_model_H4_support_plus_uncertainty,57.0,13.0,0.0078982570690751,5.456775490090244,,4_step_categorical_CEM_receding_horizon_first_action,H4,,0.7898645471125861,,,terminal_90d_plus_lactate,57.0,,,,,,3408,44.0,,0.0,,,,1.0,0.2742888300016734,,KDD123_v2_expected_terminal_value_1_minus_2_p_death,,,support_plus_uncertainty,0.0
,24,,-0.0147427039156971,,,,transformer_world_model,,,,,0.6905800058272233,-0.256796604869294,,,,,8_step_categorical_CEM_receding_horizon_first_action,component_model_planner,4.743859816376034,transformer_world_model_H8_support_only,83.0,7.0,0.033569875786429,5.000656421245328,,8_step_categorical_CEM_receding_horizon_first_action,H8,,0.8222508518853032,,,terminal_90d_plus_lactate,83.0,,,,,,3408,76.0,,0.0,,,,1.0,0.2790717895820261,,KDD123_v2_expected_terminal_value_1_minus_2_p_death,,,support_only,0.0
,24,,-0.0186612942127839,,,,transformer_world_model,,,,,0.6944985961243102,-0.2607151951663808,,,,,8_step_categorical_CEM_receding_horizon_first_action,component_model_planner,4.806115121041939,transformer_world_model_H8_support_plus_uncertainty,86.0,4.0,0.0368803882005844,5.06683031620832,,8_step_categorical_CEM_receding_horizon_first_action,H8,,0.8218499215392906,,,terminal_90d_plus_lactate,86.0,,,,,,3408,82.0,,0.0,,,,1.0,0.2787491328409391,,KDD123_v2_expected_terminal_value_1_minus_2_p_death,,,support_plus_uncertainty,0.0
,14,,-0.035368961997043,,,,dreamer_v3_categorical_rssm,,,,,0.7112062639085693,-0.27742286295064,,,,,one_step_exhaustive_supported_action_search,component_model_planner,5.719174447385414,dreamer_v3_categorical_rssm_H1_support_only,87.0,87.0,0.0,5.996597310336054,,one_step_exhaustive_supported_action_search,H1,,0.7361242415931895,,,terminal_90d_plus_lactate,87.0,,,,,,3408,0.0,,0.0,,,,1.0,0.2737307607130994,,KDD123_v2_expected_terminal_value_1_minus_2_p_death,,,support_only,0.0
,14,,-0.035368961997043,,,,dreamer_v3_categorical_rssm,,,,,0.7112062639085693,-0.27742286295064,,,,,one_step_exhaustive_supported_action_search,component_model_planner,5.719174447385414,dreamer_v3_categorical_rssm_H1_support_plus_uncertainty,87.0,22.0,0.0333006688256547,5.996597310336054,,one_step_exhaustive_supported_action_search,H1,,0.7361242415931895,,,terminal_90d_plus_lactate,87.0,,,,,,3408,65.0,,0.0,,,,1.0,0.2737307607130994,,KDD123_v2_expected_terminal_value_1_minus_2_p_death,,,support_plus_uncertainty,0.0
,21,,0.016086394577349,,,,dreamer_v3_categorical_rssm,,,,,0.6597509073341772,-0.2259675063762478,,,,,4_step_categorical_CEM_receding_horizon_first_action,component_model_planner,5.207521232315561,dreamer_v3_categorical_rssm_H4_support_only,42.0,17.0,0.0036449814722589,5.433488738691809,,4_step_categorical_CEM_receding_horizon_first_action,H4,,0.7973097415081023,,,terminal_90d_plus_lactate,42.0,,,,,,3408,25.0,,0.0,,,,1.0,0.2737307607130994,,KDD123_v2_expected_terminal_value_1_minus_2_p_death,,,support_only,0.0
,21,,0.0162131823617559,,,,dreamer_v3_categorical_rssm,,,,,0.6596241195497703,-0.225840718591841,,,,,4_step_categorical_CEM_receding_horizon_first_action,component_model_planner,5.207521232315561,dreamer_v3_categorical_rssm_H4_support_plus_uncertainty,41.0,15.0,0.0042190690161004,5.433361950907402,,4_step_categorical_CEM_receding_horizon_first_action,H4,,0.7984160407459547,,,terminal_90d_plus_lactate,41.0,,,,,,3408,26.0,,0.0,,,,1.0,0.2737307607130994,,KDD123_v2_expected_terminal_value_1_minus_2_p_death,,,support_plus_uncertainty,0.0
,24,,-0.0128850005695463,,,,dreamer_v3_categorical_rssm,,,,,0.6887223024810726,-0.2549389015231432,,,,,8_step_categorical_CEM_receding_horizon_first_action,component_model_planner,4.740596870316784,dreamer_v3_categorical_rssm_H8_support_only,80.0,7.0,0.0327228336048195,4.995535771839927,,8_step_categorical_CEM_receding_horizon_first_action,H8,,0.8243148053696415,,,terminal_90d_plus_lactate,80.0,,,,,,3408,73.0,,0.0,,,,1.0,0.2790717895820261,,KDD123_v2_expected_terminal_value_1_minus_2_p_death,,,support_only,0.0
,24,,-0.0157014039335076,,,,dreamer_v3_categorical_rssm,,,,,0.691538705845034,-0.2577553048871046,,,,,8_step_categorical_CEM_receding_horizon_first_action,component_model_planner,4.730448985832796,dreamer_v3_categorical_rssm_H8_support_plus_uncertainty,84.0,5.0,0.0354654646820367,4.9882042907199,,8_step_categorical_CEM_receding_horizon_first_action,H8,,0.8244564027504434,,,terminal_90d_plus_lactate,84.0,,,,,,3408,79.0,,0.0,,,,1.0,0.2789306209346378,,KDD123_v2_expected_terminal_value_1_minus_2_p_death,,,support_plus_uncertainty,0.0
,14,,-0.035368961997043,,,,gaussian_transition_ensemble,,,,,0.7112062639085693,-0.27742286295064,,,,,one_step_exhaustive_supported_action_search,component_model_planner,5.719174447385414,gaussian_transition_ensemble_H1_support_only,87.0,87.0,0.0,5.996597310336054,,one_step_exhaustive_supported_action_search,H1,,0.7361242415931895,,,terminal_90d_plus_lactate,87.0,,,,,,3408,0.0,,0.0,,,,1.0,0.2737307607130994,,KDD123_v2_expected_terminal_value_1_minus_2_p_death,,,support_only,0.0
,13,,0.0223094883350159,,,,gaussian_transition_ensemble,,,,,0.6535278135765104,-0.2197444126185809,,,,,one_step_exhaustive_supported_action_search,component_model_planner,5.719174447385414,gaussian_transition_ensemble_H1_support_plus_uncertainty,22.0,22.0,0.0,5.938918860003994,,one_step_exhaustive_supported_action_search,H1,,0.707032742083642,,,terminal_90d_plus_lactate,22.0,,,,,,3408,0.0,,0.0,,,,1.0,0.2737307607130994,,KDD123_v2_expected_terminal_value_1_minus_2_p_death,,,support_plus_uncertainty,0.0
,21,,0.016086394577349,,,,gaussian_transition_ensemble,,,,,0.6597509073341772,-0.2259675063762478,,,,,4_step_categorical_CEM_receding_horizon_first_action,component_model_planner,5.207521232315561,gaussian_transition_ensemble_H4_support_only,42.0,17.0,0.0036449814722589,5.433488738691809,,4_step_categorical_CEM_receding_horizon_first_action,H4,,0.7973097415081023,,,terminal_90d_plus_lactate,42.0,,,,,,3408,25.0,,0.0,,,,1.0,0.2737307607130994,,KDD123_v2_expected_terminal_value_1_minus_2_p_death,,,support_only,0.0
,20,,0.0167028850721369,,,,gaussian_transition_ensemble,,,,,0.6591344168393893,-0.2253510158814599,,,,,4_step_categorical_CEM_receding_horizon_first_action,component_model_planner,5.208890744123711,gaussian_transition_ensemble_H4_support_plus_uncertainty,39.0,12.0,0.0044140448816435,5.434241760005171,,4_step_categorical_CEM_receding_horizon_first_action,H4,,0.7956229137017738,,,terminal_90d_plus_lactate,39.0,,,,,,3408,27.0,,0.0,,,,1.0,0.2742888300016734,,KDD123_v2_expected_terminal_value_1_minus_2_p_death,,,support_plus_uncertainty,0.0
,24,,-0.0128850005695463,,,,gaussian_transition_ensemble,,,,,0.6887223024810726,-0.2549389015231432,,,,,8_step_categorical_CEM_receding_horizon_first_action,component_model_planner,4.740596870316784,gaussian_transition_ensemble_H8_support_only,80.0,7.0,0.0327228336048195,4.995535771839927,,8_step_categorical_CEM_receding_horizon_first_action,H8,,0.8243148053696415,,,terminal_90d_plus_lactate,80.0,,,,,,3408,73.0,,0.0,,,,1.0,0.2790717895820261,,KDD123_v2_expected_terminal_value_1_minus_2_p_death,,,support_only,0.0
,23,,-0.0057879233802381,,,,gaussian_transition_ensemble,,,,,0.6816252252917644,-0.247841824333835,,,,,8_step_categorical_CEM_receding_horizon_first_action,component_model_planner,4.795247792887901,gaussian_transition_ensemble_H8_support_plus_uncertainty,78.0,3.0,0.0327334315920897,5.043089617221736,,8_step_categorical_CEM_receding_horizon_first_action,H8,,0.8193449963515704,,,terminal_90d_plus_lactate,78.0,,,,,,3408,75.0,,0.0,,,,1.0,0.2788903014883273,,KDD123_v2_expected_terminal_value_1_minus_2_p_death,,,support_plus_uncertainty,0.0
,14,,-0.035368961997043,,,,grud_world_model,,,,,0.7112062639085693,-0.27742286295064,,,,,one_step_exhaustive_supported_action_search,component_model_planner,5.719174447385414,grud_world_model_H1_support_only,87.0,87.0,0.0,5.996597310336054,,one_step_exhaustive_supported_action_search,H1,,0.7361242415931895,,,terminal_90d_plus_lactate,87.0,,,,,,3411,0.0,,0.0,,,,1.0,0.2737307607130994,,KDD123_v2_expected_terminal_value_1_minus_2_p_death,,,support_only,0.0
,14,,-0.035368961997043,,,,grud_world_model,,,,,0.7112062639085693,-0.27742286295064,,,,,one_step_exhaustive_supported_action_search,component_model_planner,5.719174447385414,grud_world_model_H1_support_plus_uncertainty,87.0,22.0,0.0333006688256547,5.996597310336054,,one_step_exhaustive_supported_action_search,H1,,0.7361242415931895,,,terminal_90d_plus_lactate,87.0,,,,,,3411,65.0,,0.0,,,,1.0,0.2737307607130994,,KDD123_v2_expected_terminal_value_1_minus_2_p_death,,,support_plus_uncertainty,0.0
,22,,0.0231118004367761,,,,grud_world_model,,,,,0.6527255014747502,-0.2189421005168208,,,,,4_step_categorical_CEM_receding_horizon_first_action,component_model_planner,5.023609418340431,grud_world_model_H4_support_only,42.0,17.0,0.0036449814722589,5.242551518857252,,4_step_categorical_CEM_receding_horizon_first_action,H4,,0.8099708057651238,,,terminal_90d_plus_lactate,17.0,,,,,,3411,25.0,,0.0,,,,1.0,0.2871448573555309,,KDD123_v2_expected_terminal_value_1_minus_2_p_death,,,support_only,0.0
,23,,0.0053721318546512,,,,grud_world_model,,,,,0.670465170056875,-0.2366817690989456,,,,,4_step_categorical_CEM_receding_horizon_first_action,component_model_planner,5.0436667033527245,grud_world_model_H4_support_plus_uncertainty,60.0,11.0,0.0103235981060516,5.28034847245167,,4_step_categorical_CEM_receding_horizon_first_action,H4,,0.8167020399922386,,,terminal_90d_plus_lactate,60.0,,,,,,3411,49.0,,0.0,,,,1.0,0.2878236933622807,,KDD123_v2_expected_terminal_value_1_minus_2_p_death,,,support_plus_uncertainty,0.0
,23,,0.0111962906317104,,,,grud_world_model,,,,,0.6646410112798158,-0.2308576103218865,,,,,8_step_categorical_CEM_receding_horizon_first_action,component_model_planner,4.78149476751769,grud_world_model_H8_support_only,80.0,7.0,0.0327228336048195,5.012352377839576,,8_step_categorical_CEM_receding_horizon_first_action,H8,,0.811430666879425,,,terminal_90d_plus_lactate,50.0,,,,,,3411,73.0,,0.0,,,,1.0,0.2795700855733834,,KDD123_v2_expected_terminal_value_1_minus_2_p_death,,,support_only,0.0
,23,,0.0121844630890569,,,,grud_world_model,,,,,0.6636528388224693,-0.2298694378645399,,,,,8_step_categorical_CEM_receding_horizon_first_action,component_model_planner,4.855426187338725,grud_world_model_H8_support_plus_uncertainty,85.0,6.0,0.0355921970577814,5.0852956252032655,,8_step_categorical_CEM_receding_horizon_first_action,H8,,0.8146042877175658,,,terminal_90d_plus_lactate,48.0,,,,,,3411,79.0,,0.0,,,,1.0,0.2737307607130993,,KDD123_v2_expected_terminal_value_1_minus_2_p_death,,,support_plus_uncertainty,0.0
,14,,-0.035368961997043,,,,transformer_world_model,,,,,0.7112062639085693,-0.27742286295064,,,,,one_step_exhaustive_supported_action_search,component_model_planner,5.719174447385414,transformer_world_model_H1_support_only,87.0,87.0,0.0,5.996597310336054,,one_step_exhaustive_supported_action_search,H1,,0.7361242415931895,,,terminal_90d_plus_lactate,87.0,,,,,,3411,0.0,,0.0,,,,1.0,0.2737307607130994,,KDD123_v2_expected_terminal_value_1_minus_2_p_death,,,support_only,0.0
,12,,-0.0015804593310829,,,,transformer_world_model,,,,,0.6774177612426092,-0.2436343602846798,,,,,one_step_exhaustive_supported_action_search,component_model_planner,5.715710514053365,transformer_world_model_H1_support_plus_uncertainty,87.0,22.0,0.0289804420963642,5.959344874338044,,one_step_exhaustive_supported_action_search,H1,,0.6821239269207512,,,terminal_90d_plus_lactate,73.0,,,,,,3411,65.0,,0.0,,,,1.0,0.2737307607130994,,KDD123_v2_expected_terminal_value_1_minus_2_p_death,,,support_plus_uncertainty,0.0
,22,,0.0231118004367761,,,,transformer_world_model,,,,,0.6527255014747502,-0.2189421005168208,,,,,4_step_categorical_CEM_receding_horizon_first_action,component_model_planner,5.023609418340431,transformer_world_model_H4_support_only,56.0,17.0,0.0070086694049348,5.242551518857252,,4_step_categorical_CEM_receding_horizon_first_action,H4,,0.8099708057651238,,,terminal_90d_plus_lactate,17.0,,,,,,3411,39.0,,0.0,,,,1.0,0.2871448573555309,,KDD123_v2_expected_terminal_value_1_minus_2_p_death,,,support_only,0.0
,22,,0.0187293324950371,,,,transformer_world_model,,,,,0.6571079694164891,-0.2233245684585597,,,,,4_step_categorical_CEM_receding_horizon_first_action,component_model_planner,5.029596791002713,transformer_world_model_H4_support_plus_uncertainty,57.0,13.0,0.0078982570690751,5.252921359461273,,4_step_categorical_CEM_receding_horizon_first_action,H4,,0.8086942106278396,,,terminal_90d_plus_lactate,36.0,,,,,,3411,44.0,,0.0,,,,1.0,0.2874202074366487,,KDD123_v2_expected_terminal_value_1_minus_2_p_death,,,support_plus_uncertainty,0.0
,23,,0.0111962906317104,,,,transformer_world_model,,,,,0.6646410112798158,-0.2308576103218865,,,,,8_step_categorical_CEM_receding_horizon_first_action,component_model_planner,4.78149476751769,transformer_world_model_H8_support_only,83.0,7.0,0.033569875786429,5.012352377839576,,8_step_categorical_CEM_receding_horizon_first_action,H8,,0.811430666879425,,,terminal_90d_plus_lactate,50.0,,,,,,3411,76.0,,0.0,,,,1.0,0.2795700855733834,,KDD123_v2_expected_terminal_value_1_minus_2_p_death,,,support_only,0.0
,23,,0.0150320493584561,,,,transformer_world_model,,,,,0.6608052525530701,-0.2270218515951407,,,,,8_step_categorical_CEM_receding_horizon_first_action,component_model_planner,4.712350711433107,transformer_world_model_H8_support_plus_uncertainty,86.0,4.0,0.0368803882005844,4.939372563028248,,8_step_categorical_CEM_receding_horizon_first_action,H8,,0.8156739259469757,,,terminal_90d_plus_lactate,45.0,,,,,,3411,82.0,,0.0,,,,1.0,0.2790978605198477,,KDD123_v2_expected_terminal_value_1_minus_2_p_death,,,support_plus_uncertainty,0.0
,14,,-0.035368961997043,,,,dreamer_v3_categorical_rssm,,,,,0.7112062639085693,-0.27742286295064,,,,,one_step_exhaustive_supported_action_search,component_model_planner,5.719174447385414,dreamer_v3_categorical_rssm_H1_support_only,87.0,87.0,0.0,5.996597310336054,,one_step_exhaustive_supported_action_search,H1,,0.7361242415931895,,,terminal_90d_plus_lactate,87.0,,,,,,3411,0.0,,0.0,,,,1.0,0.2737307607130994,,KDD123_v2_expected_terminal_value_1_minus_2_p_death,,,support_only,0.0
,13,,0.0223094883350159,,,,dreamer_v3_categorical_rssm,,,,,0.6535278135765104,-0.2197444126185809,,,,,one_step_exhaustive_supported_action_search,component_model_planner,5.719174447385414,dreamer_v3_categorical_rssm_H1_support_plus_uncertainty,87.0,22.0,0.0333006688256547,5.938918860003994,,one_step_exhaustive_supported_action_search,H1,,0.707032742083642,,,terminal_90d_plus_lactate,22.0,,,,,,3411,65.0,,0.0,,,,1.0,0.2737307607130994,,KDD123_v2_expected_terminal_value_1_minus_2_p_death,,,support_plus_uncertainty,0.0
,22,,0.0231118004367761,,,,dreamer_v3_categorical_rssm,,,,,0.6527255014747502,-0.2189421005168208,,,,,4_step_categorical_CEM_receding_horizon_first_action,component_model_planner,5.023609418340431,dreamer_v3_categorical_rssm_H4_support_only,42.0,17.0,0.0036449814722589,5.242551518857252,,4_step_categorical_CEM_receding_horizon_first_action,H4,,0.8099708057651238,,,terminal_90d_plus_lactate,17.0,,,,,,3411,25.0,,0.0,,,,1.0,0.2871448573555309,,KDD123_v2_expected_terminal_value_1_minus_2_p_death,,,support_only,0.0
,22,,0.0234677311048438,,,,dreamer_v3_categorical_rssm,,,,,0.6523695708066823,-0.218586169848753,,,,,4_step_categorical_CEM_receding_horizon_first_action,component_model_planner,5.042515480558995,dreamer_v3_categorical_rssm_H4_support_plus_uncertainty,41.0,15.0,0.0042190690161004,5.261101650407748,,4_step_categorical_CEM_receding_horizon_first_action,H4,,0.8110615331465744,,,terminal_90d_plus_lactate,16.0,,,,,,3411,26.0,,0.0,,,,1.0,0.287144857355531,,KDD123_v2_expected_terminal_value_1_minus_2_p_death,,,support_plus_uncertainty,0.0
,23,,0.0111962906317104,,,,dreamer_v3_categorical_rssm,,,,,0.6646410112798158,-0.2308576103218865,,,,,8_step_categorical_CEM_receding_horizon_first_action,component_model_planner,4.78149476751769,dreamer_v3_categorical_rssm_H8_support_only,80.0,7.0,0.0327228336048195,5.012352377839576,,8_step_categorical_CEM_receding_horizon_first_action,H8,,0.811430666879425,,,terminal_90d_plus_lactate,50.0,,,,,,3411,73.0,,0.0,,,,1.0,0.2795700855733834,,KDD123_v2_expected_terminal_value_1_minus_2_p_death,,,support_only,0.0
,23,,0.0111962906317104,,,,dreamer_v3_categorical_rssm,,,,,0.6646410112798158,-0.2308576103218865,,,,,8_step_categorical_CEM_receding_horizon_first_action,component_model_planner,4.78149476751769,dreamer_v3_categorical_rssm_H8_support_plus_uncertainty,84.0,5.0,0.0354654646820367,5.012352377839576,,8_step_categorical_CEM_receding_horizon_first_action,H8,,0.811430666879425,,,terminal_90d_plus_lactate,50.0,,,,,,3411,79.0,,0.0,,,,1.0,0.2795700855733834,,KDD123_v2_expected_terminal_value_1_minus_2_p_death,,,support_plus_uncertainty,0.0
,14,,-0.035368961997043,,,,gaussian_transition_ensemble,,,,,0.7112062639085693,-0.27742286295064,,,,,one_step_exhaustive_supported_action_search,component_model_planner,5.719174447385414,gaussian_transition_ensemble_H1_support_only,87.0,87.0,0.0,5.996597310336054,,one_step_exhaustive_supported_action_search,H1,,0.7361242415931895,,,terminal_90d_plus_lactate,87.0,,,,,,3411,0.0,,0.0,,,,1.0,0.2737307607130994,,KDD123_v2_expected_terminal_value_1_minus_2_p_death,,,support_only,0.0
,13,,0.0223094883350159,,,,gaussian_transition_ensemble,,,,,0.6535278135765104,-0.2197444126185809,,,,,one_step_exhaustive_supported_action_search,component_model_planner,5.719174447385414,gaussian_transition_ensemble_H1_support_plus_uncertainty,22.0,22.0,0.0,5.938918860003994,,one_step_exhaustive_supported_action_search,H1,,0.707032742083642,,,terminal_90d_plus_lactate,22.0,,,,,,3411,0.0,,0.0,,,,1.0,0.2737307607130994,,KDD123_v2_expected_terminal_value_1_minus_2_p_death,,,support_plus_uncertainty,0.0
,22,,0.0231118004367761,,,,gaussian_transition_ensemble,,,,,0.6527255014747502,-0.2189421005168208,,,,,4_step_categorical_CEM_receding_horizon_first_action,component_model_planner,5.023609418340431,gaussian_transition_ensemble_H4_support_only,42.0,17.0,0.0036449814722589,5.242551518857252,,4_step_categorical_CEM_receding_horizon_first_action,H4,,0.8099708057651238,,,terminal_90d_plus_lactate,17.0,,,,,,3411,25.0,,0.0,,,,1.0,0.2871448573555309,,KDD123_v2_expected_terminal_value_1_minus_2_p_death,,,support_only,0.0
,23,,0.0230938594468968,,,,gaussian_transition_ensemble,,,,,0.6527434424646295,-0.2189600415067001,,,,,4_step_categorical_CEM_receding_horizon_first_action,component_model_planner,5.013041887966294,gaussian_transition_ensemble_H4_support_plus_uncertainty,39.0,12.0,0.0044140448816435,5.232001929472994,,4_step_categorical_CEM_receding_horizon_first_action,H4,,0.8145068104385847,,,terminal_90d_plus_lactate,21.0,,,,,,3411,27.0,,0.0,,,,1.0,0.287144857355531,,KDD123_v2_expected_terminal_value_1_minus_2_p_death,,,support_plus_uncertainty,0.0
,23,,0.0111962906317104,,,,gaussian_transition_ensemble,,,,,0.6646410112798158,-0.2308576103218865,,,,,8_step_categorical_CEM_receding_horizon_first_action,component_model_planner,4.78149476751769,gaussian_transition_ensemble_H8_support_only,80.0,7.0,0.0327228336048195,5.012352377839576,,8_step_categorical_CEM_receding_horizon_first_action,H8,,0.811430666879425,,,terminal_90d_plus_lactate,50.0,,,,,,3411,73.0,,0.0,,,,1.0,0.2795700855733834,,KDD123_v2_expected_terminal_value_1_minus_2_p_death,,,support_only,0.0
,23,,0.0123066574770439,,,,gaussian_transition_ensemble,,,,,0.6635306444344824,-0.229747243476553,,,,,8_step_categorical_CEM_receding_horizon_first_action,component_model_planner,4.863319975862503,gaussian_transition_ensemble_H8_support_plus_uncertainty,78.0,3.0,0.0327334315920897,5.093067219339056,,8_step_categorical_CEM_receding_horizon_first_action,H8,,0.8124283562624994,,,terminal_90d_plus_lactate,47.0,,,,,,3411,75.0,,0.0,,,,1.0,0.2795700855733834,,KDD123_v2_expected_terminal_value_1_minus_2_p_death,,,support_plus_uncertainty,0.0
,14,,-0.035368961997043,,,,grud_world_model,,,,,0.7112062639085693,-0.27742286295064,,,,,one_step_exhaustive_supported_action_search,component_model_planner,5.719174447385414,grud_world_model_H1_support_only,87.0,87.0,0.0,5.996597310336054,,one_step_exhaustive_supported_action_search,H1,,0.7361242415931895,,,terminal_90d_plus_lactate,87.0,,,,,,3414,0.0,,0.0,,,,1.0,0.2737307607130994,,KDD123_v2_expected_terminal_value_1_minus_2_p_death,,,support_only,0.0
,14,,-0.035368961997043,,,,grud_world_model,,,,,0.7112062639085693,-0.27742286295064,,,,,one_step_exhaustive_supported_action_search,component_model_planner,5.719174447385414,grud_world_model_H1_support_plus_uncertainty,87.0,22.0,0.0333006688256547,5.996597310336054,,one_step_exhaustive_supported_action_search,H1,,0.7361242415931895,,,terminal_90d_plus_lactate,87.0,,,,,,3414,65.0,,0.0,,,,1.0,0.2737307607130994,,KDD123_v2_expected_terminal_value_1_minus_2_p_death,,,support_plus_uncertainty,0.0
,20,,0.0212844533098768,,,,grud_world_model,,,,,0.6545528486016494,-0.22076944764372,,,,,4_step_categorical_CEM_receding_horizon_first_action,component_model_planner,5.370697836815772,grud_world_model_H4_support_only,42.0,17.0,0.0036449814722589,5.591467284459492,,4_step_categorical_CEM_receding_horizon_first_action,H4,,0.7911012526688787,,,terminal_90d_plus_lactate,30.0,,,,,,3414,25.0,,0.0,,,,1.0,0.279647413399178,,KDD123_v2_expected_terminal_value_1_minus_2_p_death,,,support_only,0.0
,21,,0.0258347792328919,,,,grud_world_model,,,,,0.6500025226786343,-0.2162191217207049,,,,,4_step_categorical_CEM_receding_horizon_first_action,component_model_planner,5.355768885239749,grud_world_model_H4_support_plus_uncertainty,60.0,11.0,0.0103235981060516,5.571988006960455,,4_step_categorical_CEM_receding_horizon_first_action,H4,,0.7941972852961758,,,terminal_90d_plus_lactate,11.0,,,,,,3414,49.0,,0.0,,,,1.0,0.279647413399178,,KDD123_v2_expected_terminal_value_1_minus_2_p_death,,,support_plus_uncertainty,0.0
,22,,0.051856879152745,,,,grud_world_model,,,,,0.6239804227587813,-0.1901970218008519,,,,,8_step_categorical_CEM_receding_horizon_first_action,component_model_planner,4.836690730288933,grud_world_model_H8_support_only,80.0,7.0,0.0327228336048195,5.026887752089785,,8_step_categorical_CEM_receding_horizon_first_action,H8,,0.8069460148307872,,,terminal_90d_plus_lactate,7.0,,,,,,3414,73.0,,0.0,,,,1.0,0.2808566242501744,,KDD123_v2_expected_terminal_value_1_minus_2_p_death,,,support_only,0.0
,22,,0.0545208016047119,,,,grud_world_model,,,,,0.6213165003068144,-0.187533099348885,,,,,8_step_categorical_CEM_receding_horizon_first_action,component_model_planner,4.804265062715997,grud_world_model_H8_support_plus_uncertainty,85.0,6.0,0.0355921970577814,4.991798162064882,,8_step_categorical_CEM_receding_horizon_first_action,H8,,0.8056312690411065,,,terminal_90d_plus_lactate,6.0,,,,,,3414,79.0,,0.0,,,,1.0,0.2836267490429769,,KDD123_v2_expected_terminal_value_1_minus_2_p_death,,,support_plus_uncertainty,0.0
,14,,-0.035368961997043,,,,transformer_world_model,,,,,0.7112062639085693,-0.27742286295064,,,,,one_step_exhaustive_supported_action_search,component_model_planner,5.719174447385414,transformer_world_model_H1_support_only,87.0,87.0,0.0,5.996597310336054,,one_step_exhaustive_supported_action_search,H1,,0.7361242415931895,,,terminal_90d_plus_lactate,87.0,,,,,,3414,0.0,,0.0,,,,1.0,0.2737307607130994,,KDD123_v2_expected_terminal_value_1_minus_2_p_death,,,support_only,0.0
,14,,-0.035368961997043,,,,transformer_world_model,,,,,0.7112062639085693,-0.27742286295064,,,,,one_step_exhaustive_supported_action_search,component_model_planner,5.719174447385414,transformer_world_model_H1_support_plus_uncertainty,87.0,22.0,0.0289804420963642,5.996597310336054,,one_step_exhaustive_supported_action_search,H1,,0.7361242415931895,,,terminal_90d_plus_lactate,87.0,,,,,,3414,65.0,,0.0,,,,1.0,0.2737307607130994,,KDD123_v2_expected_terminal_value_1_minus_2_p_death,,,support_plus_uncertainty,0.0
,20,,0.0212844533098768,,,,transformer_world_model,,,,,0.6545528486016494,-0.22076944764372,,,,,4_step_categorical_CEM_receding_horizon_first_action,component_model_planner,5.370697836815772,transformer_world_model_H4_support_only,56.0,17.0,0.0070086694049348,5.591467284459492,,4_step_categorical_CEM_receding_horizon_first_action,H4,,0.7911012526688787,,,terminal_90d_plus_lactate,30.0,,,,,,3414,39.0,,0.0,,,,1.0,0.279647413399178,,KDD123_v2_expected_terminal_value_1_minus_2_p_death,,,support_only,0.0
,20,,0.0247886612808171,,,,transformer_world_model,,,,,0.6510486406307091,-0.2172652396727797,,,,,4_step_categorical_CEM_receding_horizon_first_action,component_model_planner,5.344119939040577,transformer_world_model_H4_support_plus_uncertainty,57.0,13.0,0.0078982570690751,5.561385178713357,,4_step_categorical_CEM_receding_horizon_first_action,H4,,0.795420225054838,,,terminal_90d_plus_lactate,13.0,,,,,,3414,44.0,,0.0,,,,1.0,0.279647413399178,,KDD123_v2_expected_terminal_value_1_minus_2_p_death,,,support_plus_uncertainty,0.0
,22,,0.051856879152745,,,,transformer_world_model,,,,,0.6239804227587813,-0.1901970218008519,,,,,8_step_categorical_CEM_receding_horizon_first_action,component_model_planner,4.836690730288933,transformer_world_model_H8_support_only,83.0,7.0,0.033569875786429,5.026887752089785,,8_step_categorical_CEM_receding_horizon_first_action,H8,,0.8069460148307872,,,terminal_90d_plus_lactate,7.0,,,,,,3414,76.0,,0.0,,,,1.0,0.2808566242501744,,KDD123_v2_expected_terminal_value_1_minus_2_p_death,,,support_only,0.0
,22,,0.0550101789426623,,,,transformer_world_model,,,,,0.620827122968864,-0.1870437220109346,,,,,8_step_categorical_CEM_receding_horizon_first_action,component_model_planner,4.728775678136483,transformer_world_model_H8_support_plus_uncertainty,86.0,4.0,0.0368803882005844,4.915819400147417,,8_step_categorical_CEM_receding_horizon_first_action,H8,,0.8102720028366789,,,terminal_90d_plus_lactate,4.0,,,,,,3414,82.0,,0.0,,,,1.0,0.2808366297189323,,KDD123_v2_expected_terminal_value_1_minus_2_p_death,,,support_plus_uncertainty,0.0
,14,,-0.035368961997043,,,,dreamer_v3_categorical_rssm,,,,,0.7112062639085693,-0.27742286295064,,,,,one_step_exhaustive_supported_action_search,component_model_planner,5.719174447385414,dreamer_v3_categorical_rssm_H1_support_only,87.0,87.0,0.0,5.996597310336054,,one_step_exhaustive_supported_action_search,H1,,0.7361242415931895,,,terminal_90d_plus_lactate,87.0,,,,,,3414,0.0,,0.0,,,,1.0,0.2737307607130994,,KDD123_v2_expected_terminal_value_1_minus_2_p_death,,,support_only,0.0
,13,,0.0223094883350159,,,,dreamer_v3_categorical_rssm,,,,,0.6535278135765104,-0.2197444126185809,,,,,one_step_exhaustive_supported_action_search,component_model_planner,5.719174447385414,dreamer_v3_categorical_rssm_H1_support_plus_uncertainty,87.0,22.0,0.0333006688256547,5.938918860003994,,one_step_exhaustive_supported_action_search,H1,,0.707032742083642,,,terminal_90d_plus_lactate,22.0,,,,,,3414,65.0,,0.0,,,,1.0,0.2737307607130994,,KDD123_v2_expected_terminal_value_1_minus_2_p_death,,,support_plus_uncertainty,0.0
,20,,0.0212844533098768,,,,dreamer_v3_categorical_rssm,,,,,0.6545528486016494,-0.22076944764372,,,,,4_step_categorical_CEM_receding_horizon_first_action,component_model_planner,5.370697836815772,dreamer_v3_categorical_rssm_H4_support_only,42.0,17.0,0.0036449814722589,5.591467284459492,,4_step_categorical_CEM_receding_horizon_first_action,H4,,0.7911012526688787,,,terminal_90d_plus_lactate,30.0,,,,,,3414,25.0,,0.0,,,,1.0,0.279647413399178,,KDD123_v2_expected_terminal_value_1_minus_2_p_death,,,support_only,0.0
,20,,0.0235727846916227,,,,dreamer_v3_categorical_rssm,,,,,0.6522645172199035,-0.2184811162619742,,,,,4_step_categorical_CEM_receding_horizon_first_action,component_model_planner,5.3781331573085325,dreamer_v3_categorical_rssm_H4_support_plus_uncertainty,41.0,15.0,0.0042190690161004,5.596614273570506,,4_step_categorical_CEM_receding_horizon_first_action,H4,,0.788276619214062,,,terminal_90d_plus_lactate,15.0,,,,,,3414,26.0,,0.0,,,,1.0,0.279647413399178,,KDD123_v2_expected_terminal_value_1_minus_2_p_death,,,support_plus_uncertainty,0.0
,22,,0.051856879152745,,,,dreamer_v3_categorical_rssm,,,,,0.6239804227587813,-0.1901970218008519,,,,,8_step_categorical_CEM_receding_horizon_first_action,component_model_planner,4.836690730288933,dreamer_v3_categorical_rssm_H8_support_only,80.0,7.0,0.0327228336048195,5.026887752089785,,8_step_categorical_CEM_receding_horizon_first_action,H8,,0.8069460148307872,,,terminal_90d_plus_lactate,7.0,,,,,,3414,73.0,,0.0,,,,1.0,0.2808566242501744,,KDD123_v2_expected_terminal_value_1_minus_2_p_death,,,support_only,0.0
,22,,0.054587421143305,,,,dreamer_v3_categorical_rssm,,,,,0.6212498807682212,-0.1874664798102918,,,,,8_step_categorical_CEM_receding_horizon_first_action,component_model_planner,4.83652260046286,dreamer_v3_categorical_rssm_H8_support_plus_uncertainty,84.0,5.0,0.0354654646820367,5.023989080273152,,8_step_categorical_CEM_receding_horizon_first_action,H8,,0.8048127815038787,,,terminal_90d_plus_lactate,5.0,,,,,,3414,79.0,,0.0,,,,1.0,0.2808566242501744,,KDD123_v2_expected_terminal_value_1_minus_2_p_death,,,support_plus_uncertainty,0.0
,14,,-0.035368961997043,,,,gaussian_transition_ensemble,,,,,0.7112062639085693,-0.27742286295064,,,,,one_step_exhaustive_supported_action_search,component_model_planner,5.719174447385414,gaussian_transition_ensemble_H1_support_only,87.0,87.0,0.0,5.996597310336054,,one_step_exhaustive_supported_action_search,H1,,0.7361242415931895,,,terminal_90d_plus_lactate,87.0,,,,,,3414,0.0,,0.0,,,,1.0,0.2737307607130994,,KDD123_v2_expected_terminal_value_1_minus_2_p_death,,,support_only,0.0
,13,,0.0223094883350159,,,,gaussian_transition_ensemble,,,,,0.6535278135765104,-0.2197444126185809,,,,,one_step_exhaustive_supported_action_search,component_model_planner,5.719174447385414,gaussian_transition_ensemble_H1_support_plus_uncertainty,22.0,22.0,0.0,5.938918860003994,,one_step_exhaustive_supported_action_search,H1,,0.707032742083642,,,terminal_90d_plus_lactate,22.0,,,,,,3414,0.0,,0.0,,,,1.0,0.2737307607130994,,KDD123_v2_expected_terminal_value_1_minus_2_p_death,,,support_plus_uncertainty,0.0
,20,,0.0212844533098768,,,,gaussian_transition_ensemble,,,,,0.6545528486016494,-0.22076944764372,,,,,4_step_categorical_CEM_receding_horizon_first_action,component_model_planner,5.370697836815772,gaussian_transition_ensemble_H4_support_only,42.0,17.0,0.0036449814722589,5.591467284459492,,4_step_categorical_CEM_receding_horizon_first_action,H4,,0.7911012526688787,,,terminal_90d_plus_lactate,30.0,,,,,,3414,25.0,,0.0,,,,1.0,0.279647413399178,,KDD123_v2_expected_terminal_value_1_minus_2_p_death,,,support_only,0.0
,20,,0.0251726458168292,,,,gaussian_transition_ensemble,,,,,0.6506646560946969,-0.2168812551367676,,,,,4_step_categorical_CEM_receding_horizon_first_action,component_model_planner,5.3781331573085325,gaussian_transition_ensemble_H4_support_plus_uncertainty,39.0,12.0,0.0044140448816435,5.5950144124453,,4_step_categorical_CEM_receding_horizon_first_action,H4,,0.7889004122204417,,,terminal_90d_plus_lactate,12.0,,,,,,3414,27.0,,0.0,,,,1.0,0.279647413399178,,KDD123_v2_expected_terminal_value_1_minus_2_p_death,,,support_plus_uncertainty,0.0
,22,,0.051856879152745,,,,gaussian_transition_ensemble,,,,,0.6239804227587813,-0.1901970218008519,,,,,8_step_categorical_CEM_receding_horizon_first_action,component_model_planner,4.836690730288933,gaussian_transition_ensemble_H8_support_only,80.0,7.0,0.0327228336048195,5.026887752089785,,8_step_categorical_CEM_receding_horizon_first_action,H8,,0.8069460148307872,,,terminal_90d_plus_lactate,7.0,,,,,,3414,73.0,,0.0,,,,1.0,0.2808566242501744,,KDD123_v2_expected_terminal_value_1_minus_2_p_death,,,support_only,0.0
,22,,0.0577467255738582,,,,gaussian_transition_ensemble,,,,,0.6180905763376681,-0.1843071753797386,,,,,8_step_categorical_CEM_receding_horizon_first_action,component_model_planner,4.8302966368469615,gaussian_transition_ensemble_H8_support_plus_uncertainty,78.0,3.0,0.0327334315920897,5.0146038122267,,8_step_categorical_CEM_receding_horizon_first_action,H8,,0.8028584683060304,,,terminal_90d_plus_lactate,3.0,,,,,,3414,75.0,,0.0,,,,1.0,0.2832941195134942,,KDD123_v2_expected_terminal_value_1_minus_2_p_death,,,support_plus_uncertainty,0.0
