task,reward_contract,policy,seed,horizon,estimator,denominator,clip,evidence_status,descriptive_not_authorization
sepsis,terminal_90d_only,behavior_cloning,3408,1,IS,historical_knn,none,reported_supported,True
sepsis,terminal_90d_only,behavior_cloning,3408,1,WIS,historical_knn,none,reported_supported,True
sepsis,terminal_90d_only,behavior_cloning,3408,1,PDIS,historical_knn,none,reported_supported,True
sepsis,terminal_90d_only,behavior_cloning,3408,1,WPDIS,historical_knn,none,reported_supported,True
sepsis,terminal_90d_only,behavior_cloning,3408,1,CWPDIS,historical_knn,none,reported_supported,True
sepsis,terminal_90d_only,behavior_cloning,3408,1,DR,historical_knn,none,reported_supported,True
sepsis,terminal_90d_only,behavior_cloning,3408,1,WDR,historical_knn,none,reported_supported,True
sepsis,terminal_90d_only,behavior_cloning,3408,1,FQE,historical_knn,none,reported_supported,True
sepsis,terminal_90d_only,behavior_cloning,3408,1,support_restricted_WPDIS,historical_knn,none,reported_supported,True
sepsis,terminal_90d_only,behavior_cloning,3408,1,IS,historical_knn,20.0,reported_supported,True
sepsis,terminal_90d_only,behavior_cloning,3408,1,WIS,historical_knn,20.0,reported_supported,True
sepsis,terminal_90d_only,behavior_cloning,3408,1,PDIS,historical_knn,20.0,reported_supported,True
sepsis,terminal_90d_only,behavior_cloning,3408,1,WPDIS,historical_knn,20.0,reported_supported,True
sepsis,terminal_90d_only,behavior_cloning,3408,1,CWPDIS,historical_knn,20.0,reported_supported,True
sepsis,terminal_90d_only,behavior_cloning,3408,1,DR,historical_knn,20.0,reported_supported,True
sepsis,terminal_90d_only,behavior_cloning,3408,1,WDR,historical_knn,20.0,reported_supported,True
sepsis,terminal_90d_only,behavior_cloning,3408,1,FQE,historical_knn,20.0,reported_supported,True
sepsis,terminal_90d_only,behavior_cloning,3408,1,support_restricted_WPDIS,historical_knn,20.0,reported_supported,True
sepsis,terminal_90d_only,behavior_cloning,3408,1,IS,neural_classifier,none,reported_supported,True
sepsis,terminal_90d_only,behavior_cloning,3408,1,WIS,neural_classifier,none,reported_supported,True
sepsis,terminal_90d_only,behavior_cloning,3408,1,PDIS,neural_classifier,none,reported_supported,True
sepsis,terminal_90d_only,behavior_cloning,3408,1,WPDIS,neural_classifier,none,reported_supported,True
sepsis,terminal_90d_only,behavior_cloning,3408,1,CWPDIS,neural_classifier,none,reported_supported,True
sepsis,terminal_90d_only,behavior_cloning,3408,1,DR,neural_classifier,none,reported_supported,True
sepsis,terminal_90d_only,behavior_cloning,3408,1,WDR,neural_classifier,none,reported_supported,True
sepsis,terminal_90d_only,behavior_cloning,3408,1,FQE,neural_classifier,none,reported_supported,True
sepsis,terminal_90d_only,behavior_cloning,3408,1,support_restricted_WPDIS,neural_classifier,none,reported_supported,True
sepsis,terminal_90d_only,behavior_cloning,3408,1,IS,neural_classifier,20.0,reported_supported,True
sepsis,terminal_90d_only,behavior_cloning,3408,1,WIS,neural_classifier,20.0,reported_supported,True
sepsis,terminal_90d_only,behavior_cloning,3408,1,PDIS,neural_classifier,20.0,reported_supported,True
sepsis,terminal_90d_only,behavior_cloning,3408,1,WPDIS,neural_classifier,20.0,reported_supported,True
sepsis,terminal_90d_only,behavior_cloning,3408,1,CWPDIS,neural_classifier,20.0,reported_supported,True
sepsis,terminal_90d_only,behavior_cloning,3408,1,DR,neural_classifier,20.0,reported_supported,True
sepsis,terminal_90d_only,behavior_cloning,3408,1,WDR,neural_classifier,20.0,reported_supported,True
sepsis,terminal_90d_only,behavior_cloning,3408,1,FQE,neural_classifier,20.0,reported_supported,True
sepsis,terminal_90d_only,behavior_cloning,3408,1,support_restricted_WPDIS,neural_classifier,20.0,reported_supported,True
sepsis,terminal_90d_only,behavior_cloning,3408,4,IS,historical_knn,none,reported_support_fragile,True
sepsis,terminal_90d_only,behavior_cloning,3408,4,WIS,historical_knn,none,reported_support_fragile,True
sepsis,terminal_90d_only,behavior_cloning,3408,4,PDIS,historical_knn,none,reported_support_fragile,True
sepsis,terminal_90d_only,behavior_cloning,3408,4,WPDIS,historical_knn,none,reported_support_fragile,True
sepsis,terminal_90d_only,behavior_cloning,3408,4,CWPDIS,historical_knn,none,reported_support_fragile,True
sepsis,terminal_90d_only,behavior_cloning,3408,4,DR,historical_knn,none,reported_support_fragile,True
sepsis,terminal_90d_only,behavior_cloning,3408,4,WDR,historical_knn,none,reported_support_fragile,True
sepsis,terminal_90d_only,behavior_cloning,3408,4,FQE,historical_knn,none,reported_support_fragile,True
sepsis,terminal_90d_only,behavior_cloning,3408,4,support_restricted_WPDIS,historical_knn,none,reported_support_fragile,True
sepsis,terminal_90d_only,behavior_cloning,3408,4,IS,historical_knn,20.0,reported_support_fragile,True
sepsis,terminal_90d_only,behavior_cloning,3408,4,WIS,historical_knn,20.0,reported_support_fragile,True
sepsis,terminal_90d_only,behavior_cloning,3408,4,PDIS,historical_knn,20.0,reported_support_fragile,True
sepsis,terminal_90d_only,behavior_cloning,3408,4,WPDIS,historical_knn,20.0,reported_support_fragile,True
sepsis,terminal_90d_only,behavior_cloning,3408,4,CWPDIS,historical_knn,20.0,reported_support_fragile,True
sepsis,terminal_90d_only,behavior_cloning,3408,4,DR,historical_knn,20.0,reported_support_fragile,True
sepsis,terminal_90d_only,behavior_cloning,3408,4,WDR,historical_knn,20.0,reported_support_fragile,True
sepsis,terminal_90d_only,behavior_cloning,3408,4,FQE,historical_knn,20.0,reported_support_fragile,True
sepsis,terminal_90d_only,behavior_cloning,3408,4,support_restricted_WPDIS,historical_knn,20.0,reported_support_fragile,True
sepsis,terminal_90d_only,behavior_cloning,3408,4,IS,neural_classifier,none,reported_supported,True
sepsis,terminal_90d_only,behavior_cloning,3408,4,WIS,neural_classifier,none,reported_supported,True
sepsis,terminal_90d_only,behavior_cloning,3408,4,PDIS,neural_classifier,none,reported_supported,True
sepsis,terminal_90d_only,behavior_cloning,3408,4,WPDIS,neural_classifier,none,reported_supported,True
sepsis,terminal_90d_only,behavior_cloning,3408,4,CWPDIS,neural_classifier,none,reported_supported,True
sepsis,terminal_90d_only,behavior_cloning,3408,4,DR,neural_classifier,none,reported_supported,True
sepsis,terminal_90d_only,behavior_cloning,3408,4,WDR,neural_classifier,none,reported_supported,True
sepsis,terminal_90d_only,behavior_cloning,3408,4,FQE,neural_classifier,none,reported_supported,True
sepsis,terminal_90d_only,behavior_cloning,3408,4,support_restricted_WPDIS,neural_classifier,none,reported_supported,True
sepsis,terminal_90d_only,behavior_cloning,3408,4,IS,neural_classifier,20.0,reported_supported,True
sepsis,terminal_90d_only,behavior_cloning,3408,4,WIS,neural_classifier,20.0,reported_supported,True
sepsis,terminal_90d_only,behavior_cloning,3408,4,PDIS,neural_classifier,20.0,reported_supported,True
sepsis,terminal_90d_only,behavior_cloning,3408,4,WPDIS,neural_classifier,20.0,reported_supported,True
sepsis,terminal_90d_only,behavior_cloning,3408,4,CWPDIS,neural_classifier,20.0,reported_supported,True
sepsis,terminal_90d_only,behavior_cloning,3408,4,DR,neural_classifier,20.0,reported_supported,True
sepsis,terminal_90d_only,behavior_cloning,3408,4,WDR,neural_classifier,20.0,reported_supported,True
sepsis,terminal_90d_only,behavior_cloning,3408,4,FQE,neural_classifier,20.0,reported_supported,True
sepsis,terminal_90d_only,behavior_cloning,3408,4,support_restricted_WPDIS,neural_classifier,20.0,reported_supported,True
sepsis,terminal_90d_only,behavior_cloning,3408,8,IS,historical_knn,none,reported_support_fragile,True
sepsis,terminal_90d_only,behavior_cloning,3408,8,WIS,historical_knn,none,reported_support_fragile,True
sepsis,terminal_90d_only,behavior_cloning,3408,8,PDIS,historical_knn,none,reported_support_fragile,True
sepsis,terminal_90d_only,behavior_cloning,3408,8,WPDIS,historical_knn,none,reported_support_fragile,True
sepsis,terminal_90d_only,behavior_cloning,3408,8,CWPDIS,historical_knn,none,reported_support_fragile,True
sepsis,terminal_90d_only,behavior_cloning,3408,8,DR,historical_knn,none,reported_support_fragile,True
sepsis,terminal_90d_only,behavior_cloning,3408,8,WDR,historical_knn,none,reported_support_fragile,True
sepsis,terminal_90d_only,behavior_cloning,3408,8,FQE,historical_knn,none,reported_support_fragile,True
sepsis,terminal_90d_only,behavior_cloning,3408,8,support_restricted_WPDIS,historical_knn,none,reported_support_fragile,True
sepsis,terminal_90d_only,behavior_cloning,3408,8,IS,historical_knn,20.0,reported_support_fragile,True
sepsis,terminal_90d_only,behavior_cloning,3408,8,WIS,historical_knn,20.0,reported_support_fragile,True
sepsis,terminal_90d_only,behavior_cloning,3408,8,PDIS,historical_knn,20.0,reported_support_fragile,True
sepsis,terminal_90d_only,behavior_cloning,3408,8,WPDIS,historical_knn,20.0,reported_support_fragile,True
sepsis,terminal_90d_only,behavior_cloning,3408,8,CWPDIS,historical_knn,20.0,reported_support_fragile,True
sepsis,terminal_90d_only,behavior_cloning,3408,8,DR,historical_knn,20.0,reported_support_fragile,True
sepsis,terminal_90d_only,behavior_cloning,3408,8,WDR,historical_knn,20.0,reported_support_fragile,True
sepsis,terminal_90d_only,behavior_cloning,3408,8,FQE,historical_knn,20.0,reported_support_fragile,True
sepsis,terminal_90d_only,behavior_cloning,3408,8,support_restricted_WPDIS,historical_knn,20.0,reported_support_fragile,True
sepsis,terminal_90d_only,behavior_cloning,3408,8,IS,neural_classifier,none,reported_supported,True
sepsis,terminal_90d_only,behavior_cloning,3408,8,WIS,neural_classifier,none,reported_supported,True
sepsis,terminal_90d_only,behavior_cloning,3408,8,PDIS,neural_classifier,none,reported_supported,True
sepsis,terminal_90d_only,behavior_cloning,3408,8,WPDIS,neural_classifier,none,reported_supported,True
sepsis,terminal_90d_only,behavior_cloning,3408,8,CWPDIS,neural_classifier,none,reported_supported,True
sepsis,terminal_90d_only,behavior_cloning,3408,8,DR,neural_classifier,none,reported_supported,True
sepsis,terminal_90d_only,behavior_cloning,3408,8,WDR,neural_classifier,none,reported_supported,True
sepsis,terminal_90d_only,behavior_cloning,3408,8,FQE,neural_classifier,none,reported_supported,True
sepsis,terminal_90d_only,behavior_cloning,3408,8,support_restricted_WPDIS,neural_classifier,none,reported_supported,True
sepsis,terminal_90d_only,behavior_cloning,3408,8,IS,neural_classifier,20.0,reported_supported,True
sepsis,terminal_90d_only,behavior_cloning,3408,8,WIS,neural_classifier,20.0,reported_supported,True
sepsis,terminal_90d_only,behavior_cloning,3408,8,PDIS,neural_classifier,20.0,reported_supported,True
sepsis,terminal_90d_only,behavior_cloning,3408,8,WPDIS,neural_classifier,20.0,reported_supported,True
sepsis,terminal_90d_only,behavior_cloning,3408,8,CWPDIS,neural_classifier,20.0,reported_supported,True
sepsis,terminal_90d_only,behavior_cloning,3408,8,DR,neural_classifier,20.0,reported_supported,True
sepsis,terminal_90d_only,behavior_cloning,3408,8,WDR,neural_classifier,20.0,reported_supported,True
sepsis,terminal_90d_only,behavior_cloning,3408,8,FQE,neural_classifier,20.0,reported_supported,True
sepsis,terminal_90d_only,behavior_cloning,3408,8,support_restricted_WPDIS,neural_classifier,20.0,reported_supported,True
sepsis,terminal_90d_only,discrete_bcq,3408,1,IS,historical_knn,none,reported_support_fragile,True
sepsis,terminal_90d_only,discrete_bcq,3408,1,WIS,historical_knn,none,reported_support_fragile,True
sepsis,terminal_90d_only,discrete_bcq,3408,1,PDIS,historical_knn,none,reported_support_fragile,True
sepsis,terminal_90d_only,discrete_bcq,3408,1,WPDIS,historical_knn,none,reported_support_fragile,True
sepsis,terminal_90d_only,discrete_bcq,3408,1,CWPDIS,historical_knn,none,reported_support_fragile,True
sepsis,terminal_90d_only,discrete_bcq,3408,1,DR,historical_knn,none,reported_support_fragile,True
sepsis,terminal_90d_only,discrete_bcq,3408,1,WDR,historical_knn,none,reported_support_fragile,True
sepsis,terminal_90d_only,discrete_bcq,3408,1,FQE,historical_knn,none,reported_support_fragile,True
sepsis,terminal_90d_only,discrete_bcq,3408,1,support_restricted_WPDIS,historical_knn,none,reported_support_fragile,True
sepsis,terminal_90d_only,discrete_bcq,3408,1,IS,historical_knn,20.0,reported_support_fragile,True
sepsis,terminal_90d_only,discrete_bcq,3408,1,WIS,historical_knn,20.0,reported_support_fragile,True
sepsis,terminal_90d_only,discrete_bcq,3408,1,PDIS,historical_knn,20.0,reported_support_fragile,True
sepsis,terminal_90d_only,discrete_bcq,3408,1,WPDIS,historical_knn,20.0,reported_support_fragile,True
sepsis,terminal_90d_only,discrete_bcq,3408,1,CWPDIS,historical_knn,20.0,reported_support_fragile,True
sepsis,terminal_90d_only,discrete_bcq,3408,1,DR,historical_knn,20.0,reported_support_fragile,True
sepsis,terminal_90d_only,discrete_bcq,3408,1,WDR,historical_knn,20.0,reported_support_fragile,True
sepsis,terminal_90d_only,discrete_bcq,3408,1,FQE,historical_knn,20.0,reported_support_fragile,True
sepsis,terminal_90d_only,discrete_bcq,3408,1,support_restricted_WPDIS,historical_knn,20.0,reported_support_fragile,True
sepsis,terminal_90d_only,discrete_bcq,3408,1,IS,neural_classifier,none,reported_support_fragile,True
sepsis,terminal_90d_only,discrete_bcq,3408,1,WIS,neural_classifier,none,reported_support_fragile,True
sepsis,terminal_90d_only,discrete_bcq,3408,1,PDIS,neural_classifier,none,reported_support_fragile,True
sepsis,terminal_90d_only,discrete_bcq,3408,1,WPDIS,neural_classifier,none,reported_support_fragile,True
sepsis,terminal_90d_only,discrete_bcq,3408,1,CWPDIS,neural_classifier,none,reported_support_fragile,True
sepsis,terminal_90d_only,discrete_bcq,3408,1,DR,neural_classifier,none,reported_support_fragile,True
sepsis,terminal_90d_only,discrete_bcq,3408,1,WDR,neural_classifier,none,reported_support_fragile,True
sepsis,terminal_90d_only,discrete_bcq,3408,1,FQE,neural_classifier,none,reported_support_fragile,True
sepsis,terminal_90d_only,discrete_bcq,3408,1,support_restricted_WPDIS,neural_classifier,none,reported_support_fragile,True
sepsis,terminal_90d_only,discrete_bcq,3408,1,IS,neural_classifier,20.0,reported_support_fragile,True
sepsis,terminal_90d_only,discrete_bcq,3408,1,WIS,neural_classifier,20.0,reported_support_fragile,True
sepsis,terminal_90d_only,discrete_bcq,3408,1,PDIS,neural_classifier,20.0,reported_support_fragile,True
sepsis,terminal_90d_only,discrete_bcq,3408,1,WPDIS,neural_classifier,20.0,reported_support_fragile,True
sepsis,terminal_90d_only,discrete_bcq,3408,1,CWPDIS,neural_classifier,20.0,reported_support_fragile,True
sepsis,terminal_90d_only,discrete_bcq,3408,1,DR,neural_classifier,20.0,reported_support_fragile,True
sepsis,terminal_90d_only,discrete_bcq,3408,1,WDR,neural_classifier,20.0,reported_support_fragile,True
sepsis,terminal_90d_only,discrete_bcq,3408,1,FQE,neural_classifier,20.0,reported_support_fragile,True
sepsis,terminal_90d_only,discrete_bcq,3408,1,support_restricted_WPDIS,neural_classifier,20.0,reported_support_fragile,True
sepsis,terminal_90d_only,discrete_bcq,3408,4,IS,historical_knn,none,reported_support_fragile,True
sepsis,terminal_90d_only,discrete_bcq,3408,4,WIS,historical_knn,none,reported_support_fragile,True
sepsis,terminal_90d_only,discrete_bcq,3408,4,PDIS,historical_knn,none,reported_support_fragile,True
sepsis,terminal_90d_only,discrete_bcq,3408,4,WPDIS,historical_knn,none,reported_support_fragile,True
sepsis,terminal_90d_only,discrete_bcq,3408,4,CWPDIS,historical_knn,none,reported_support_fragile,True
sepsis,terminal_90d_only,discrete_bcq,3408,4,DR,historical_knn,none,reported_support_fragile,True
sepsis,terminal_90d_only,discrete_bcq,3408,4,WDR,historical_knn,none,reported_support_fragile,True
sepsis,terminal_90d_only,discrete_bcq,3408,4,FQE,historical_knn,none,reported_support_fragile,True
sepsis,terminal_90d_only,discrete_bcq,3408,4,support_restricted_WPDIS,historical_knn,none,reported_support_fragile,True
sepsis,terminal_90d_only,discrete_bcq,3408,4,IS,historical_knn,20.0,reported_support_fragile,True
sepsis,terminal_90d_only,discrete_bcq,3408,4,WIS,historical_knn,20.0,reported_support_fragile,True
sepsis,terminal_90d_only,discrete_bcq,3408,4,PDIS,historical_knn,20.0,reported_support_fragile,True
sepsis,terminal_90d_only,discrete_bcq,3408,4,WPDIS,historical_knn,20.0,reported_support_fragile,True
sepsis,terminal_90d_only,discrete_bcq,3408,4,CWPDIS,historical_knn,20.0,reported_support_fragile,True
sepsis,terminal_90d_only,discrete_bcq,3408,4,DR,historical_knn,20.0,reported_support_fragile,True
sepsis,terminal_90d_only,discrete_bcq,3408,4,WDR,historical_knn,20.0,reported_support_fragile,True
sepsis,terminal_90d_only,discrete_bcq,3408,4,FQE,historical_knn,20.0,reported_support_fragile,True
sepsis,terminal_90d_only,discrete_bcq,3408,4,support_restricted_WPDIS,historical_knn,20.0,reported_support_fragile,True
sepsis,terminal_90d_only,discrete_bcq,3408,4,IS,neural_classifier,none,reported_support_fragile,True
sepsis,terminal_90d_only,discrete_bcq,3408,4,WIS,neural_classifier,none,reported_support_fragile,True
sepsis,terminal_90d_only,discrete_bcq,3408,4,PDIS,neural_classifier,none,reported_support_fragile,True
sepsis,terminal_90d_only,discrete_bcq,3408,4,WPDIS,neural_classifier,none,reported_support_fragile,True
sepsis,terminal_90d_only,discrete_bcq,3408,4,CWPDIS,neural_classifier,none,reported_support_fragile,True
sepsis,terminal_90d_only,discrete_bcq,3408,4,DR,neural_classifier,none,reported_support_fragile,True
sepsis,terminal_90d_only,discrete_bcq,3408,4,WDR,neural_classifier,none,reported_support_fragile,True
sepsis,terminal_90d_only,discrete_bcq,3408,4,FQE,neural_classifier,none,reported_support_fragile,True
sepsis,terminal_90d_only,discrete_bcq,3408,4,support_restricted_WPDIS,neural_classifier,none,reported_support_fragile,True
sepsis,terminal_90d_only,discrete_bcq,3408,4,IS,neural_classifier,20.0,reported_support_fragile,True
sepsis,terminal_90d_only,discrete_bcq,3408,4,WIS,neural_classifier,20.0,reported_support_fragile,True
sepsis,terminal_90d_only,discrete_bcq,3408,4,PDIS,neural_classifier,20.0,reported_support_fragile,True
sepsis,terminal_90d_only,discrete_bcq,3408,4,WPDIS,neural_classifier,20.0,reported_support_fragile,True
sepsis,terminal_90d_only,discrete_bcq,3408,4,CWPDIS,neural_classifier,20.0,reported_support_fragile,True
sepsis,terminal_90d_only,discrete_bcq,3408,4,DR,neural_classifier,20.0,reported_support_fragile,True
sepsis,terminal_90d_only,discrete_bcq,3408,4,WDR,neural_classifier,20.0,reported_support_fragile,True
sepsis,terminal_90d_only,discrete_bcq,3408,4,FQE,neural_classifier,20.0,reported_support_fragile,True
sepsis,terminal_90d_only,discrete_bcq,3408,4,support_restricted_WPDIS,neural_classifier,20.0,reported_support_fragile,True
sepsis,terminal_90d_only,discrete_bcq,3408,8,IS,historical_knn,none,reported_support_fragile,True
sepsis,terminal_90d_only,discrete_bcq,3408,8,WIS,historical_knn,none,reported_support_fragile,True
sepsis,terminal_90d_only,discrete_bcq,3408,8,PDIS,historical_knn,none,reported_support_fragile,True
sepsis,terminal_90d_only,discrete_bcq,3408,8,WPDIS,historical_knn,none,reported_support_fragile,True
sepsis,terminal_90d_only,discrete_bcq,3408,8,CWPDIS,historical_knn,none,reported_support_fragile,True
sepsis,terminal_90d_only,discrete_bcq,3408,8,DR,historical_knn,none,reported_support_fragile,True
sepsis,terminal_90d_only,discrete_bcq,3408,8,WDR,historical_knn,none,reported_support_fragile,True
sepsis,terminal_90d_only,discrete_bcq,3408,8,FQE,historical_knn,none,reported_support_fragile,True
sepsis,terminal_90d_only,discrete_bcq,3408,8,support_restricted_WPDIS,historical_knn,none,reported_support_fragile,True
sepsis,terminal_90d_only,discrete_bcq,3408,8,IS,historical_knn,20.0,reported_support_fragile,True
sepsis,terminal_90d_only,discrete_bcq,3408,8,WIS,historical_knn,20.0,reported_support_fragile,True
sepsis,terminal_90d_only,discrete_bcq,3408,8,PDIS,historical_knn,20.0,reported_support_fragile,True
sepsis,terminal_90d_only,discrete_bcq,3408,8,WPDIS,historical_knn,20.0,reported_support_fragile,True
sepsis,terminal_90d_only,discrete_bcq,3408,8,CWPDIS,historical_knn,20.0,reported_support_fragile,True
sepsis,terminal_90d_only,discrete_bcq,3408,8,DR,historical_knn,20.0,reported_support_fragile,True
sepsis,terminal_90d_only,discrete_bcq,3408,8,WDR,historical_knn,20.0,reported_support_fragile,True
sepsis,terminal_90d_only,discrete_bcq,3408,8,FQE,historical_knn,20.0,reported_support_fragile,True
sepsis,terminal_90d_only,discrete_bcq,3408,8,support_restricted_WPDIS,historical_knn,20.0,reported_support_fragile,True
sepsis,terminal_90d_only,discrete_bcq,3408,8,IS,neural_classifier,none,reported_support_fragile,True
sepsis,terminal_90d_only,discrete_bcq,3408,8,WIS,neural_classifier,none,reported_support_fragile,True
sepsis,terminal_90d_only,discrete_bcq,3408,8,PDIS,neural_classifier,none,reported_support_fragile,True
sepsis,terminal_90d_only,discrete_bcq,3408,8,WPDIS,neural_classifier,none,reported_support_fragile,True
sepsis,terminal_90d_only,discrete_bcq,3408,8,CWPDIS,neural_classifier,none,reported_support_fragile,True
sepsis,terminal_90d_only,discrete_bcq,3408,8,DR,neural_classifier,none,reported_support_fragile,True
sepsis,terminal_90d_only,discrete_bcq,3408,8,WDR,neural_classifier,none,reported_support_fragile,True
sepsis,terminal_90d_only,discrete_bcq,3408,8,FQE,neural_classifier,none,reported_support_fragile,True
sepsis,terminal_90d_only,discrete_bcq,3408,8,support_restricted_WPDIS,neural_classifier,none,reported_support_fragile,True
sepsis,terminal_90d_only,discrete_bcq,3408,8,IS,neural_classifier,20.0,reported_support_fragile,True
sepsis,terminal_90d_only,discrete_bcq,3408,8,WIS,neural_classifier,20.0,reported_support_fragile,True
sepsis,terminal_90d_only,discrete_bcq,3408,8,PDIS,neural_classifier,20.0,reported_support_fragile,True
sepsis,terminal_90d_only,discrete_bcq,3408,8,WPDIS,neural_classifier,20.0,reported_support_fragile,True
sepsis,terminal_90d_only,discrete_bcq,3408,8,CWPDIS,neural_classifier,20.0,reported_support_fragile,True
sepsis,terminal_90d_only,discrete_bcq,3408,8,DR,neural_classifier,20.0,reported_support_fragile,True
sepsis,terminal_90d_only,discrete_bcq,3408,8,WDR,neural_classifier,20.0,reported_support_fragile,True
sepsis,terminal_90d_only,discrete_bcq,3408,8,FQE,neural_classifier,20.0,reported_support_fragile,True
sepsis,terminal_90d_only,discrete_bcq,3408,8,support_restricted_WPDIS,neural_classifier,20.0,reported_support_fragile,True
sepsis,terminal_90d_only,discrete_cql,3408,1,IS,historical_knn,none,reported_supported,True
sepsis,terminal_90d_only,discrete_cql,3408,1,WIS,historical_knn,none,reported_supported,True
sepsis,terminal_90d_only,discrete_cql,3408,1,PDIS,historical_knn,none,reported_supported,True
sepsis,terminal_90d_only,discrete_cql,3408,1,WPDIS,historical_knn,none,reported_supported,True
sepsis,terminal_90d_only,discrete_cql,3408,1,CWPDIS,historical_knn,none,reported_supported,True
sepsis,terminal_90d_only,discrete_cql,3408,1,DR,historical_knn,none,reported_supported,True
sepsis,terminal_90d_only,discrete_cql,3408,1,WDR,historical_knn,none,reported_supported,True
sepsis,terminal_90d_only,discrete_cql,3408,1,FQE,historical_knn,none,reported_supported,True
sepsis,terminal_90d_only,discrete_cql,3408,1,support_restricted_WPDIS,historical_knn,none,reported_supported,True
sepsis,terminal_90d_only,discrete_cql,3408,1,IS,historical_knn,20.0,reported_supported,True
sepsis,terminal_90d_only,discrete_cql,3408,1,WIS,historical_knn,20.0,reported_supported,True
sepsis,terminal_90d_only,discrete_cql,3408,1,PDIS,historical_knn,20.0,reported_supported,True
sepsis,terminal_90d_only,discrete_cql,3408,1,WPDIS,historical_knn,20.0,reported_supported,True
sepsis,terminal_90d_only,discrete_cql,3408,1,CWPDIS,historical_knn,20.0,reported_supported,True
sepsis,terminal_90d_only,discrete_cql,3408,1,DR,historical_knn,20.0,reported_supported,True
sepsis,terminal_90d_only,discrete_cql,3408,1,WDR,historical_knn,20.0,reported_supported,True
sepsis,terminal_90d_only,discrete_cql,3408,1,FQE,historical_knn,20.0,reported_supported,True
sepsis,terminal_90d_only,discrete_cql,3408,1,support_restricted_WPDIS,historical_knn,20.0,reported_supported,True
sepsis,terminal_90d_only,discrete_cql,3408,1,IS,neural_classifier,none,reported_supported,True
sepsis,terminal_90d_only,discrete_cql,3408,1,WIS,neural_classifier,none,reported_supported,True
sepsis,terminal_90d_only,discrete_cql,3408,1,PDIS,neural_classifier,none,reported_supported,True
sepsis,terminal_90d_only,discrete_cql,3408,1,WPDIS,neural_classifier,none,reported_supported,True
sepsis,terminal_90d_only,discrete_cql,3408,1,CWPDIS,neural_classifier,none,reported_supported,True
sepsis,terminal_90d_only,discrete_cql,3408,1,DR,neural_classifier,none,reported_supported,True
sepsis,terminal_90d_only,discrete_cql,3408,1,WDR,neural_classifier,none,reported_supported,True
sepsis,terminal_90d_only,discrete_cql,3408,1,FQE,neural_classifier,none,reported_supported,True
sepsis,terminal_90d_only,discrete_cql,3408,1,support_restricted_WPDIS,neural_classifier,none,reported_supported,True
sepsis,terminal_90d_only,discrete_cql,3408,1,IS,neural_classifier,20.0,reported_supported,True
sepsis,terminal_90d_only,discrete_cql,3408,1,WIS,neural_classifier,20.0,reported_supported,True
sepsis,terminal_90d_only,discrete_cql,3408,1,PDIS,neural_classifier,20.0,reported_supported,True
sepsis,terminal_90d_only,discrete_cql,3408,1,WPDIS,neural_classifier,20.0,reported_supported,True
sepsis,terminal_90d_only,discrete_cql,3408,1,CWPDIS,neural_classifier,20.0,reported_supported,True
sepsis,terminal_90d_only,discrete_cql,3408,1,DR,neural_classifier,20.0,reported_supported,True
sepsis,terminal_90d_only,discrete_cql,3408,1,WDR,neural_classifier,20.0,reported_supported,True
sepsis,terminal_90d_only,discrete_cql,3408,1,FQE,neural_classifier,20.0,reported_supported,True
sepsis,terminal_90d_only,discrete_cql,3408,1,support_restricted_WPDIS,neural_classifier,20.0,reported_supported,True
sepsis,terminal_90d_only,discrete_cql,3408,4,IS,historical_knn,none,reported_support_fragile,True
sepsis,terminal_90d_only,discrete_cql,3408,4,WIS,historical_knn,none,reported_support_fragile,True
sepsis,terminal_90d_only,discrete_cql,3408,4,PDIS,historical_knn,none,reported_support_fragile,True
sepsis,terminal_90d_only,discrete_cql,3408,4,WPDIS,historical_knn,none,reported_support_fragile,True
sepsis,terminal_90d_only,discrete_cql,3408,4,CWPDIS,historical_knn,none,reported_support_fragile,True
sepsis,terminal_90d_only,discrete_cql,3408,4,DR,historical_knn,none,reported_support_fragile,True
sepsis,terminal_90d_only,discrete_cql,3408,4,WDR,historical_knn,none,reported_support_fragile,True
sepsis,terminal_90d_only,discrete_cql,3408,4,FQE,historical_knn,none,reported_support_fragile,True
sepsis,terminal_90d_only,discrete_cql,3408,4,support_restricted_WPDIS,historical_knn,none,reported_support_fragile,True
sepsis,terminal_90d_only,discrete_cql,3408,4,IS,historical_knn,20.0,reported_support_fragile,True
sepsis,terminal_90d_only,discrete_cql,3408,4,WIS,historical_knn,20.0,reported_support_fragile,True
sepsis,terminal_90d_only,discrete_cql,3408,4,PDIS,historical_knn,20.0,reported_support_fragile,True
sepsis,terminal_90d_only,discrete_cql,3408,4,WPDIS,historical_knn,20.0,reported_support_fragile,True
sepsis,terminal_90d_only,discrete_cql,3408,4,CWPDIS,historical_knn,20.0,reported_support_fragile,True
sepsis,terminal_90d_only,discrete_cql,3408,4,DR,historical_knn,20.0,reported_support_fragile,True
sepsis,terminal_90d_only,discrete_cql,3408,4,WDR,historical_knn,20.0,reported_support_fragile,True
sepsis,terminal_90d_only,discrete_cql,3408,4,FQE,historical_knn,20.0,reported_support_fragile,True
sepsis,terminal_90d_only,discrete_cql,3408,4,support_restricted_WPDIS,historical_knn,20.0,reported_support_fragile,True
sepsis,terminal_90d_only,discrete_cql,3408,4,IS,neural_classifier,none,reported_support_fragile,True
sepsis,terminal_90d_only,discrete_cql,3408,4,WIS,neural_classifier,none,reported_support_fragile,True
sepsis,terminal_90d_only,discrete_cql,3408,4,PDIS,neural_classifier,none,reported_support_fragile,True
sepsis,terminal_90d_only,discrete_cql,3408,4,WPDIS,neural_classifier,none,reported_support_fragile,True
sepsis,terminal_90d_only,discrete_cql,3408,4,CWPDIS,neural_classifier,none,reported_support_fragile,True
sepsis,terminal_90d_only,discrete_cql,3408,4,DR,neural_classifier,none,reported_support_fragile,True
sepsis,terminal_90d_only,discrete_cql,3408,4,WDR,neural_classifier,none,reported_support_fragile,True
sepsis,terminal_90d_only,discrete_cql,3408,4,FQE,neural_classifier,none,reported_support_fragile,True
sepsis,terminal_90d_only,discrete_cql,3408,4,support_restricted_WPDIS,neural_classifier,none,reported_support_fragile,True
sepsis,terminal_90d_only,discrete_cql,3408,4,IS,neural_classifier,20.0,reported_support_fragile,True
sepsis,terminal_90d_only,discrete_cql,3408,4,WIS,neural_classifier,20.0,reported_support_fragile,True
sepsis,terminal_90d_only,discrete_cql,3408,4,PDIS,neural_classifier,20.0,reported_support_fragile,True
sepsis,terminal_90d_only,discrete_cql,3408,4,WPDIS,neural_classifier,20.0,reported_support_fragile,True
sepsis,terminal_90d_only,discrete_cql,3408,4,CWPDIS,neural_classifier,20.0,reported_support_fragile,True
sepsis,terminal_90d_only,discrete_cql,3408,4,DR,neural_classifier,20.0,reported_support_fragile,True
sepsis,terminal_90d_only,discrete_cql,3408,4,WDR,neural_classifier,20.0,reported_support_fragile,True
sepsis,terminal_90d_only,discrete_cql,3408,4,FQE,neural_classifier,20.0,reported_support_fragile,True
sepsis,terminal_90d_only,discrete_cql,3408,4,support_restricted_WPDIS,neural_classifier,20.0,reported_support_fragile,True
sepsis,terminal_90d_only,discrete_cql,3408,8,IS,historical_knn,none,reported_support_fragile,True
sepsis,terminal_90d_only,discrete_cql,3408,8,WIS,historical_knn,none,reported_support_fragile,True
sepsis,terminal_90d_only,discrete_cql,3408,8,PDIS,historical_knn,none,reported_support_fragile,True
sepsis,terminal_90d_only,discrete_cql,3408,8,WPDIS,historical_knn,none,reported_support_fragile,True
sepsis,terminal_90d_only,discrete_cql,3408,8,CWPDIS,historical_knn,none,reported_support_fragile,True
sepsis,terminal_90d_only,discrete_cql,3408,8,DR,historical_knn,none,reported_support_fragile,True
sepsis,terminal_90d_only,discrete_cql,3408,8,WDR,historical_knn,none,reported_support_fragile,True
sepsis,terminal_90d_only,discrete_cql,3408,8,FQE,historical_knn,none,reported_support_fragile,True
sepsis,terminal_90d_only,discrete_cql,3408,8,support_restricted_WPDIS,historical_knn,none,reported_support_fragile,True
sepsis,terminal_90d_only,discrete_cql,3408,8,IS,historical_knn,20.0,reported_support_fragile,True
sepsis,terminal_90d_only,discrete_cql,3408,8,WIS,historical_knn,20.0,reported_support_fragile,True
sepsis,terminal_90d_only,discrete_cql,3408,8,PDIS,historical_knn,20.0,reported_support_fragile,True
sepsis,terminal_90d_only,discrete_cql,3408,8,WPDIS,historical_knn,20.0,reported_support_fragile,True
sepsis,terminal_90d_only,discrete_cql,3408,8,CWPDIS,historical_knn,20.0,reported_support_fragile,True
sepsis,terminal_90d_only,discrete_cql,3408,8,DR,historical_knn,20.0,reported_support_fragile,True
sepsis,terminal_90d_only,discrete_cql,3408,8,WDR,historical_knn,20.0,reported_support_fragile,True
sepsis,terminal_90d_only,discrete_cql,3408,8,FQE,historical_knn,20.0,reported_support_fragile,True
sepsis,terminal_90d_only,discrete_cql,3408,8,support_restricted_WPDIS,historical_knn,20.0,reported_support_fragile,True
sepsis,terminal_90d_only,discrete_cql,3408,8,IS,neural_classifier,none,reported_support_fragile,True
sepsis,terminal_90d_only,discrete_cql,3408,8,WIS,neural_classifier,none,reported_support_fragile,True
sepsis,terminal_90d_only,discrete_cql,3408,8,PDIS,neural_classifier,none,reported_support_fragile,True
sepsis,terminal_90d_only,discrete_cql,3408,8,WPDIS,neural_classifier,none,reported_support_fragile,True
sepsis,terminal_90d_only,discrete_cql,3408,8,CWPDIS,neural_classifier,none,reported_support_fragile,True
sepsis,terminal_90d_only,discrete_cql,3408,8,DR,neural_classifier,none,reported_support_fragile,True
sepsis,terminal_90d_only,discrete_cql,3408,8,WDR,neural_classifier,none,reported_support_fragile,True
sepsis,terminal_90d_only,discrete_cql,3408,8,FQE,neural_classifier,none,reported_support_fragile,True
sepsis,terminal_90d_only,discrete_cql,3408,8,support_restricted_WPDIS,neural_classifier,none,reported_support_fragile,True
sepsis,terminal_90d_only,discrete_cql,3408,8,IS,neural_classifier,20.0,reported_support_fragile,True
sepsis,terminal_90d_only,discrete_cql,3408,8,WIS,neural_classifier,20.0,reported_support_fragile,True
sepsis,terminal_90d_only,discrete_cql,3408,8,PDIS,neural_classifier,20.0,reported_support_fragile,True
sepsis,terminal_90d_only,discrete_cql,3408,8,WPDIS,neural_classifier,20.0,reported_support_fragile,True
sepsis,terminal_90d_only,discrete_cql,3408,8,CWPDIS,neural_classifier,20.0,reported_support_fragile,True
sepsis,terminal_90d_only,discrete_cql,3408,8,DR,neural_classifier,20.0,reported_support_fragile,True
sepsis,terminal_90d_only,discrete_cql,3408,8,WDR,neural_classifier,20.0,reported_support_fragile,True
sepsis,terminal_90d_only,discrete_cql,3408,8,FQE,neural_classifier,20.0,reported_support_fragile,True
sepsis,terminal_90d_only,discrete_cql,3408,8,support_restricted_WPDIS,neural_classifier,20.0,reported_support_fragile,True
sepsis,terminal_90d_only,soft_spibb,3408,1,IS,historical_knn,none,reported_supported,True
sepsis,terminal_90d_only,soft_spibb,3408,1,WIS,historical_knn,none,reported_supported,True
sepsis,terminal_90d_only,soft_spibb,3408,1,PDIS,historical_knn,none,reported_supported,True
sepsis,terminal_90d_only,soft_spibb,3408,1,WPDIS,historical_knn,none,reported_supported,True
sepsis,terminal_90d_only,soft_spibb,3408,1,CWPDIS,historical_knn,none,reported_supported,True
sepsis,terminal_90d_only,soft_spibb,3408,1,DR,historical_knn,none,reported_supported,True
sepsis,terminal_90d_only,soft_spibb,3408,1,WDR,historical_knn,none,reported_supported,True
sepsis,terminal_90d_only,soft_spibb,3408,1,FQE,historical_knn,none,reported_supported,True
sepsis,terminal_90d_only,soft_spibb,3408,1,support_restricted_WPDIS,historical_knn,none,reported_supported,True
sepsis,terminal_90d_only,soft_spibb,3408,1,IS,historical_knn,20.0,reported_supported,True
sepsis,terminal_90d_only,soft_spibb,3408,1,WIS,historical_knn,20.0,reported_supported,True
sepsis,terminal_90d_only,soft_spibb,3408,1,PDIS,historical_knn,20.0,reported_supported,True
sepsis,terminal_90d_only,soft_spibb,3408,1,WPDIS,historical_knn,20.0,reported_supported,True
sepsis,terminal_90d_only,soft_spibb,3408,1,CWPDIS,historical_knn,20.0,reported_supported,True
sepsis,terminal_90d_only,soft_spibb,3408,1,DR,historical_knn,20.0,reported_supported,True
sepsis,terminal_90d_only,soft_spibb,3408,1,WDR,historical_knn,20.0,reported_supported,True
sepsis,terminal_90d_only,soft_spibb,3408,1,FQE,historical_knn,20.0,reported_supported,True
sepsis,terminal_90d_only,soft_spibb,3408,1,support_restricted_WPDIS,historical_knn,20.0,reported_supported,True
sepsis,terminal_90d_only,soft_spibb,3408,1,IS,neural_classifier,none,reported_supported,True
sepsis,terminal_90d_only,soft_spibb,3408,1,WIS,neural_classifier,none,reported_supported,True
sepsis,terminal_90d_only,soft_spibb,3408,1,PDIS,neural_classifier,none,reported_supported,True
sepsis,terminal_90d_only,soft_spibb,3408,1,WPDIS,neural_classifier,none,reported_supported,True
sepsis,terminal_90d_only,soft_spibb,3408,1,CWPDIS,neural_classifier,none,reported_supported,True
sepsis,terminal_90d_only,soft_spibb,3408,1,DR,neural_classifier,none,reported_supported,True
sepsis,terminal_90d_only,soft_spibb,3408,1,WDR,neural_classifier,none,reported_supported,True
sepsis,terminal_90d_only,soft_spibb,3408,1,FQE,neural_classifier,none,reported_supported,True
sepsis,terminal_90d_only,soft_spibb,3408,1,support_restricted_WPDIS,neural_classifier,none,reported_supported,True
sepsis,terminal_90d_only,soft_spibb,3408,1,IS,neural_classifier,20.0,reported_supported,True
sepsis,terminal_90d_only,soft_spibb,3408,1,WIS,neural_classifier,20.0,reported_supported,True
sepsis,terminal_90d_only,soft_spibb,3408,1,PDIS,neural_classifier,20.0,reported_supported,True
sepsis,terminal_90d_only,soft_spibb,3408,1,WPDIS,neural_classifier,20.0,reported_supported,True
sepsis,terminal_90d_only,soft_spibb,3408,1,CWPDIS,neural_classifier,20.0,reported_supported,True
sepsis,terminal_90d_only,soft_spibb,3408,1,DR,neural_classifier,20.0,reported_supported,True
sepsis,terminal_90d_only,soft_spibb,3408,1,WDR,neural_classifier,20.0,reported_supported,True
sepsis,terminal_90d_only,soft_spibb,3408,1,FQE,neural_classifier,20.0,reported_supported,True
sepsis,terminal_90d_only,soft_spibb,3408,1,support_restricted_WPDIS,neural_classifier,20.0,reported_supported,True
sepsis,terminal_90d_only,soft_spibb,3408,4,IS,historical_knn,none,reported_support_fragile,True
sepsis,terminal_90d_only,soft_spibb,3408,4,WIS,historical_knn,none,reported_support_fragile,True
sepsis,terminal_90d_only,soft_spibb,3408,4,PDIS,historical_knn,none,reported_support_fragile,True
sepsis,terminal_90d_only,soft_spibb,3408,4,WPDIS,historical_knn,none,reported_support_fragile,True
sepsis,terminal_90d_only,soft_spibb,3408,4,CWPDIS,historical_knn,none,reported_support_fragile,True
sepsis,terminal_90d_only,soft_spibb,3408,4,DR,historical_knn,none,reported_support_fragile,True
sepsis,terminal_90d_only,soft_spibb,3408,4,WDR,historical_knn,none,reported_support_fragile,True
sepsis,terminal_90d_only,soft_spibb,3408,4,FQE,historical_knn,none,reported_support_fragile,True
sepsis,terminal_90d_only,soft_spibb,3408,4,support_restricted_WPDIS,historical_knn,none,reported_support_fragile,True
sepsis,terminal_90d_only,soft_spibb,3408,4,IS,historical_knn,20.0,reported_support_fragile,True
sepsis,terminal_90d_only,soft_spibb,3408,4,WIS,historical_knn,20.0,reported_support_fragile,True
sepsis,terminal_90d_only,soft_spibb,3408,4,PDIS,historical_knn,20.0,reported_support_fragile,True
sepsis,terminal_90d_only,soft_spibb,3408,4,WPDIS,historical_knn,20.0,reported_support_fragile,True
sepsis,terminal_90d_only,soft_spibb,3408,4,CWPDIS,historical_knn,20.0,reported_support_fragile,True
sepsis,terminal_90d_only,soft_spibb,3408,4,DR,historical_knn,20.0,reported_support_fragile,True
sepsis,terminal_90d_only,soft_spibb,3408,4,WDR,historical_knn,20.0,reported_support_fragile,True
sepsis,terminal_90d_only,soft_spibb,3408,4,FQE,historical_knn,20.0,reported_support_fragile,True
sepsis,terminal_90d_only,soft_spibb,3408,4,support_restricted_WPDIS,historical_knn,20.0,reported_support_fragile,True
sepsis,terminal_90d_only,soft_spibb,3408,4,IS,neural_classifier,none,reported_supported,True
sepsis,terminal_90d_only,soft_spibb,3408,4,WIS,neural_classifier,none,reported_supported,True
sepsis,terminal_90d_only,soft_spibb,3408,4,PDIS,neural_classifier,none,reported_supported,True
sepsis,terminal_90d_only,soft_spibb,3408,4,WPDIS,neural_classifier,none,reported_supported,True
sepsis,terminal_90d_only,soft_spibb,3408,4,CWPDIS,neural_classifier,none,reported_supported,True
sepsis,terminal_90d_only,soft_spibb,3408,4,DR,neural_classifier,none,reported_supported,True
sepsis,terminal_90d_only,soft_spibb,3408,4,WDR,neural_classifier,none,reported_supported,True
sepsis,terminal_90d_only,soft_spibb,3408,4,FQE,neural_classifier,none,reported_supported,True
sepsis,terminal_90d_only,soft_spibb,3408,4,support_restricted_WPDIS,neural_classifier,none,reported_supported,True
sepsis,terminal_90d_only,soft_spibb,3408,4,IS,neural_classifier,20.0,reported_supported,True
sepsis,terminal_90d_only,soft_spibb,3408,4,WIS,neural_classifier,20.0,reported_supported,True
sepsis,terminal_90d_only,soft_spibb,3408,4,PDIS,neural_classifier,20.0,reported_supported,True
sepsis,terminal_90d_only,soft_spibb,3408,4,WPDIS,neural_classifier,20.0,reported_supported,True
sepsis,terminal_90d_only,soft_spibb,3408,4,CWPDIS,neural_classifier,20.0,reported_supported,True
sepsis,terminal_90d_only,soft_spibb,3408,4,DR,neural_classifier,20.0,reported_supported,True
sepsis,terminal_90d_only,soft_spibb,3408,4,WDR,neural_classifier,20.0,reported_supported,True
sepsis,terminal_90d_only,soft_spibb,3408,4,FQE,neural_classifier,20.0,reported_supported,True
sepsis,terminal_90d_only,soft_spibb,3408,4,support_restricted_WPDIS,neural_classifier,20.0,reported_supported,True
sepsis,terminal_90d_only,soft_spibb,3408,8,IS,historical_knn,none,reported_support_fragile,True
sepsis,terminal_90d_only,soft_spibb,3408,8,WIS,historical_knn,none,reported_support_fragile,True
sepsis,terminal_90d_only,soft_spibb,3408,8,PDIS,historical_knn,none,reported_support_fragile,True
sepsis,terminal_90d_only,soft_spibb,3408,8,WPDIS,historical_knn,none,reported_support_fragile,True
sepsis,terminal_90d_only,soft_spibb,3408,8,CWPDIS,historical_knn,none,reported_support_fragile,True
sepsis,terminal_90d_only,soft_spibb,3408,8,DR,historical_knn,none,reported_support_fragile,True
sepsis,terminal_90d_only,soft_spibb,3408,8,WDR,historical_knn,none,reported_support_fragile,True
sepsis,terminal_90d_only,soft_spibb,3408,8,FQE,historical_knn,none,reported_support_fragile,True
sepsis,terminal_90d_only,soft_spibb,3408,8,support_restricted_WPDIS,historical_knn,none,reported_support_fragile,True
sepsis,terminal_90d_only,soft_spibb,3408,8,IS,historical_knn,20.0,reported_support_fragile,True
sepsis,terminal_90d_only,soft_spibb,3408,8,WIS,historical_knn,20.0,reported_support_fragile,True
sepsis,terminal_90d_only,soft_spibb,3408,8,PDIS,historical_knn,20.0,reported_support_fragile,True
sepsis,terminal_90d_only,soft_spibb,3408,8,WPDIS,historical_knn,20.0,reported_support_fragile,True
sepsis,terminal_90d_only,soft_spibb,3408,8,CWPDIS,historical_knn,20.0,reported_support_fragile,True
sepsis,terminal_90d_only,soft_spibb,3408,8,DR,historical_knn,20.0,reported_support_fragile,True
sepsis,terminal_90d_only,soft_spibb,3408,8,WDR,historical_knn,20.0,reported_support_fragile,True
sepsis,terminal_90d_only,soft_spibb,3408,8,FQE,historical_knn,20.0,reported_support_fragile,True
sepsis,terminal_90d_only,soft_spibb,3408,8,support_restricted_WPDIS,historical_knn,20.0,reported_support_fragile,True
sepsis,terminal_90d_only,soft_spibb,3408,8,IS,neural_classifier,none,reported_support_fragile,True
sepsis,terminal_90d_only,soft_spibb,3408,8,WIS,neural_classifier,none,reported_support_fragile,True
sepsis,terminal_90d_only,soft_spibb,3408,8,PDIS,neural_classifier,none,reported_support_fragile,True
sepsis,terminal_90d_only,soft_spibb,3408,8,WPDIS,neural_classifier,none,reported_support_fragile,True
sepsis,terminal_90d_only,soft_spibb,3408,8,CWPDIS,neural_classifier,none,reported_support_fragile,True
sepsis,terminal_90d_only,soft_spibb,3408,8,DR,neural_classifier,none,reported_support_fragile,True
sepsis,terminal_90d_only,soft_spibb,3408,8,WDR,neural_classifier,none,reported_support_fragile,True
sepsis,terminal_90d_only,soft_spibb,3408,8,FQE,neural_classifier,none,reported_support_fragile,True
sepsis,terminal_90d_only,soft_spibb,3408,8,support_restricted_WPDIS,neural_classifier,none,reported_support_fragile,True
sepsis,terminal_90d_only,soft_spibb,3408,8,IS,neural_classifier,20.0,reported_support_fragile,True
sepsis,terminal_90d_only,soft_spibb,3408,8,WIS,neural_classifier,20.0,reported_support_fragile,True
sepsis,terminal_90d_only,soft_spibb,3408,8,PDIS,neural_classifier,20.0,reported_support_fragile,True
sepsis,terminal_90d_only,soft_spibb,3408,8,WPDIS,neural_classifier,20.0,reported_support_fragile,True
sepsis,terminal_90d_only,soft_spibb,3408,8,CWPDIS,neural_classifier,20.0,reported_support_fragile,True
sepsis,terminal_90d_only,soft_spibb,3408,8,DR,neural_classifier,20.0,reported_support_fragile,True
sepsis,terminal_90d_only,soft_spibb,3408,8,WDR,neural_classifier,20.0,reported_support_fragile,True
sepsis,terminal_90d_only,soft_spibb,3408,8,FQE,neural_classifier,20.0,reported_support_fragile,True
sepsis,terminal_90d_only,soft_spibb,3408,8,support_restricted_WPDIS,neural_classifier,20.0,reported_support_fragile,True
sepsis,terminal_90d_only,decision_transformer_adapter,3408,1,IS,historical_knn,none,reported_supported,True
sepsis,terminal_90d_only,decision_transformer_adapter,3408,1,WIS,historical_knn,none,reported_supported,True
sepsis,terminal_90d_only,decision_transformer_adapter,3408,1,PDIS,historical_knn,none,reported_supported,True
sepsis,terminal_90d_only,decision_transformer_adapter,3408,1,WPDIS,historical_knn,none,reported_supported,True
sepsis,terminal_90d_only,decision_transformer_adapter,3408,1,CWPDIS,historical_knn,none,reported_supported,True
sepsis,terminal_90d_only,decision_transformer_adapter,3408,1,DR,historical_knn,none,reported_supported,True
sepsis,terminal_90d_only,decision_transformer_adapter,3408,1,WDR,historical_knn,none,reported_supported,True
sepsis,terminal_90d_only,decision_transformer_adapter,3408,1,FQE,historical_knn,none,reported_supported,True
sepsis,terminal_90d_only,decision_transformer_adapter,3408,1,support_restricted_WPDIS,historical_knn,none,reported_supported,True
sepsis,terminal_90d_only,decision_transformer_adapter,3408,1,IS,historical_knn,20.0,reported_supported,True
sepsis,terminal_90d_only,decision_transformer_adapter,3408,1,WIS,historical_knn,20.0,reported_supported,True
sepsis,terminal_90d_only,decision_transformer_adapter,3408,1,PDIS,historical_knn,20.0,reported_supported,True
sepsis,terminal_90d_only,decision_transformer_adapter,3408,1,WPDIS,historical_knn,20.0,reported_supported,True
sepsis,terminal_90d_only,decision_transformer_adapter,3408,1,CWPDIS,historical_knn,20.0,reported_supported,True
sepsis,terminal_90d_only,decision_transformer_adapter,3408,1,DR,historical_knn,20.0,reported_supported,True
sepsis,terminal_90d_only,decision_transformer_adapter,3408,1,WDR,historical_knn,20.0,reported_supported,True
sepsis,terminal_90d_only,decision_transformer_adapter,3408,1,FQE,historical_knn,20.0,reported_supported,True
sepsis,terminal_90d_only,decision_transformer_adapter,3408,1,support_restricted_WPDIS,historical_knn,20.0,reported_supported,True
sepsis,terminal_90d_only,decision_transformer_adapter,3408,1,IS,neural_classifier,none,reported_supported,True
sepsis,terminal_90d_only,decision_transformer_adapter,3408,1,WIS,neural_classifier,none,reported_supported,True
sepsis,terminal_90d_only,decision_transformer_adapter,3408,1,PDIS,neural_classifier,none,reported_supported,True
sepsis,terminal_90d_only,decision_transformer_adapter,3408,1,WPDIS,neural_classifier,none,reported_supported,True
sepsis,terminal_90d_only,decision_transformer_adapter,3408,1,CWPDIS,neural_classifier,none,reported_supported,True
sepsis,terminal_90d_only,decision_transformer_adapter,3408,1,DR,neural_classifier,none,reported_supported,True
sepsis,terminal_90d_only,decision_transformer_adapter,3408,1,WDR,neural_classifier,none,reported_supported,True
sepsis,terminal_90d_only,decision_transformer_adapter,3408,1,FQE,neural_classifier,none,reported_supported,True
sepsis,terminal_90d_only,decision_transformer_adapter,3408,1,support_restricted_WPDIS,neural_classifier,none,reported_supported,True
sepsis,terminal_90d_only,decision_transformer_adapter,3408,1,IS,neural_classifier,20.0,reported_supported,True
sepsis,terminal_90d_only,decision_transformer_adapter,3408,1,WIS,neural_classifier,20.0,reported_supported,True
sepsis,terminal_90d_only,decision_transformer_adapter,3408,1,PDIS,neural_classifier,20.0,reported_supported,True
sepsis,terminal_90d_only,decision_transformer_adapter,3408,1,WPDIS,neural_classifier,20.0,reported_supported,True
sepsis,terminal_90d_only,decision_transformer_adapter,3408,1,CWPDIS,neural_classifier,20.0,reported_supported,True
sepsis,terminal_90d_only,decision_transformer_adapter,3408,1,DR,neural_classifier,20.0,reported_supported,True
sepsis,terminal_90d_only,decision_transformer_adapter,3408,1,WDR,neural_classifier,20.0,reported_supported,True
sepsis,terminal_90d_only,decision_transformer_adapter,3408,1,FQE,neural_classifier,20.0,reported_supported,True
sepsis,terminal_90d_only,decision_transformer_adapter,3408,1,support_restricted_WPDIS,neural_classifier,20.0,reported_supported,True
sepsis,terminal_90d_only,decision_transformer_adapter,3408,4,IS,historical_knn,none,reported_support_fragile,True
sepsis,terminal_90d_only,decision_transformer_adapter,3408,4,WIS,historical_knn,none,reported_support_fragile,True
sepsis,terminal_90d_only,decision_transformer_adapter,3408,4,PDIS,historical_knn,none,reported_support_fragile,True
sepsis,terminal_90d_only,decision_transformer_adapter,3408,4,WPDIS,historical_knn,none,reported_support_fragile,True
sepsis,terminal_90d_only,decision_transformer_adapter,3408,4,CWPDIS,historical_knn,none,reported_support_fragile,True
sepsis,terminal_90d_only,decision_transformer_adapter,3408,4,DR,historical_knn,none,reported_support_fragile,True
sepsis,terminal_90d_only,decision_transformer_adapter,3408,4,WDR,historical_knn,none,reported_support_fragile,True
sepsis,terminal_90d_only,decision_transformer_adapter,3408,4,FQE,historical_knn,none,reported_support_fragile,True
sepsis,terminal_90d_only,decision_transformer_adapter,3408,4,support_restricted_WPDIS,historical_knn,none,reported_support_fragile,True
sepsis,terminal_90d_only,decision_transformer_adapter,3408,4,IS,historical_knn,20.0,reported_support_fragile,True
sepsis,terminal_90d_only,decision_transformer_adapter,3408,4,WIS,historical_knn,20.0,reported_support_fragile,True
sepsis,terminal_90d_only,decision_transformer_adapter,3408,4,PDIS,historical_knn,20.0,reported_support_fragile,True
sepsis,terminal_90d_only,decision_transformer_adapter,3408,4,WPDIS,historical_knn,20.0,reported_support_fragile,True
sepsis,terminal_90d_only,decision_transformer_adapter,3408,4,CWPDIS,historical_knn,20.0,reported_support_fragile,True
sepsis,terminal_90d_only,decision_transformer_adapter,3408,4,DR,historical_knn,20.0,reported_support_fragile,True
sepsis,terminal_90d_only,decision_transformer_adapter,3408,4,WDR,historical_knn,20.0,reported_support_fragile,True
sepsis,terminal_90d_only,decision_transformer_adapter,3408,4,FQE,historical_knn,20.0,reported_support_fragile,True
sepsis,terminal_90d_only,decision_transformer_adapter,3408,4,support_restricted_WPDIS,historical_knn,20.0,reported_support_fragile,True
sepsis,terminal_90d_only,decision_transformer_adapter,3408,4,IS,neural_classifier,none,reported_supported,True
sepsis,terminal_90d_only,decision_transformer_adapter,3408,4,WIS,neural_classifier,none,reported_supported,True
sepsis,terminal_90d_only,decision_transformer_adapter,3408,4,PDIS,neural_classifier,none,reported_supported,True
sepsis,terminal_90d_only,decision_transformer_adapter,3408,4,WPDIS,neural_classifier,none,reported_supported,True
sepsis,terminal_90d_only,decision_transformer_adapter,3408,4,CWPDIS,neural_classifier,none,reported_supported,True
sepsis,terminal_90d_only,decision_transformer_adapter,3408,4,DR,neural_classifier,none,reported_supported,True
sepsis,terminal_90d_only,decision_transformer_adapter,3408,4,WDR,neural_classifier,none,reported_supported,True
sepsis,terminal_90d_only,decision_transformer_adapter,3408,4,FQE,neural_classifier,none,reported_supported,True
sepsis,terminal_90d_only,decision_transformer_adapter,3408,4,support_restricted_WPDIS,neural_classifier,none,reported_supported,True
sepsis,terminal_90d_only,decision_transformer_adapter,3408,4,IS,neural_classifier,20.0,reported_supported,True
sepsis,terminal_90d_only,decision_transformer_adapter,3408,4,WIS,neural_classifier,20.0,reported_supported,True
sepsis,terminal_90d_only,decision_transformer_adapter,3408,4,PDIS,neural_classifier,20.0,reported_supported,True
sepsis,terminal_90d_only,decision_transformer_adapter,3408,4,WPDIS,neural_classifier,20.0,reported_supported,True
sepsis,terminal_90d_only,decision_transformer_adapter,3408,4,CWPDIS,neural_classifier,20.0,reported_supported,True
sepsis,terminal_90d_only,decision_transformer_adapter,3408,4,DR,neural_classifier,20.0,reported_supported,True
sepsis,terminal_90d_only,decision_transformer_adapter,3408,4,WDR,neural_classifier,20.0,reported_supported,True
sepsis,terminal_90d_only,decision_transformer_adapter,3408,4,FQE,neural_classifier,20.0,reported_supported,True
sepsis,terminal_90d_only,decision_transformer_adapter,3408,4,support_restricted_WPDIS,neural_classifier,20.0,reported_supported,True
sepsis,terminal_90d_only,decision_transformer_adapter,3408,8,IS,historical_knn,none,reported_support_fragile,True
sepsis,terminal_90d_only,decision_transformer_adapter,3408,8,WIS,historical_knn,none,reported_support_fragile,True
sepsis,terminal_90d_only,decision_transformer_adapter,3408,8,PDIS,historical_knn,none,reported_support_fragile,True
sepsis,terminal_90d_only,decision_transformer_adapter,3408,8,WPDIS,historical_knn,none,reported_support_fragile,True
sepsis,terminal_90d_only,decision_transformer_adapter,3408,8,CWPDIS,historical_knn,none,reported_support_fragile,True
sepsis,terminal_90d_only,decision_transformer_adapter,3408,8,DR,historical_knn,none,reported_support_fragile,True
sepsis,terminal_90d_only,decision_transformer_adapter,3408,8,WDR,historical_knn,none,reported_support_fragile,True
sepsis,terminal_90d_only,decision_transformer_adapter,3408,8,FQE,historical_knn,none,reported_support_fragile,True
sepsis,terminal_90d_only,decision_transformer_adapter,3408,8,support_restricted_WPDIS,historical_knn,none,reported_support_fragile,True
sepsis,terminal_90d_only,decision_transformer_adapter,3408,8,IS,historical_knn,20.0,reported_support_fragile,True
sepsis,terminal_90d_only,decision_transformer_adapter,3408,8,WIS,historical_knn,20.0,reported_support_fragile,True
sepsis,terminal_90d_only,decision_transformer_adapter,3408,8,PDIS,historical_knn,20.0,reported_support_fragile,True
sepsis,terminal_90d_only,decision_transformer_adapter,3408,8,WPDIS,historical_knn,20.0,reported_support_fragile,True
sepsis,terminal_90d_only,decision_transformer_adapter,3408,8,CWPDIS,historical_knn,20.0,reported_support_fragile,True
sepsis,terminal_90d_only,decision_transformer_adapter,3408,8,DR,historical_knn,20.0,reported_support_fragile,True
sepsis,terminal_90d_only,decision_transformer_adapter,3408,8,WDR,historical_knn,20.0,reported_support_fragile,True
sepsis,terminal_90d_only,decision_transformer_adapter,3408,8,FQE,historical_knn,20.0,reported_support_fragile,True
sepsis,terminal_90d_only,decision_transformer_adapter,3408,8,support_restricted_WPDIS,historical_knn,20.0,reported_support_fragile,True
sepsis,terminal_90d_only,decision_transformer_adapter,3408,8,IS,neural_classifier,none,reported_support_fragile,True
sepsis,terminal_90d_only,decision_transformer_adapter,3408,8,WIS,neural_classifier,none,reported_support_fragile,True
sepsis,terminal_90d_only,decision_transformer_adapter,3408,8,PDIS,neural_classifier,none,reported_support_fragile,True
sepsis,terminal_90d_only,decision_transformer_adapter,3408,8,WPDIS,neural_classifier,none,reported_support_fragile,True
sepsis,terminal_90d_only,decision_transformer_adapter,3408,8,CWPDIS,neural_classifier,none,reported_support_fragile,True
sepsis,terminal_90d_only,decision_transformer_adapter,3408,8,DR,neural_classifier,none,reported_support_fragile,True
sepsis,terminal_90d_only,decision_transformer_adapter,3408,8,WDR,neural_classifier,none,reported_support_fragile,True
sepsis,terminal_90d_only,decision_transformer_adapter,3408,8,FQE,neural_classifier,none,reported_support_fragile,True
sepsis,terminal_90d_only,decision_transformer_adapter,3408,8,support_restricted_WPDIS,neural_classifier,none,reported_support_fragile,True
sepsis,terminal_90d_only,decision_transformer_adapter,3408,8,IS,neural_classifier,20.0,reported_support_fragile,True
sepsis,terminal_90d_only,decision_transformer_adapter,3408,8,WIS,neural_classifier,20.0,reported_support_fragile,True
sepsis,terminal_90d_only,decision_transformer_adapter,3408,8,PDIS,neural_classifier,20.0,reported_support_fragile,True
sepsis,terminal_90d_only,decision_transformer_adapter,3408,8,WPDIS,neural_classifier,20.0,reported_support_fragile,True
sepsis,terminal_90d_only,decision_transformer_adapter,3408,8,CWPDIS,neural_classifier,20.0,reported_support_fragile,True
sepsis,terminal_90d_only,decision_transformer_adapter,3408,8,DR,neural_classifier,20.0,reported_support_fragile,True
sepsis,terminal_90d_only,decision_transformer_adapter,3408,8,WDR,neural_classifier,20.0,reported_support_fragile,True
sepsis,terminal_90d_only,decision_transformer_adapter,3408,8,FQE,neural_classifier,20.0,reported_support_fragile,True
sepsis,terminal_90d_only,decision_transformer_adapter,3408,8,support_restricted_WPDIS,neural_classifier,20.0,reported_support_fragile,True
sepsis,terminal_90d_only,behavior_cloning,3411,1,IS,historical_knn,none,reported_supported,True
sepsis,terminal_90d_only,behavior_cloning,3411,1,WIS,historical_knn,none,reported_supported,True
sepsis,terminal_90d_only,behavior_cloning,3411,1,PDIS,historical_knn,none,reported_supported,True
sepsis,terminal_90d_only,behavior_cloning,3411,1,WPDIS,historical_knn,none,reported_supported,True
sepsis,terminal_90d_only,behavior_cloning,3411,1,CWPDIS,historical_knn,none,reported_supported,True
sepsis,terminal_90d_only,behavior_cloning,3411,1,DR,historical_knn,none,reported_supported,True
sepsis,terminal_90d_only,behavior_cloning,3411,1,WDR,historical_knn,none,reported_supported,True
sepsis,terminal_90d_only,behavior_cloning,3411,1,FQE,historical_knn,none,reported_supported,True
sepsis,terminal_90d_only,behavior_cloning,3411,1,support_restricted_WPDIS,historical_knn,none,reported_supported,True
sepsis,terminal_90d_only,behavior_cloning,3411,1,IS,historical_knn,20.0,reported_supported,True
sepsis,terminal_90d_only,behavior_cloning,3411,1,WIS,historical_knn,20.0,reported_supported,True
sepsis,terminal_90d_only,behavior_cloning,3411,1,PDIS,historical_knn,20.0,reported_supported,True
sepsis,terminal_90d_only,behavior_cloning,3411,1,WPDIS,historical_knn,20.0,reported_supported,True
sepsis,terminal_90d_only,behavior_cloning,3411,1,CWPDIS,historical_knn,20.0,reported_supported,True
sepsis,terminal_90d_only,behavior_cloning,3411,1,DR,historical_knn,20.0,reported_supported,True
sepsis,terminal_90d_only,behavior_cloning,3411,1,WDR,historical_knn,20.0,reported_supported,True
sepsis,terminal_90d_only,behavior_cloning,3411,1,FQE,historical_knn,20.0,reported_supported,True
sepsis,terminal_90d_only,behavior_cloning,3411,1,support_restricted_WPDIS,historical_knn,20.0,reported_supported,True
sepsis,terminal_90d_only,behavior_cloning,3411,1,IS,neural_classifier,none,reported_supported,True
sepsis,terminal_90d_only,behavior_cloning,3411,1,WIS,neural_classifier,none,reported_supported,True
sepsis,terminal_90d_only,behavior_cloning,3411,1,PDIS,neural_classifier,none,reported_supported,True
sepsis,terminal_90d_only,behavior_cloning,3411,1,WPDIS,neural_classifier,none,reported_supported,True
sepsis,terminal_90d_only,behavior_cloning,3411,1,CWPDIS,neural_classifier,none,reported_supported,True
sepsis,terminal_90d_only,behavior_cloning,3411,1,DR,neural_classifier,none,reported_supported,True
sepsis,terminal_90d_only,behavior_cloning,3411,1,WDR,neural_classifier,none,reported_supported,True
sepsis,terminal_90d_only,behavior_cloning,3411,1,FQE,neural_classifier,none,reported_supported,True
sepsis,terminal_90d_only,behavior_cloning,3411,1,support_restricted_WPDIS,neural_classifier,none,reported_supported,True
sepsis,terminal_90d_only,behavior_cloning,3411,1,IS,neural_classifier,20.0,reported_supported,True
sepsis,terminal_90d_only,behavior_cloning,3411,1,WIS,neural_classifier,20.0,reported_supported,True
sepsis,terminal_90d_only,behavior_cloning,3411,1,PDIS,neural_classifier,20.0,reported_supported,True
sepsis,terminal_90d_only,behavior_cloning,3411,1,WPDIS,neural_classifier,20.0,reported_supported,True
sepsis,terminal_90d_only,behavior_cloning,3411,1,CWPDIS,neural_classifier,20.0,reported_supported,True
sepsis,terminal_90d_only,behavior_cloning,3411,1,DR,neural_classifier,20.0,reported_supported,True
sepsis,terminal_90d_only,behavior_cloning,3411,1,WDR,neural_classifier,20.0,reported_supported,True
sepsis,terminal_90d_only,behavior_cloning,3411,1,FQE,neural_classifier,20.0,reported_supported,True
sepsis,terminal_90d_only,behavior_cloning,3411,1,support_restricted_WPDIS,neural_classifier,20.0,reported_supported,True
sepsis,terminal_90d_only,behavior_cloning,3411,4,IS,historical_knn,none,reported_support_fragile,True
sepsis,terminal_90d_only,behavior_cloning,3411,4,WIS,historical_knn,none,reported_support_fragile,True
sepsis,terminal_90d_only,behavior_cloning,3411,4,PDIS,historical_knn,none,reported_support_fragile,True
sepsis,terminal_90d_only,behavior_cloning,3411,4,WPDIS,historical_knn,none,reported_support_fragile,True
sepsis,terminal_90d_only,behavior_cloning,3411,4,CWPDIS,historical_knn,none,reported_support_fragile,True
sepsis,terminal_90d_only,behavior_cloning,3411,4,DR,historical_knn,none,reported_support_fragile,True
sepsis,terminal_90d_only,behavior_cloning,3411,4,WDR,historical_knn,none,reported_support_fragile,True
sepsis,terminal_90d_only,behavior_cloning,3411,4,FQE,historical_knn,none,reported_support_fragile,True
sepsis,terminal_90d_only,behavior_cloning,3411,4,support_restricted_WPDIS,historical_knn,none,reported_support_fragile,True
sepsis,terminal_90d_only,behavior_cloning,3411,4,IS,historical_knn,20.0,reported_support_fragile,True
sepsis,terminal_90d_only,behavior_cloning,3411,4,WIS,historical_knn,20.0,reported_support_fragile,True
sepsis,terminal_90d_only,behavior_cloning,3411,4,PDIS,historical_knn,20.0,reported_support_fragile,True
sepsis,terminal_90d_only,behavior_cloning,3411,4,WPDIS,historical_knn,20.0,reported_support_fragile,True
sepsis,terminal_90d_only,behavior_cloning,3411,4,CWPDIS,historical_knn,20.0,reported_support_fragile,True
sepsis,terminal_90d_only,behavior_cloning,3411,4,DR,historical_knn,20.0,reported_support_fragile,True
sepsis,terminal_90d_only,behavior_cloning,3411,4,WDR,historical_knn,20.0,reported_support_fragile,True
sepsis,terminal_90d_only,behavior_cloning,3411,4,FQE,historical_knn,20.0,reported_support_fragile,True
sepsis,terminal_90d_only,behavior_cloning,3411,4,support_restricted_WPDIS,historical_knn,20.0,reported_support_fragile,True
sepsis,terminal_90d_only,behavior_cloning,3411,4,IS,neural_classifier,none,reported_supported,True
sepsis,terminal_90d_only,behavior_cloning,3411,4,WIS,neural_classifier,none,reported_supported,True
sepsis,terminal_90d_only,behavior_cloning,3411,4,PDIS,neural_classifier,none,reported_supported,True
sepsis,terminal_90d_only,behavior_cloning,3411,4,WPDIS,neural_classifier,none,reported_supported,True
sepsis,terminal_90d_only,behavior_cloning,3411,4,CWPDIS,neural_classifier,none,reported_supported,True
sepsis,terminal_90d_only,behavior_cloning,3411,4,DR,neural_classifier,none,reported_supported,True
sepsis,terminal_90d_only,behavior_cloning,3411,4,WDR,neural_classifier,none,reported_supported,True
sepsis,terminal_90d_only,behavior_cloning,3411,4,FQE,neural_classifier,none,reported_supported,True
sepsis,terminal_90d_only,behavior_cloning,3411,4,support_restricted_WPDIS,neural_classifier,none,reported_supported,True
sepsis,terminal_90d_only,behavior_cloning,3411,4,IS,neural_classifier,20.0,reported_supported,True
sepsis,terminal_90d_only,behavior_cloning,3411,4,WIS,neural_classifier,20.0,reported_supported,True
sepsis,terminal_90d_only,behavior_cloning,3411,4,PDIS,neural_classifier,20.0,reported_supported,True
sepsis,terminal_90d_only,behavior_cloning,3411,4,WPDIS,neural_classifier,20.0,reported_supported,True
sepsis,terminal_90d_only,behavior_cloning,3411,4,CWPDIS,neural_classifier,20.0,reported_supported,True
sepsis,terminal_90d_only,behavior_cloning,3411,4,DR,neural_classifier,20.0,reported_supported,True
sepsis,terminal_90d_only,behavior_cloning,3411,4,WDR,neural_classifier,20.0,reported_supported,True
sepsis,terminal_90d_only,behavior_cloning,3411,4,FQE,neural_classifier,20.0,reported_supported,True
sepsis,terminal_90d_only,behavior_cloning,3411,4,support_restricted_WPDIS,neural_classifier,20.0,reported_supported,True
sepsis,terminal_90d_only,behavior_cloning,3411,8,IS,historical_knn,none,reported_support_fragile,True
sepsis,terminal_90d_only,behavior_cloning,3411,8,WIS,historical_knn,none,reported_support_fragile,True
sepsis,terminal_90d_only,behavior_cloning,3411,8,PDIS,historical_knn,none,reported_support_fragile,True
sepsis,terminal_90d_only,behavior_cloning,3411,8,WPDIS,historical_knn,none,reported_support_fragile,True
sepsis,terminal_90d_only,behavior_cloning,3411,8,CWPDIS,historical_knn,none,reported_support_fragile,True
sepsis,terminal_90d_only,behavior_cloning,3411,8,DR,historical_knn,none,reported_support_fragile,True
sepsis,terminal_90d_only,behavior_cloning,3411,8,WDR,historical_knn,none,reported_support_fragile,True
sepsis,terminal_90d_only,behavior_cloning,3411,8,FQE,historical_knn,none,reported_support_fragile,True
sepsis,terminal_90d_only,behavior_cloning,3411,8,support_restricted_WPDIS,historical_knn,none,reported_support_fragile,True
sepsis,terminal_90d_only,behavior_cloning,3411,8,IS,historical_knn,20.0,reported_support_fragile,True
sepsis,terminal_90d_only,behavior_cloning,3411,8,WIS,historical_knn,20.0,reported_support_fragile,True
sepsis,terminal_90d_only,behavior_cloning,3411,8,PDIS,historical_knn,20.0,reported_support_fragile,True
sepsis,terminal_90d_only,behavior_cloning,3411,8,WPDIS,historical_knn,20.0,reported_support_fragile,True
sepsis,terminal_90d_only,behavior_cloning,3411,8,CWPDIS,historical_knn,20.0,reported_support_fragile,True
sepsis,terminal_90d_only,behavior_cloning,3411,8,DR,historical_knn,20.0,reported_support_fragile,True
sepsis,terminal_90d_only,behavior_cloning,3411,8,WDR,historical_knn,20.0,reported_support_fragile,True
sepsis,terminal_90d_only,behavior_cloning,3411,8,FQE,historical_knn,20.0,reported_support_fragile,True
sepsis,terminal_90d_only,behavior_cloning,3411,8,support_restricted_WPDIS,historical_knn,20.0,reported_support_fragile,True
sepsis,terminal_90d_only,behavior_cloning,3411,8,IS,neural_classifier,none,reported_supported,True
sepsis,terminal_90d_only,behavior_cloning,3411,8,WIS,neural_classifier,none,reported_supported,True
sepsis,terminal_90d_only,behavior_cloning,3411,8,PDIS,neural_classifier,none,reported_supported,True
sepsis,terminal_90d_only,behavior_cloning,3411,8,WPDIS,neural_classifier,none,reported_supported,True
sepsis,terminal_90d_only,behavior_cloning,3411,8,CWPDIS,neural_classifier,none,reported_supported,True
sepsis,terminal_90d_only,behavior_cloning,3411,8,DR,neural_classifier,none,reported_supported,True
sepsis,terminal_90d_only,behavior_cloning,3411,8,WDR,neural_classifier,none,reported_supported,True
sepsis,terminal_90d_only,behavior_cloning,3411,8,FQE,neural_classifier,none,reported_supported,True
sepsis,terminal_90d_only,behavior_cloning,3411,8,support_restricted_WPDIS,neural_classifier,none,reported_supported,True
sepsis,terminal_90d_only,behavior_cloning,3411,8,IS,neural_classifier,20.0,reported_supported,True
sepsis,terminal_90d_only,behavior_cloning,3411,8,WIS,neural_classifier,20.0,reported_supported,True
sepsis,terminal_90d_only,behavior_cloning,3411,8,PDIS,neural_classifier,20.0,reported_supported,True
sepsis,terminal_90d_only,behavior_cloning,3411,8,WPDIS,neural_classifier,20.0,reported_supported,True
sepsis,terminal_90d_only,behavior_cloning,3411,8,CWPDIS,neural_classifier,20.0,reported_supported,True
sepsis,terminal_90d_only,behavior_cloning,3411,8,DR,neural_classifier,20.0,reported_supported,True
sepsis,terminal_90d_only,behavior_cloning,3411,8,WDR,neural_classifier,20.0,reported_supported,True
sepsis,terminal_90d_only,behavior_cloning,3411,8,FQE,neural_classifier,20.0,reported_supported,True
sepsis,terminal_90d_only,behavior_cloning,3411,8,support_restricted_WPDIS,neural_classifier,20.0,reported_supported,True
sepsis,terminal_90d_only,discrete_bcq,3411,1,IS,historical_knn,none,reported_support_fragile,True
sepsis,terminal_90d_only,discrete_bcq,3411,1,WIS,historical_knn,none,reported_support_fragile,True
sepsis,terminal_90d_only,discrete_bcq,3411,1,PDIS,historical_knn,none,reported_support_fragile,True
sepsis,terminal_90d_only,discrete_bcq,3411,1,WPDIS,historical_knn,none,reported_support_fragile,True
sepsis,terminal_90d_only,discrete_bcq,3411,1,CWPDIS,historical_knn,none,reported_support_fragile,True
sepsis,terminal_90d_only,discrete_bcq,3411,1,DR,historical_knn,none,reported_support_fragile,True
sepsis,terminal_90d_only,discrete_bcq,3411,1,WDR,historical_knn,none,reported_support_fragile,True
sepsis,terminal_90d_only,discrete_bcq,3411,1,FQE,historical_knn,none,reported_support_fragile,True
sepsis,terminal_90d_only,discrete_bcq,3411,1,support_restricted_WPDIS,historical_knn,none,reported_support_fragile,True
sepsis,terminal_90d_only,discrete_bcq,3411,1,IS,historical_knn,20.0,reported_support_fragile,True
sepsis,terminal_90d_only,discrete_bcq,3411,1,WIS,historical_knn,20.0,reported_support_fragile,True
sepsis,terminal_90d_only,discrete_bcq,3411,1,PDIS,historical_knn,20.0,reported_support_fragile,True
sepsis,terminal_90d_only,discrete_bcq,3411,1,WPDIS,historical_knn,20.0,reported_support_fragile,True
sepsis,terminal_90d_only,discrete_bcq,3411,1,CWPDIS,historical_knn,20.0,reported_support_fragile,True
sepsis,terminal_90d_only,discrete_bcq,3411,1,DR,historical_knn,20.0,reported_support_fragile,True
sepsis,terminal_90d_only,discrete_bcq,3411,1,WDR,historical_knn,20.0,reported_support_fragile,True
sepsis,terminal_90d_only,discrete_bcq,3411,1,FQE,historical_knn,20.0,reported_support_fragile,True
sepsis,terminal_90d_only,discrete_bcq,3411,1,support_restricted_WPDIS,historical_knn,20.0,reported_support_fragile,True
sepsis,terminal_90d_only,discrete_bcq,3411,1,IS,neural_classifier,none,reported_supported,True
sepsis,terminal_90d_only,discrete_bcq,3411,1,WIS,neural_classifier,none,reported_supported,True
sepsis,terminal_90d_only,discrete_bcq,3411,1,PDIS,neural_classifier,none,reported_supported,True
sepsis,terminal_90d_only,discrete_bcq,3411,1,WPDIS,neural_classifier,none,reported_supported,True
sepsis,terminal_90d_only,discrete_bcq,3411,1,CWPDIS,neural_classifier,none,reported_supported,True
sepsis,terminal_90d_only,discrete_bcq,3411,1,DR,neural_classifier,none,reported_supported,True
sepsis,terminal_90d_only,discrete_bcq,3411,1,WDR,neural_classifier,none,reported_supported,True
sepsis,terminal_90d_only,discrete_bcq,3411,1,FQE,neural_classifier,none,reported_supported,True
sepsis,terminal_90d_only,discrete_bcq,3411,1,support_restricted_WPDIS,neural_classifier,none,reported_supported,True
sepsis,terminal_90d_only,discrete_bcq,3411,1,IS,neural_classifier,20.0,reported_supported,True
sepsis,terminal_90d_only,discrete_bcq,3411,1,WIS,neural_classifier,20.0,reported_supported,True
sepsis,terminal_90d_only,discrete_bcq,3411,1,PDIS,neural_classifier,20.0,reported_supported,True
sepsis,terminal_90d_only,discrete_bcq,3411,1,WPDIS,neural_classifier,20.0,reported_supported,True
sepsis,terminal_90d_only,discrete_bcq,3411,1,CWPDIS,neural_classifier,20.0,reported_supported,True
sepsis,terminal_90d_only,discrete_bcq,3411,1,DR,neural_classifier,20.0,reported_supported,True
sepsis,terminal_90d_only,discrete_bcq,3411,1,WDR,neural_classifier,20.0,reported_supported,True
sepsis,terminal_90d_only,discrete_bcq,3411,1,FQE,neural_classifier,20.0,reported_supported,True
sepsis,terminal_90d_only,discrete_bcq,3411,1,support_restricted_WPDIS,neural_classifier,20.0,reported_supported,True
sepsis,terminal_90d_only,discrete_bcq,3411,4,IS,historical_knn,none,reported_support_fragile,True
sepsis,terminal_90d_only,discrete_bcq,3411,4,WIS,historical_knn,none,reported_support_fragile,True
sepsis,terminal_90d_only,discrete_bcq,3411,4,PDIS,historical_knn,none,reported_support_fragile,True
sepsis,terminal_90d_only,discrete_bcq,3411,4,WPDIS,historical_knn,none,reported_support_fragile,True
sepsis,terminal_90d_only,discrete_bcq,3411,4,CWPDIS,historical_knn,none,reported_support_fragile,True
sepsis,terminal_90d_only,discrete_bcq,3411,4,DR,historical_knn,none,reported_support_fragile,True
sepsis,terminal_90d_only,discrete_bcq,3411,4,WDR,historical_knn,none,reported_support_fragile,True
sepsis,terminal_90d_only,discrete_bcq,3411,4,FQE,historical_knn,none,reported_support_fragile,True
sepsis,terminal_90d_only,discrete_bcq,3411,4,support_restricted_WPDIS,historical_knn,none,reported_support_fragile,True
sepsis,terminal_90d_only,discrete_bcq,3411,4,IS,historical_knn,20.0,reported_support_fragile,True
sepsis,terminal_90d_only,discrete_bcq,3411,4,WIS,historical_knn,20.0,reported_support_fragile,True
sepsis,terminal_90d_only,discrete_bcq,3411,4,PDIS,historical_knn,20.0,reported_support_fragile,True
sepsis,terminal_90d_only,discrete_bcq,3411,4,WPDIS,historical_knn,20.0,reported_support_fragile,True
sepsis,terminal_90d_only,discrete_bcq,3411,4,CWPDIS,historical_knn,20.0,reported_support_fragile,True
sepsis,terminal_90d_only,discrete_bcq,3411,4,DR,historical_knn,20.0,reported_support_fragile,True
sepsis,terminal_90d_only,discrete_bcq,3411,4,WDR,historical_knn,20.0,reported_support_fragile,True
sepsis,terminal_90d_only,discrete_bcq,3411,4,FQE,historical_knn,20.0,reported_support_fragile,True
sepsis,terminal_90d_only,discrete_bcq,3411,4,support_restricted_WPDIS,historical_knn,20.0,reported_support_fragile,True
sepsis,terminal_90d_only,discrete_bcq,3411,4,IS,neural_classifier,none,reported_support_fragile,True
sepsis,terminal_90d_only,discrete_bcq,3411,4,WIS,neural_classifier,none,reported_support_fragile,True
sepsis,terminal_90d_only,discrete_bcq,3411,4,PDIS,neural_classifier,none,reported_support_fragile,True
sepsis,terminal_90d_only,discrete_bcq,3411,4,WPDIS,neural_classifier,none,reported_support_fragile,True
sepsis,terminal_90d_only,discrete_bcq,3411,4,CWPDIS,neural_classifier,none,reported_support_fragile,True
sepsis,terminal_90d_only,discrete_bcq,3411,4,DR,neural_classifier,none,reported_support_fragile,True
sepsis,terminal_90d_only,discrete_bcq,3411,4,WDR,neural_classifier,none,reported_support_fragile,True
sepsis,terminal_90d_only,discrete_bcq,3411,4,FQE,neural_classifier,none,reported_support_fragile,True
sepsis,terminal_90d_only,discrete_bcq,3411,4,support_restricted_WPDIS,neural_classifier,none,reported_support_fragile,True
sepsis,terminal_90d_only,discrete_bcq,3411,4,IS,neural_classifier,20.0,reported_support_fragile,True
sepsis,terminal_90d_only,discrete_bcq,3411,4,WIS,neural_classifier,20.0,reported_support_fragile,True
sepsis,terminal_90d_only,discrete_bcq,3411,4,PDIS,neural_classifier,20.0,reported_support_fragile,True
sepsis,terminal_90d_only,discrete_bcq,3411,4,WPDIS,neural_classifier,20.0,reported_support_fragile,True
sepsis,terminal_90d_only,discrete_bcq,3411,4,CWPDIS,neural_classifier,20.0,reported_support_fragile,True
sepsis,terminal_90d_only,discrete_bcq,3411,4,DR,neural_classifier,20.0,reported_support_fragile,True
sepsis,terminal_90d_only,discrete_bcq,3411,4,WDR,neural_classifier,20.0,reported_support_fragile,True
sepsis,terminal_90d_only,discrete_bcq,3411,4,FQE,neural_classifier,20.0,reported_support_fragile,True
sepsis,terminal_90d_only,discrete_bcq,3411,4,support_restricted_WPDIS,neural_classifier,20.0,reported_support_fragile,True
sepsis,terminal_90d_only,discrete_bcq,3411,8,IS,historical_knn,none,reported_support_fragile,True
sepsis,terminal_90d_only,discrete_bcq,3411,8,WIS,historical_knn,none,reported_support_fragile,True
sepsis,terminal_90d_only,discrete_bcq,3411,8,PDIS,historical_knn,none,reported_support_fragile,True
sepsis,terminal_90d_only,discrete_bcq,3411,8,WPDIS,historical_knn,none,reported_support_fragile,True
sepsis,terminal_90d_only,discrete_bcq,3411,8,CWPDIS,historical_knn,none,reported_support_fragile,True
sepsis,terminal_90d_only,discrete_bcq,3411,8,DR,historical_knn,none,reported_support_fragile,True
sepsis,terminal_90d_only,discrete_bcq,3411,8,WDR,historical_knn,none,reported_support_fragile,True
sepsis,terminal_90d_only,discrete_bcq,3411,8,FQE,historical_knn,none,reported_support_fragile,True
sepsis,terminal_90d_only,discrete_bcq,3411,8,support_restricted_WPDIS,historical_knn,none,reported_support_fragile,True
sepsis,terminal_90d_only,discrete_bcq,3411,8,IS,historical_knn,20.0,reported_support_fragile,True
sepsis,terminal_90d_only,discrete_bcq,3411,8,WIS,historical_knn,20.0,reported_support_fragile,True
sepsis,terminal_90d_only,discrete_bcq,3411,8,PDIS,historical_knn,20.0,reported_support_fragile,True
sepsis,terminal_90d_only,discrete_bcq,3411,8,WPDIS,historical_knn,20.0,reported_support_fragile,True
sepsis,terminal_90d_only,discrete_bcq,3411,8,CWPDIS,historical_knn,20.0,reported_support_fragile,True
sepsis,terminal_90d_only,discrete_bcq,3411,8,DR,historical_knn,20.0,reported_support_fragile,True
sepsis,terminal_90d_only,discrete_bcq,3411,8,WDR,historical_knn,20.0,reported_support_fragile,True
sepsis,terminal_90d_only,discrete_bcq,3411,8,FQE,historical_knn,20.0,reported_support_fragile,True
sepsis,terminal_90d_only,discrete_bcq,3411,8,support_restricted_WPDIS,historical_knn,20.0,reported_support_fragile,True
sepsis,terminal_90d_only,discrete_bcq,3411,8,IS,neural_classifier,none,reported_support_fragile,True
sepsis,terminal_90d_only,discrete_bcq,3411,8,WIS,neural_classifier,none,reported_support_fragile,True
sepsis,terminal_90d_only,discrete_bcq,3411,8,PDIS,neural_classifier,none,reported_support_fragile,True
sepsis,terminal_90d_only,discrete_bcq,3411,8,WPDIS,neural_classifier,none,reported_support_fragile,True
sepsis,terminal_90d_only,discrete_bcq,3411,8,CWPDIS,neural_classifier,none,reported_support_fragile,True
sepsis,terminal_90d_only,discrete_bcq,3411,8,DR,neural_classifier,none,reported_support_fragile,True
sepsis,terminal_90d_only,discrete_bcq,3411,8,WDR,neural_classifier,none,reported_support_fragile,True
sepsis,terminal_90d_only,discrete_bcq,3411,8,FQE,neural_classifier,none,reported_support_fragile,True
sepsis,terminal_90d_only,discrete_bcq,3411,8,support_restricted_WPDIS,neural_classifier,none,reported_support_fragile,True
sepsis,terminal_90d_only,discrete_bcq,3411,8,IS,neural_classifier,20.0,reported_support_fragile,True
sepsis,terminal_90d_only,discrete_bcq,3411,8,WIS,neural_classifier,20.0,reported_support_fragile,True
sepsis,terminal_90d_only,discrete_bcq,3411,8,PDIS,neural_classifier,20.0,reported_support_fragile,True
sepsis,terminal_90d_only,discrete_bcq,3411,8,WPDIS,neural_classifier,20.0,reported_support_fragile,True
sepsis,terminal_90d_only,discrete_bcq,3411,8,CWPDIS,neural_classifier,20.0,reported_support_fragile,True
sepsis,terminal_90d_only,discrete_bcq,3411,8,DR,neural_classifier,20.0,reported_support_fragile,True
sepsis,terminal_90d_only,discrete_bcq,3411,8,WDR,neural_classifier,20.0,reported_support_fragile,True
sepsis,terminal_90d_only,discrete_bcq,3411,8,FQE,neural_classifier,20.0,reported_support_fragile,True
sepsis,terminal_90d_only,discrete_bcq,3411,8,support_restricted_WPDIS,neural_classifier,20.0,reported_support_fragile,True
sepsis,terminal_90d_only,discrete_cql,3411,1,IS,historical_knn,none,reported_supported,True
sepsis,terminal_90d_only,discrete_cql,3411,1,WIS,historical_knn,none,reported_supported,True
sepsis,terminal_90d_only,discrete_cql,3411,1,PDIS,historical_knn,none,reported_supported,True
sepsis,terminal_90d_only,discrete_cql,3411,1,WPDIS,historical_knn,none,reported_supported,True
sepsis,terminal_90d_only,discrete_cql,3411,1,CWPDIS,historical_knn,none,reported_supported,True
sepsis,terminal_90d_only,discrete_cql,3411,1,DR,historical_knn,none,reported_supported,True
sepsis,terminal_90d_only,discrete_cql,3411,1,WDR,historical_knn,none,reported_supported,True
sepsis,terminal_90d_only,discrete_cql,3411,1,FQE,historical_knn,none,reported_supported,True
sepsis,terminal_90d_only,discrete_cql,3411,1,support_restricted_WPDIS,historical_knn,none,reported_supported,True
sepsis,terminal_90d_only,discrete_cql,3411,1,IS,historical_knn,20.0,reported_supported,True
sepsis,terminal_90d_only,discrete_cql,3411,1,WIS,historical_knn,20.0,reported_supported,True
sepsis,terminal_90d_only,discrete_cql,3411,1,PDIS,historical_knn,20.0,reported_supported,True
sepsis,terminal_90d_only,discrete_cql,3411,1,WPDIS,historical_knn,20.0,reported_supported,True
sepsis,terminal_90d_only,discrete_cql,3411,1,CWPDIS,historical_knn,20.0,reported_supported,True
sepsis,terminal_90d_only,discrete_cql,3411,1,DR,historical_knn,20.0,reported_supported,True
sepsis,terminal_90d_only,discrete_cql,3411,1,WDR,historical_knn,20.0,reported_supported,True
sepsis,terminal_90d_only,discrete_cql,3411,1,FQE,historical_knn,20.0,reported_supported,True
sepsis,terminal_90d_only,discrete_cql,3411,1,support_restricted_WPDIS,historical_knn,20.0,reported_supported,True
sepsis,terminal_90d_only,discrete_cql,3411,1,IS,neural_classifier,none,reported_supported,True
sepsis,terminal_90d_only,discrete_cql,3411,1,WIS,neural_classifier,none,reported_supported,True
sepsis,terminal_90d_only,discrete_cql,3411,1,PDIS,neural_classifier,none,reported_supported,True
sepsis,terminal_90d_only,discrete_cql,3411,1,WPDIS,neural_classifier,none,reported_supported,True
sepsis,terminal_90d_only,discrete_cql,3411,1,CWPDIS,neural_classifier,none,reported_supported,True
sepsis,terminal_90d_only,discrete_cql,3411,1,DR,neural_classifier,none,reported_supported,True
sepsis,terminal_90d_only,discrete_cql,3411,1,WDR,neural_classifier,none,reported_supported,True
sepsis,terminal_90d_only,discrete_cql,3411,1,FQE,neural_classifier,none,reported_supported,True
sepsis,terminal_90d_only,discrete_cql,3411,1,support_restricted_WPDIS,neural_classifier,none,reported_supported,True
sepsis,terminal_90d_only,discrete_cql,3411,1,IS,neural_classifier,20.0,reported_supported,True
sepsis,terminal_90d_only,discrete_cql,3411,1,WIS,neural_classifier,20.0,reported_supported,True
sepsis,terminal_90d_only,discrete_cql,3411,1,PDIS,neural_classifier,20.0,reported_supported,True
sepsis,terminal_90d_only,discrete_cql,3411,1,WPDIS,neural_classifier,20.0,reported_supported,True
sepsis,terminal_90d_only,discrete_cql,3411,1,CWPDIS,neural_classifier,20.0,reported_supported,True
sepsis,terminal_90d_only,discrete_cql,3411,1,DR,neural_classifier,20.0,reported_supported,True
sepsis,terminal_90d_only,discrete_cql,3411,1,WDR,neural_classifier,20.0,reported_supported,True
sepsis,terminal_90d_only,discrete_cql,3411,1,FQE,neural_classifier,20.0,reported_supported,True
sepsis,terminal_90d_only,discrete_cql,3411,1,support_restricted_WPDIS,neural_classifier,20.0,reported_supported,True
sepsis,terminal_90d_only,discrete_cql,3411,4,IS,historical_knn,none,reported_support_fragile,True
sepsis,terminal_90d_only,discrete_cql,3411,4,WIS,historical_knn,none,reported_support_fragile,True
sepsis,terminal_90d_only,discrete_cql,3411,4,PDIS,historical_knn,none,reported_support_fragile,True
sepsis,terminal_90d_only,discrete_cql,3411,4,WPDIS,historical_knn,none,reported_support_fragile,True
sepsis,terminal_90d_only,discrete_cql,3411,4,CWPDIS,historical_knn,none,reported_support_fragile,True
sepsis,terminal_90d_only,discrete_cql,3411,4,DR,historical_knn,none,reported_support_fragile,True
sepsis,terminal_90d_only,discrete_cql,3411,4,WDR,historical_knn,none,reported_support_fragile,True
sepsis,terminal_90d_only,discrete_cql,3411,4,FQE,historical_knn,none,reported_support_fragile,True
sepsis,terminal_90d_only,discrete_cql,3411,4,support_restricted_WPDIS,historical_knn,none,reported_support_fragile,True
sepsis,terminal_90d_only,discrete_cql,3411,4,IS,historical_knn,20.0,reported_support_fragile,True
sepsis,terminal_90d_only,discrete_cql,3411,4,WIS,historical_knn,20.0,reported_support_fragile,True
sepsis,terminal_90d_only,discrete_cql,3411,4,PDIS,historical_knn,20.0,reported_support_fragile,True
sepsis,terminal_90d_only,discrete_cql,3411,4,WPDIS,historical_knn,20.0,reported_support_fragile,True
sepsis,terminal_90d_only,discrete_cql,3411,4,CWPDIS,historical_knn,20.0,reported_support_fragile,True
sepsis,terminal_90d_only,discrete_cql,3411,4,DR,historical_knn,20.0,reported_support_fragile,True
sepsis,terminal_90d_only,discrete_cql,3411,4,WDR,historical_knn,20.0,reported_support_fragile,True
sepsis,terminal_90d_only,discrete_cql,3411,4,FQE,historical_knn,20.0,reported_support_fragile,True
sepsis,terminal_90d_only,discrete_cql,3411,4,support_restricted_WPDIS,historical_knn,20.0,reported_support_fragile,True
sepsis,terminal_90d_only,discrete_cql,3411,4,IS,neural_classifier,none,reported_support_fragile,True
sepsis,terminal_90d_only,discrete_cql,3411,4,WIS,neural_classifier,none,reported_support_fragile,True
sepsis,terminal_90d_only,discrete_cql,3411,4,PDIS,neural_classifier,none,reported_support_fragile,True
sepsis,terminal_90d_only,discrete_cql,3411,4,WPDIS,neural_classifier,none,reported_support_fragile,True
sepsis,terminal_90d_only,discrete_cql,3411,4,CWPDIS,neural_classifier,none,reported_support_fragile,True
sepsis,terminal_90d_only,discrete_cql,3411,4,DR,neural_classifier,none,reported_support_fragile,True
sepsis,terminal_90d_only,discrete_cql,3411,4,WDR,neural_classifier,none,reported_support_fragile,True
sepsis,terminal_90d_only,discrete_cql,3411,4,FQE,neural_classifier,none,reported_support_fragile,True
sepsis,terminal_90d_only,discrete_cql,3411,4,support_restricted_WPDIS,neural_classifier,none,reported_support_fragile,True
sepsis,terminal_90d_only,discrete_cql,3411,4,IS,neural_classifier,20.0,reported_support_fragile,True
sepsis,terminal_90d_only,discrete_cql,3411,4,WIS,neural_classifier,20.0,reported_support_fragile,True
sepsis,terminal_90d_only,discrete_cql,3411,4,PDIS,neural_classifier,20.0,reported_support_fragile,True
sepsis,terminal_90d_only,discrete_cql,3411,4,WPDIS,neural_classifier,20.0,reported_support_fragile,True
sepsis,terminal_90d_only,discrete_cql,3411,4,CWPDIS,neural_classifier,20.0,reported_support_fragile,True
sepsis,terminal_90d_only,discrete_cql,3411,4,DR,neural_classifier,20.0,reported_support_fragile,True
sepsis,terminal_90d_only,discrete_cql,3411,4,WDR,neural_classifier,20.0,reported_support_fragile,True
sepsis,terminal_90d_only,discrete_cql,3411,4,FQE,neural_classifier,20.0,reported_support_fragile,True
sepsis,terminal_90d_only,discrete_cql,3411,4,support_restricted_WPDIS,neural_classifier,20.0,reported_support_fragile,True
sepsis,terminal_90d_only,discrete_cql,3411,8,IS,historical_knn,none,reported_support_fragile,True
sepsis,terminal_90d_only,discrete_cql,3411,8,WIS,historical_knn,none,reported_support_fragile,True
sepsis,terminal_90d_only,discrete_cql,3411,8,PDIS,historical_knn,none,reported_support_fragile,True
sepsis,terminal_90d_only,discrete_cql,3411,8,WPDIS,historical_knn,none,reported_support_fragile,True
sepsis,terminal_90d_only,discrete_cql,3411,8,CWPDIS,historical_knn,none,reported_support_fragile,True
sepsis,terminal_90d_only,discrete_cql,3411,8,DR,historical_knn,none,reported_support_fragile,True
sepsis,terminal_90d_only,discrete_cql,3411,8,WDR,historical_knn,none,reported_support_fragile,True
sepsis,terminal_90d_only,discrete_cql,3411,8,FQE,historical_knn,none,reported_support_fragile,True
sepsis,terminal_90d_only,discrete_cql,3411,8,support_restricted_WPDIS,historical_knn,none,reported_support_fragile,True
sepsis,terminal_90d_only,discrete_cql,3411,8,IS,historical_knn,20.0,reported_support_fragile,True
sepsis,terminal_90d_only,discrete_cql,3411,8,WIS,historical_knn,20.0,reported_support_fragile,True
sepsis,terminal_90d_only,discrete_cql,3411,8,PDIS,historical_knn,20.0,reported_support_fragile,True
sepsis,terminal_90d_only,discrete_cql,3411,8,WPDIS,historical_knn,20.0,reported_support_fragile,True
sepsis,terminal_90d_only,discrete_cql,3411,8,CWPDIS,historical_knn,20.0,reported_support_fragile,True
sepsis,terminal_90d_only,discrete_cql,3411,8,DR,historical_knn,20.0,reported_support_fragile,True
sepsis,terminal_90d_only,discrete_cql,3411,8,WDR,historical_knn,20.0,reported_support_fragile,True
sepsis,terminal_90d_only,discrete_cql,3411,8,FQE,historical_knn,20.0,reported_support_fragile,True
sepsis,terminal_90d_only,discrete_cql,3411,8,support_restricted_WPDIS,historical_knn,20.0,reported_support_fragile,True
sepsis,terminal_90d_only,discrete_cql,3411,8,IS,neural_classifier,none,reported_support_fragile,True
sepsis,terminal_90d_only,discrete_cql,3411,8,WIS,neural_classifier,none,reported_support_fragile,True
sepsis,terminal_90d_only,discrete_cql,3411,8,PDIS,neural_classifier,none,reported_support_fragile,True
sepsis,terminal_90d_only,discrete_cql,3411,8,WPDIS,neural_classifier,none,reported_support_fragile,True
sepsis,terminal_90d_only,discrete_cql,3411,8,CWPDIS,neural_classifier,none,reported_support_fragile,True
sepsis,terminal_90d_only,discrete_cql,3411,8,DR,neural_classifier,none,reported_support_fragile,True
sepsis,terminal_90d_only,discrete_cql,3411,8,WDR,neural_classifier,none,reported_support_fragile,True
sepsis,terminal_90d_only,discrete_cql,3411,8,FQE,neural_classifier,none,reported_support_fragile,True
sepsis,terminal_90d_only,discrete_cql,3411,8,support_restricted_WPDIS,neural_classifier,none,reported_support_fragile,True
sepsis,terminal_90d_only,discrete_cql,3411,8,IS,neural_classifier,20.0,reported_support_fragile,True
sepsis,terminal_90d_only,discrete_cql,3411,8,WIS,neural_classifier,20.0,reported_support_fragile,True
sepsis,terminal_90d_only,discrete_cql,3411,8,PDIS,neural_classifier,20.0,reported_support_fragile,True
sepsis,terminal_90d_only,discrete_cql,3411,8,WPDIS,neural_classifier,20.0,reported_support_fragile,True
sepsis,terminal_90d_only,discrete_cql,3411,8,CWPDIS,neural_classifier,20.0,reported_support_fragile,True
sepsis,terminal_90d_only,discrete_cql,3411,8,DR,neural_classifier,20.0,reported_support_fragile,True
sepsis,terminal_90d_only,discrete_cql,3411,8,WDR,neural_classifier,20.0,reported_support_fragile,True
sepsis,terminal_90d_only,discrete_cql,3411,8,FQE,neural_classifier,20.0,reported_support_fragile,True
sepsis,terminal_90d_only,discrete_cql,3411,8,support_restricted_WPDIS,neural_classifier,20.0,reported_support_fragile,True
sepsis,terminal_90d_only,soft_spibb,3411,1,IS,historical_knn,none,reported_supported,True
sepsis,terminal_90d_only,soft_spibb,3411,1,WIS,historical_knn,none,reported_supported,True
sepsis,terminal_90d_only,soft_spibb,3411,1,PDIS,historical_knn,none,reported_supported,True
sepsis,terminal_90d_only,soft_spibb,3411,1,WPDIS,historical_knn,none,reported_supported,True
sepsis,terminal_90d_only,soft_spibb,3411,1,CWPDIS,historical_knn,none,reported_supported,True
sepsis,terminal_90d_only,soft_spibb,3411,1,DR,historical_knn,none,reported_supported,True
sepsis,terminal_90d_only,soft_spibb,3411,1,WDR,historical_knn,none,reported_supported,True
sepsis,terminal_90d_only,soft_spibb,3411,1,FQE,historical_knn,none,reported_supported,True
sepsis,terminal_90d_only,soft_spibb,3411,1,support_restricted_WPDIS,historical_knn,none,reported_supported,True
sepsis,terminal_90d_only,soft_spibb,3411,1,IS,historical_knn,20.0,reported_supported,True
sepsis,terminal_90d_only,soft_spibb,3411,1,WIS,historical_knn,20.0,reported_supported,True
sepsis,terminal_90d_only,soft_spibb,3411,1,PDIS,historical_knn,20.0,reported_supported,True
sepsis,terminal_90d_only,soft_spibb,3411,1,WPDIS,historical_knn,20.0,reported_supported,True
sepsis,terminal_90d_only,soft_spibb,3411,1,CWPDIS,historical_knn,20.0,reported_supported,True
sepsis,terminal_90d_only,soft_spibb,3411,1,DR,historical_knn,20.0,reported_supported,True
sepsis,terminal_90d_only,soft_spibb,3411,1,WDR,historical_knn,20.0,reported_supported,True
sepsis,terminal_90d_only,soft_spibb,3411,1,FQE,historical_knn,20.0,reported_supported,True
sepsis,terminal_90d_only,soft_spibb,3411,1,support_restricted_WPDIS,historical_knn,20.0,reported_supported,True
sepsis,terminal_90d_only,soft_spibb,3411,1,IS,neural_classifier,none,reported_supported,True
sepsis,terminal_90d_only,soft_spibb,3411,1,WIS,neural_classifier,none,reported_supported,True
sepsis,terminal_90d_only,soft_spibb,3411,1,PDIS,neural_classifier,none,reported_supported,True
sepsis,terminal_90d_only,soft_spibb,3411,1,WPDIS,neural_classifier,none,reported_supported,True
sepsis,terminal_90d_only,soft_spibb,3411,1,CWPDIS,neural_classifier,none,reported_supported,True
sepsis,terminal_90d_only,soft_spibb,3411,1,DR,neural_classifier,none,reported_supported,True
sepsis,terminal_90d_only,soft_spibb,3411,1,WDR,neural_classifier,none,reported_supported,True
sepsis,terminal_90d_only,soft_spibb,3411,1,FQE,neural_classifier,none,reported_supported,True
sepsis,terminal_90d_only,soft_spibb,3411,1,support_restricted_WPDIS,neural_classifier,none,reported_supported,True
sepsis,terminal_90d_only,soft_spibb,3411,1,IS,neural_classifier,20.0,reported_supported,True
sepsis,terminal_90d_only,soft_spibb,3411,1,WIS,neural_classifier,20.0,reported_supported,True
sepsis,terminal_90d_only,soft_spibb,3411,1,PDIS,neural_classifier,20.0,reported_supported,True
sepsis,terminal_90d_only,soft_spibb,3411,1,WPDIS,neural_classifier,20.0,reported_supported,True
sepsis,terminal_90d_only,soft_spibb,3411,1,CWPDIS,neural_classifier,20.0,reported_supported,True
sepsis,terminal_90d_only,soft_spibb,3411,1,DR,neural_classifier,20.0,reported_supported,True
sepsis,terminal_90d_only,soft_spibb,3411,1,WDR,neural_classifier,20.0,reported_supported,True
sepsis,terminal_90d_only,soft_spibb,3411,1,FQE,neural_classifier,20.0,reported_supported,True
sepsis,terminal_90d_only,soft_spibb,3411,1,support_restricted_WPDIS,neural_classifier,20.0,reported_supported,True
sepsis,terminal_90d_only,soft_spibb,3411,4,IS,historical_knn,none,reported_support_fragile,True
sepsis,terminal_90d_only,soft_spibb,3411,4,WIS,historical_knn,none,reported_support_fragile,True
sepsis,terminal_90d_only,soft_spibb,3411,4,PDIS,historical_knn,none,reported_support_fragile,True
sepsis,terminal_90d_only,soft_spibb,3411,4,WPDIS,historical_knn,none,reported_support_fragile,True
sepsis,terminal_90d_only,soft_spibb,3411,4,CWPDIS,historical_knn,none,reported_support_fragile,True
sepsis,terminal_90d_only,soft_spibb,3411,4,DR,historical_knn,none,reported_support_fragile,True
sepsis,terminal_90d_only,soft_spibb,3411,4,WDR,historical_knn,none,reported_support_fragile,True
sepsis,terminal_90d_only,soft_spibb,3411,4,FQE,historical_knn,none,reported_support_fragile,True
sepsis,terminal_90d_only,soft_spibb,3411,4,support_restricted_WPDIS,historical_knn,none,reported_support_fragile,True
sepsis,terminal_90d_only,soft_spibb,3411,4,IS,historical_knn,20.0,reported_support_fragile,True
sepsis,terminal_90d_only,soft_spibb,3411,4,WIS,historical_knn,20.0,reported_support_fragile,True
sepsis,terminal_90d_only,soft_spibb,3411,4,PDIS,historical_knn,20.0,reported_support_fragile,True
sepsis,terminal_90d_only,soft_spibb,3411,4,WPDIS,historical_knn,20.0,reported_support_fragile,True
sepsis,terminal_90d_only,soft_spibb,3411,4,CWPDIS,historical_knn,20.0,reported_support_fragile,True
sepsis,terminal_90d_only,soft_spibb,3411,4,DR,historical_knn,20.0,reported_support_fragile,True
sepsis,terminal_90d_only,soft_spibb,3411,4,WDR,historical_knn,20.0,reported_support_fragile,True
sepsis,terminal_90d_only,soft_spibb,3411,4,FQE,historical_knn,20.0,reported_support_fragile,True
sepsis,terminal_90d_only,soft_spibb,3411,4,support_restricted_WPDIS,historical_knn,20.0,reported_support_fragile,True
sepsis,terminal_90d_only,soft_spibb,3411,4,IS,neural_classifier,none,reported_support_fragile,True
sepsis,terminal_90d_only,soft_spibb,3411,4,WIS,neural_classifier,none,reported_support_fragile,True
sepsis,terminal_90d_only,soft_spibb,3411,4,PDIS,neural_classifier,none,reported_support_fragile,True
sepsis,terminal_90d_only,soft_spibb,3411,4,WPDIS,neural_classifier,none,reported_support_fragile,True
sepsis,terminal_90d_only,soft_spibb,3411,4,CWPDIS,neural_classifier,none,reported_support_fragile,True
sepsis,terminal_90d_only,soft_spibb,3411,4,DR,neural_classifier,none,reported_support_fragile,True
sepsis,terminal_90d_only,soft_spibb,3411,4,WDR,neural_classifier,none,reported_support_fragile,True
sepsis,terminal_90d_only,soft_spibb,3411,4,FQE,neural_classifier,none,reported_support_fragile,True
sepsis,terminal_90d_only,soft_spibb,3411,4,support_restricted_WPDIS,neural_classifier,none,reported_support_fragile,True
sepsis,terminal_90d_only,soft_spibb,3411,4,IS,neural_classifier,20.0,reported_support_fragile,True
sepsis,terminal_90d_only,soft_spibb,3411,4,WIS,neural_classifier,20.0,reported_support_fragile,True
sepsis,terminal_90d_only,soft_spibb,3411,4,PDIS,neural_classifier,20.0,reported_support_fragile,True
sepsis,terminal_90d_only,soft_spibb,3411,4,WPDIS,neural_classifier,20.0,reported_support_fragile,True
sepsis,terminal_90d_only,soft_spibb,3411,4,CWPDIS,neural_classifier,20.0,reported_support_fragile,True
sepsis,terminal_90d_only,soft_spibb,3411,4,DR,neural_classifier,20.0,reported_support_fragile,True
sepsis,terminal_90d_only,soft_spibb,3411,4,WDR,neural_classifier,20.0,reported_support_fragile,True
sepsis,terminal_90d_only,soft_spibb,3411,4,FQE,neural_classifier,20.0,reported_support_fragile,True
sepsis,terminal_90d_only,soft_spibb,3411,4,support_restricted_WPDIS,neural_classifier,20.0,reported_support_fragile,True
sepsis,terminal_90d_only,soft_spibb,3411,8,IS,historical_knn,none,reported_support_fragile,True
sepsis,terminal_90d_only,soft_spibb,3411,8,WIS,historical_knn,none,reported_support_fragile,True
sepsis,terminal_90d_only,soft_spibb,3411,8,PDIS,historical_knn,none,reported_support_fragile,True
sepsis,terminal_90d_only,soft_spibb,3411,8,WPDIS,historical_knn,none,reported_support_fragile,True
sepsis,terminal_90d_only,soft_spibb,3411,8,CWPDIS,historical_knn,none,reported_support_fragile,True
sepsis,terminal_90d_only,soft_spibb,3411,8,DR,historical_knn,none,reported_support_fragile,True
sepsis,terminal_90d_only,soft_spibb,3411,8,WDR,historical_knn,none,reported_support_fragile,True
sepsis,terminal_90d_only,soft_spibb,3411,8,FQE,historical_knn,none,reported_support_fragile,True
sepsis,terminal_90d_only,soft_spibb,3411,8,support_restricted_WPDIS,historical_knn,none,reported_support_fragile,True
sepsis,terminal_90d_only,soft_spibb,3411,8,IS,historical_knn,20.0,reported_support_fragile,True
sepsis,terminal_90d_only,soft_spibb,3411,8,WIS,historical_knn,20.0,reported_support_fragile,True
sepsis,terminal_90d_only,soft_spibb,3411,8,PDIS,historical_knn,20.0,reported_support_fragile,True
sepsis,terminal_90d_only,soft_spibb,3411,8,WPDIS,historical_knn,20.0,reported_support_fragile,True
sepsis,terminal_90d_only,soft_spibb,3411,8,CWPDIS,historical_knn,20.0,reported_support_fragile,True
sepsis,terminal_90d_only,soft_spibb,3411,8,DR,historical_knn,20.0,reported_support_fragile,True
sepsis,terminal_90d_only,soft_spibb,3411,8,WDR,historical_knn,20.0,reported_support_fragile,True
sepsis,terminal_90d_only,soft_spibb,3411,8,FQE,historical_knn,20.0,reported_support_fragile,True
sepsis,terminal_90d_only,soft_spibb,3411,8,support_restricted_WPDIS,historical_knn,20.0,reported_support_fragile,True
sepsis,terminal_90d_only,soft_spibb,3411,8,IS,neural_classifier,none,reported_support_fragile,True
sepsis,terminal_90d_only,soft_spibb,3411,8,WIS,neural_classifier,none,reported_support_fragile,True
sepsis,terminal_90d_only,soft_spibb,3411,8,PDIS,neural_classifier,none,reported_support_fragile,True
sepsis,terminal_90d_only,soft_spibb,3411,8,WPDIS,neural_classifier,none,reported_support_fragile,True
sepsis,terminal_90d_only,soft_spibb,3411,8,CWPDIS,neural_classifier,none,reported_support_fragile,True
sepsis,terminal_90d_only,soft_spibb,3411,8,DR,neural_classifier,none,reported_support_fragile,True
sepsis,terminal_90d_only,soft_spibb,3411,8,WDR,neural_classifier,none,reported_support_fragile,True
sepsis,terminal_90d_only,soft_spibb,3411,8,FQE,neural_classifier,none,reported_support_fragile,True
sepsis,terminal_90d_only,soft_spibb,3411,8,support_restricted_WPDIS,neural_classifier,none,reported_support_fragile,True
sepsis,terminal_90d_only,soft_spibb,3411,8,IS,neural_classifier,20.0,reported_support_fragile,True
sepsis,terminal_90d_only,soft_spibb,3411,8,WIS,neural_classifier,20.0,reported_support_fragile,True
sepsis,terminal_90d_only,soft_spibb,3411,8,PDIS,neural_classifier,20.0,reported_support_fragile,True
sepsis,terminal_90d_only,soft_spibb,3411,8,WPDIS,neural_classifier,20.0,reported_support_fragile,True
sepsis,terminal_90d_only,soft_spibb,3411,8,CWPDIS,neural_classifier,20.0,reported_support_fragile,True
sepsis,terminal_90d_only,soft_spibb,3411,8,DR,neural_classifier,20.0,reported_support_fragile,True
sepsis,terminal_90d_only,soft_spibb,3411,8,WDR,neural_classifier,20.0,reported_support_fragile,True
sepsis,terminal_90d_only,soft_spibb,3411,8,FQE,neural_classifier,20.0,reported_support_fragile,True
sepsis,terminal_90d_only,soft_spibb,3411,8,support_restricted_WPDIS,neural_classifier,20.0,reported_support_fragile,True
sepsis,terminal_90d_only,decision_transformer_adapter,3411,1,IS,historical_knn,none,reported_supported,True
sepsis,terminal_90d_only,decision_transformer_adapter,3411,1,WIS,historical_knn,none,reported_supported,True
sepsis,terminal_90d_only,decision_transformer_adapter,3411,1,PDIS,historical_knn,none,reported_supported,True
sepsis,terminal_90d_only,decision_transformer_adapter,3411,1,WPDIS,historical_knn,none,reported_supported,True
sepsis,terminal_90d_only,decision_transformer_adapter,3411,1,CWPDIS,historical_knn,none,reported_supported,True
sepsis,terminal_90d_only,decision_transformer_adapter,3411,1,DR,historical_knn,none,reported_supported,True
sepsis,terminal_90d_only,decision_transformer_adapter,3411,1,WDR,historical_knn,none,reported_supported,True
sepsis,terminal_90d_only,decision_transformer_adapter,3411,1,FQE,historical_knn,none,reported_supported,True
sepsis,terminal_90d_only,decision_transformer_adapter,3411,1,support_restricted_WPDIS,historical_knn,none,reported_supported,True
sepsis,terminal_90d_only,decision_transformer_adapter,3411,1,IS,historical_knn,20.0,reported_supported,True
sepsis,terminal_90d_only,decision_transformer_adapter,3411,1,WIS,historical_knn,20.0,reported_supported,True
sepsis,terminal_90d_only,decision_transformer_adapter,3411,1,PDIS,historical_knn,20.0,reported_supported,True
sepsis,terminal_90d_only,decision_transformer_adapter,3411,1,WPDIS,historical_knn,20.0,reported_supported,True
sepsis,terminal_90d_only,decision_transformer_adapter,3411,1,CWPDIS,historical_knn,20.0,reported_supported,True
sepsis,terminal_90d_only,decision_transformer_adapter,3411,1,DR,historical_knn,20.0,reported_supported,True
sepsis,terminal_90d_only,decision_transformer_adapter,3411,1,WDR,historical_knn,20.0,reported_supported,True
sepsis,terminal_90d_only,decision_transformer_adapter,3411,1,FQE,historical_knn,20.0,reported_supported,True
sepsis,terminal_90d_only,decision_transformer_adapter,3411,1,support_restricted_WPDIS,historical_knn,20.0,reported_supported,True
sepsis,terminal_90d_only,decision_transformer_adapter,3411,1,IS,neural_classifier,none,reported_supported,True
sepsis,terminal_90d_only,decision_transformer_adapter,3411,1,WIS,neural_classifier,none,reported_supported,True
sepsis,terminal_90d_only,decision_transformer_adapter,3411,1,PDIS,neural_classifier,none,reported_supported,True
sepsis,terminal_90d_only,decision_transformer_adapter,3411,1,WPDIS,neural_classifier,none,reported_supported,True
sepsis,terminal_90d_only,decision_transformer_adapter,3411,1,CWPDIS,neural_classifier,none,reported_supported,True
sepsis,terminal_90d_only,decision_transformer_adapter,3411,1,DR,neural_classifier,none,reported_supported,True
sepsis,terminal_90d_only,decision_transformer_adapter,3411,1,WDR,neural_classifier,none,reported_supported,True
sepsis,terminal_90d_only,decision_transformer_adapter,3411,1,FQE,neural_classifier,none,reported_supported,True
sepsis,terminal_90d_only,decision_transformer_adapter,3411,1,support_restricted_WPDIS,neural_classifier,none,reported_supported,True
sepsis,terminal_90d_only,decision_transformer_adapter,3411,1,IS,neural_classifier,20.0,reported_supported,True
sepsis,terminal_90d_only,decision_transformer_adapter,3411,1,WIS,neural_classifier,20.0,reported_supported,True
sepsis,terminal_90d_only,decision_transformer_adapter,3411,1,PDIS,neural_classifier,20.0,reported_supported,True
sepsis,terminal_90d_only,decision_transformer_adapter,3411,1,WPDIS,neural_classifier,20.0,reported_supported,True
sepsis,terminal_90d_only,decision_transformer_adapter,3411,1,CWPDIS,neural_classifier,20.0,reported_supported,True
sepsis,terminal_90d_only,decision_transformer_adapter,3411,1,DR,neural_classifier,20.0,reported_supported,True
sepsis,terminal_90d_only,decision_transformer_adapter,3411,1,WDR,neural_classifier,20.0,reported_supported,True
sepsis,terminal_90d_only,decision_transformer_adapter,3411,1,FQE,neural_classifier,20.0,reported_supported,True
sepsis,terminal_90d_only,decision_transformer_adapter,3411,1,support_restricted_WPDIS,neural_classifier,20.0,reported_supported,True
sepsis,terminal_90d_only,decision_transformer_adapter,3411,4,IS,historical_knn,none,reported_support_fragile,True
sepsis,terminal_90d_only,decision_transformer_adapter,3411,4,WIS,historical_knn,none,reported_support_fragile,True
sepsis,terminal_90d_only,decision_transformer_adapter,3411,4,PDIS,historical_knn,none,reported_support_fragile,True
sepsis,terminal_90d_only,decision_transformer_adapter,3411,4,WPDIS,historical_knn,none,reported_support_fragile,True
sepsis,terminal_90d_only,decision_transformer_adapter,3411,4,CWPDIS,historical_knn,none,reported_support_fragile,True
sepsis,terminal_90d_only,decision_transformer_adapter,3411,4,DR,historical_knn,none,reported_support_fragile,True
sepsis,terminal_90d_only,decision_transformer_adapter,3411,4,WDR,historical_knn,none,reported_support_fragile,True
sepsis,terminal_90d_only,decision_transformer_adapter,3411,4,FQE,historical_knn,none,reported_support_fragile,True
sepsis,terminal_90d_only,decision_transformer_adapter,3411,4,support_restricted_WPDIS,historical_knn,none,reported_support_fragile,True
sepsis,terminal_90d_only,decision_transformer_adapter,3411,4,IS,historical_knn,20.0,reported_support_fragile,True
sepsis,terminal_90d_only,decision_transformer_adapter,3411,4,WIS,historical_knn,20.0,reported_support_fragile,True
sepsis,terminal_90d_only,decision_transformer_adapter,3411,4,PDIS,historical_knn,20.0,reported_support_fragile,True
sepsis,terminal_90d_only,decision_transformer_adapter,3411,4,WPDIS,historical_knn,20.0,reported_support_fragile,True
sepsis,terminal_90d_only,decision_transformer_adapter,3411,4,CWPDIS,historical_knn,20.0,reported_support_fragile,True
sepsis,terminal_90d_only,decision_transformer_adapter,3411,4,DR,historical_knn,20.0,reported_support_fragile,True
sepsis,terminal_90d_only,decision_transformer_adapter,3411,4,WDR,historical_knn,20.0,reported_support_fragile,True
sepsis,terminal_90d_only,decision_transformer_adapter,3411,4,FQE,historical_knn,20.0,reported_support_fragile,True
sepsis,terminal_90d_only,decision_transformer_adapter,3411,4,support_restricted_WPDIS,historical_knn,20.0,reported_support_fragile,True
sepsis,terminal_90d_only,decision_transformer_adapter,3411,4,IS,neural_classifier,none,reported_support_fragile,True
sepsis,terminal_90d_only,decision_transformer_adapter,3411,4,WIS,neural_classifier,none,reported_support_fragile,True
sepsis,terminal_90d_only,decision_transformer_adapter,3411,4,PDIS,neural_classifier,none,reported_support_fragile,True
sepsis,terminal_90d_only,decision_transformer_adapter,3411,4,WPDIS,neural_classifier,none,reported_support_fragile,True
sepsis,terminal_90d_only,decision_transformer_adapter,3411,4,CWPDIS,neural_classifier,none,reported_support_fragile,True
sepsis,terminal_90d_only,decision_transformer_adapter,3411,4,DR,neural_classifier,none,reported_support_fragile,True
sepsis,terminal_90d_only,decision_transformer_adapter,3411,4,WDR,neural_classifier,none,reported_support_fragile,True
sepsis,terminal_90d_only,decision_transformer_adapter,3411,4,FQE,neural_classifier,none,reported_support_fragile,True
sepsis,terminal_90d_only,decision_transformer_adapter,3411,4,support_restricted_WPDIS,neural_classifier,none,reported_support_fragile,True
sepsis,terminal_90d_only,decision_transformer_adapter,3411,4,IS,neural_classifier,20.0,reported_support_fragile,True
sepsis,terminal_90d_only,decision_transformer_adapter,3411,4,WIS,neural_classifier,20.0,reported_support_fragile,True
sepsis,terminal_90d_only,decision_transformer_adapter,3411,4,PDIS,neural_classifier,20.0,reported_support_fragile,True
sepsis,terminal_90d_only,decision_transformer_adapter,3411,4,WPDIS,neural_classifier,20.0,reported_support_fragile,True
sepsis,terminal_90d_only,decision_transformer_adapter,3411,4,CWPDIS,neural_classifier,20.0,reported_support_fragile,True
sepsis,terminal_90d_only,decision_transformer_adapter,3411,4,DR,neural_classifier,20.0,reported_support_fragile,True
sepsis,terminal_90d_only,decision_transformer_adapter,3411,4,WDR,neural_classifier,20.0,reported_support_fragile,True
sepsis,terminal_90d_only,decision_transformer_adapter,3411,4,FQE,neural_classifier,20.0,reported_support_fragile,True
sepsis,terminal_90d_only,decision_transformer_adapter,3411,4,support_restricted_WPDIS,neural_classifier,20.0,reported_support_fragile,True
sepsis,terminal_90d_only,decision_transformer_adapter,3411,8,IS,historical_knn,none,reported_support_fragile,True
sepsis,terminal_90d_only,decision_transformer_adapter,3411,8,WIS,historical_knn,none,reported_support_fragile,True
sepsis,terminal_90d_only,decision_transformer_adapter,3411,8,PDIS,historical_knn,none,reported_support_fragile,True
sepsis,terminal_90d_only,decision_transformer_adapter,3411,8,WPDIS,historical_knn,none,reported_support_fragile,True
sepsis,terminal_90d_only,decision_transformer_adapter,3411,8,CWPDIS,historical_knn,none,reported_support_fragile,True
sepsis,terminal_90d_only,decision_transformer_adapter,3411,8,DR,historical_knn,none,reported_support_fragile,True
sepsis,terminal_90d_only,decision_transformer_adapter,3411,8,WDR,historical_knn,none,reported_support_fragile,True
sepsis,terminal_90d_only,decision_transformer_adapter,3411,8,FQE,historical_knn,none,reported_support_fragile,True
sepsis,terminal_90d_only,decision_transformer_adapter,3411,8,support_restricted_WPDIS,historical_knn,none,reported_support_fragile,True
sepsis,terminal_90d_only,decision_transformer_adapter,3411,8,IS,historical_knn,20.0,reported_support_fragile,True
sepsis,terminal_90d_only,decision_transformer_adapter,3411,8,WIS,historical_knn,20.0,reported_support_fragile,True
sepsis,terminal_90d_only,decision_transformer_adapter,3411,8,PDIS,historical_knn,20.0,reported_support_fragile,True
sepsis,terminal_90d_only,decision_transformer_adapter,3411,8,WPDIS,historical_knn,20.0,reported_support_fragile,True
sepsis,terminal_90d_only,decision_transformer_adapter,3411,8,CWPDIS,historical_knn,20.0,reported_support_fragile,True
sepsis,terminal_90d_only,decision_transformer_adapter,3411,8,DR,historical_knn,20.0,reported_support_fragile,True
sepsis,terminal_90d_only,decision_transformer_adapter,3411,8,WDR,historical_knn,20.0,reported_support_fragile,True
sepsis,terminal_90d_only,decision_transformer_adapter,3411,8,FQE,historical_knn,20.0,reported_support_fragile,True
sepsis,terminal_90d_only,decision_transformer_adapter,3411,8,support_restricted_WPDIS,historical_knn,20.0,reported_support_fragile,True
sepsis,terminal_90d_only,decision_transformer_adapter,3411,8,IS,neural_classifier,none,reported_support_fragile,True
sepsis,terminal_90d_only,decision_transformer_adapter,3411,8,WIS,neural_classifier,none,reported_support_fragile,True
sepsis,terminal_90d_only,decision_transformer_adapter,3411,8,PDIS,neural_classifier,none,reported_support_fragile,True
sepsis,terminal_90d_only,decision_transformer_adapter,3411,8,WPDIS,neural_classifier,none,reported_support_fragile,True
sepsis,terminal_90d_only,decision_transformer_adapter,3411,8,CWPDIS,neural_classifier,none,reported_support_fragile,True
sepsis,terminal_90d_only,decision_transformer_adapter,3411,8,DR,neural_classifier,none,reported_support_fragile,True
sepsis,terminal_90d_only,decision_transformer_adapter,3411,8,WDR,neural_classifier,none,reported_support_fragile,True
sepsis,terminal_90d_only,decision_transformer_adapter,3411,8,FQE,neural_classifier,none,reported_support_fragile,True
sepsis,terminal_90d_only,decision_transformer_adapter,3411,8,support_restricted_WPDIS,neural_classifier,none,reported_support_fragile,True
sepsis,terminal_90d_only,decision_transformer_adapter,3411,8,IS,neural_classifier,20.0,reported_support_fragile,True
sepsis,terminal_90d_only,decision_transformer_adapter,3411,8,WIS,neural_classifier,20.0,reported_support_fragile,True
sepsis,terminal_90d_only,decision_transformer_adapter,3411,8,PDIS,neural_classifier,20.0,reported_support_fragile,True
sepsis,terminal_90d_only,decision_transformer_adapter,3411,8,WPDIS,neural_classifier,20.0,reported_support_fragile,True
sepsis,terminal_90d_only,decision_transformer_adapter,3411,8,CWPDIS,neural_classifier,20.0,reported_support_fragile,True
sepsis,terminal_90d_only,decision_transformer_adapter,3411,8,DR,neural_classifier,20.0,reported_support_fragile,True
sepsis,terminal_90d_only,decision_transformer_adapter,3411,8,WDR,neural_classifier,20.0,reported_support_fragile,True
sepsis,terminal_90d_only,decision_transformer_adapter,3411,8,FQE,neural_classifier,20.0,reported_support_fragile,True
sepsis,terminal_90d_only,decision_transformer_adapter,3411,8,support_restricted_WPDIS,neural_classifier,20.0,reported_support_fragile,True
sepsis,terminal_90d_only,behavior_cloning,3414,1,IS,historical_knn,none,reported_supported,True
sepsis,terminal_90d_only,behavior_cloning,3414,1,WIS,historical_knn,none,reported_supported,True
sepsis,terminal_90d_only,behavior_cloning,3414,1,PDIS,historical_knn,none,reported_supported,True
sepsis,terminal_90d_only,behavior_cloning,3414,1,WPDIS,historical_knn,none,reported_supported,True
sepsis,terminal_90d_only,behavior_cloning,3414,1,CWPDIS,historical_knn,none,reported_supported,True
sepsis,terminal_90d_only,behavior_cloning,3414,1,DR,historical_knn,none,reported_supported,True
sepsis,terminal_90d_only,behavior_cloning,3414,1,WDR,historical_knn,none,reported_supported,True
sepsis,terminal_90d_only,behavior_cloning,3414,1,FQE,historical_knn,none,reported_supported,True
sepsis,terminal_90d_only,behavior_cloning,3414,1,support_restricted_WPDIS,historical_knn,none,reported_supported,True
sepsis,terminal_90d_only,behavior_cloning,3414,1,IS,historical_knn,20.0,reported_supported,True
sepsis,terminal_90d_only,behavior_cloning,3414,1,WIS,historical_knn,20.0,reported_supported,True
sepsis,terminal_90d_only,behavior_cloning,3414,1,PDIS,historical_knn,20.0,reported_supported,True
sepsis,terminal_90d_only,behavior_cloning,3414,1,WPDIS,historical_knn,20.0,reported_supported,True
sepsis,terminal_90d_only,behavior_cloning,3414,1,CWPDIS,historical_knn,20.0,reported_supported,True
sepsis,terminal_90d_only,behavior_cloning,3414,1,DR,historical_knn,20.0,reported_supported,True
sepsis,terminal_90d_only,behavior_cloning,3414,1,WDR,historical_knn,20.0,reported_supported,True
sepsis,terminal_90d_only,behavior_cloning,3414,1,FQE,historical_knn,20.0,reported_supported,True
sepsis,terminal_90d_only,behavior_cloning,3414,1,support_restricted_WPDIS,historical_knn,20.0,reported_supported,True
sepsis,terminal_90d_only,behavior_cloning,3414,1,IS,neural_classifier,none,reported_supported,True
sepsis,terminal_90d_only,behavior_cloning,3414,1,WIS,neural_classifier,none,reported_supported,True
sepsis,terminal_90d_only,behavior_cloning,3414,1,PDIS,neural_classifier,none,reported_supported,True
sepsis,terminal_90d_only,behavior_cloning,3414,1,WPDIS,neural_classifier,none,reported_supported,True
sepsis,terminal_90d_only,behavior_cloning,3414,1,CWPDIS,neural_classifier,none,reported_supported,True
sepsis,terminal_90d_only,behavior_cloning,3414,1,DR,neural_classifier,none,reported_supported,True
sepsis,terminal_90d_only,behavior_cloning,3414,1,WDR,neural_classifier,none,reported_supported,True
sepsis,terminal_90d_only,behavior_cloning,3414,1,FQE,neural_classifier,none,reported_supported,True
sepsis,terminal_90d_only,behavior_cloning,3414,1,support_restricted_WPDIS,neural_classifier,none,reported_supported,True
sepsis,terminal_90d_only,behavior_cloning,3414,1,IS,neural_classifier,20.0,reported_supported,True
sepsis,terminal_90d_only,behavior_cloning,3414,1,WIS,neural_classifier,20.0,reported_supported,True
sepsis,terminal_90d_only,behavior_cloning,3414,1,PDIS,neural_classifier,20.0,reported_supported,True
sepsis,terminal_90d_only,behavior_cloning,3414,1,WPDIS,neural_classifier,20.0,reported_supported,True
sepsis,terminal_90d_only,behavior_cloning,3414,1,CWPDIS,neural_classifier,20.0,reported_supported,True
sepsis,terminal_90d_only,behavior_cloning,3414,1,DR,neural_classifier,20.0,reported_supported,True
sepsis,terminal_90d_only,behavior_cloning,3414,1,WDR,neural_classifier,20.0,reported_supported,True
sepsis,terminal_90d_only,behavior_cloning,3414,1,FQE,neural_classifier,20.0,reported_supported,True
sepsis,terminal_90d_only,behavior_cloning,3414,1,support_restricted_WPDIS,neural_classifier,20.0,reported_supported,True
sepsis,terminal_90d_only,behavior_cloning,3414,4,IS,historical_knn,none,reported_support_fragile,True
sepsis,terminal_90d_only,behavior_cloning,3414,4,WIS,historical_knn,none,reported_support_fragile,True
sepsis,terminal_90d_only,behavior_cloning,3414,4,PDIS,historical_knn,none,reported_support_fragile,True
sepsis,terminal_90d_only,behavior_cloning,3414,4,WPDIS,historical_knn,none,reported_support_fragile,True
sepsis,terminal_90d_only,behavior_cloning,3414,4,CWPDIS,historical_knn,none,reported_support_fragile,True
sepsis,terminal_90d_only,behavior_cloning,3414,4,DR,historical_knn,none,reported_support_fragile,True
sepsis,terminal_90d_only,behavior_cloning,3414,4,WDR,historical_knn,none,reported_support_fragile,True
sepsis,terminal_90d_only,behavior_cloning,3414,4,FQE,historical_knn,none,reported_support_fragile,True
sepsis,terminal_90d_only,behavior_cloning,3414,4,support_restricted_WPDIS,historical_knn,none,reported_support_fragile,True
sepsis,terminal_90d_only,behavior_cloning,3414,4,IS,historical_knn,20.0,reported_support_fragile,True
sepsis,terminal_90d_only,behavior_cloning,3414,4,WIS,historical_knn,20.0,reported_support_fragile,True
sepsis,terminal_90d_only,behavior_cloning,3414,4,PDIS,historical_knn,20.0,reported_support_fragile,True
sepsis,terminal_90d_only,behavior_cloning,3414,4,WPDIS,historical_knn,20.0,reported_support_fragile,True
sepsis,terminal_90d_only,behavior_cloning,3414,4,CWPDIS,historical_knn,20.0,reported_support_fragile,True
sepsis,terminal_90d_only,behavior_cloning,3414,4,DR,historical_knn,20.0,reported_support_fragile,True
sepsis,terminal_90d_only,behavior_cloning,3414,4,WDR,historical_knn,20.0,reported_support_fragile,True
sepsis,terminal_90d_only,behavior_cloning,3414,4,FQE,historical_knn,20.0,reported_support_fragile,True
sepsis,terminal_90d_only,behavior_cloning,3414,4,support_restricted_WPDIS,historical_knn,20.0,reported_support_fragile,True
sepsis,terminal_90d_only,behavior_cloning,3414,4,IS,neural_classifier,none,reported_supported,True
sepsis,terminal_90d_only,behavior_cloning,3414,4,WIS,neural_classifier,none,reported_supported,True
sepsis,terminal_90d_only,behavior_cloning,3414,4,PDIS,neural_classifier,none,reported_supported,True
sepsis,terminal_90d_only,behavior_cloning,3414,4,WPDIS,neural_classifier,none,reported_supported,True
sepsis,terminal_90d_only,behavior_cloning,3414,4,CWPDIS,neural_classifier,none,reported_supported,True
sepsis,terminal_90d_only,behavior_cloning,3414,4,DR,neural_classifier,none,reported_supported,True
sepsis,terminal_90d_only,behavior_cloning,3414,4,WDR,neural_classifier,none,reported_supported,True
sepsis,terminal_90d_only,behavior_cloning,3414,4,FQE,neural_classifier,none,reported_supported,True
sepsis,terminal_90d_only,behavior_cloning,3414,4,support_restricted_WPDIS,neural_classifier,none,reported_supported,True
sepsis,terminal_90d_only,behavior_cloning,3414,4,IS,neural_classifier,20.0,reported_supported,True
sepsis,terminal_90d_only,behavior_cloning,3414,4,WIS,neural_classifier,20.0,reported_supported,True
sepsis,terminal_90d_only,behavior_cloning,3414,4,PDIS,neural_classifier,20.0,reported_supported,True
sepsis,terminal_90d_only,behavior_cloning,3414,4,WPDIS,neural_classifier,20.0,reported_supported,True
sepsis,terminal_90d_only,behavior_cloning,3414,4,CWPDIS,neural_classifier,20.0,reported_supported,True
sepsis,terminal_90d_only,behavior_cloning,3414,4,DR,neural_classifier,20.0,reported_supported,True
sepsis,terminal_90d_only,behavior_cloning,3414,4,WDR,neural_classifier,20.0,reported_supported,True
sepsis,terminal_90d_only,behavior_cloning,3414,4,FQE,neural_classifier,20.0,reported_supported,True
sepsis,terminal_90d_only,behavior_cloning,3414,4,support_restricted_WPDIS,neural_classifier,20.0,reported_supported,True
sepsis,terminal_90d_only,behavior_cloning,3414,8,IS,historical_knn,none,reported_support_fragile,True
sepsis,terminal_90d_only,behavior_cloning,3414,8,WIS,historical_knn,none,reported_support_fragile,True
sepsis,terminal_90d_only,behavior_cloning,3414,8,PDIS,historical_knn,none,reported_support_fragile,True
sepsis,terminal_90d_only,behavior_cloning,3414,8,WPDIS,historical_knn,none,reported_support_fragile,True
sepsis,terminal_90d_only,behavior_cloning,3414,8,CWPDIS,historical_knn,none,reported_support_fragile,True
sepsis,terminal_90d_only,behavior_cloning,3414,8,DR,historical_knn,none,reported_support_fragile,True
sepsis,terminal_90d_only,behavior_cloning,3414,8,WDR,historical_knn,none,reported_support_fragile,True
sepsis,terminal_90d_only,behavior_cloning,3414,8,FQE,historical_knn,none,reported_support_fragile,True
sepsis,terminal_90d_only,behavior_cloning,3414,8,support_restricted_WPDIS,historical_knn,none,reported_support_fragile,True
sepsis,terminal_90d_only,behavior_cloning,3414,8,IS,historical_knn,20.0,reported_support_fragile,True
sepsis,terminal_90d_only,behavior_cloning,3414,8,WIS,historical_knn,20.0,reported_support_fragile,True
sepsis,terminal_90d_only,behavior_cloning,3414,8,PDIS,historical_knn,20.0,reported_support_fragile,True
sepsis,terminal_90d_only,behavior_cloning,3414,8,WPDIS,historical_knn,20.0,reported_support_fragile,True
sepsis,terminal_90d_only,behavior_cloning,3414,8,CWPDIS,historical_knn,20.0,reported_support_fragile,True
sepsis,terminal_90d_only,behavior_cloning,3414,8,DR,historical_knn,20.0,reported_support_fragile,True
sepsis,terminal_90d_only,behavior_cloning,3414,8,WDR,historical_knn,20.0,reported_support_fragile,True
sepsis,terminal_90d_only,behavior_cloning,3414,8,FQE,historical_knn,20.0,reported_support_fragile,True
sepsis,terminal_90d_only,behavior_cloning,3414,8,support_restricted_WPDIS,historical_knn,20.0,reported_support_fragile,True
sepsis,terminal_90d_only,behavior_cloning,3414,8,IS,neural_classifier,none,reported_supported,True
sepsis,terminal_90d_only,behavior_cloning,3414,8,WIS,neural_classifier,none,reported_supported,True
sepsis,terminal_90d_only,behavior_cloning,3414,8,PDIS,neural_classifier,none,reported_supported,True
sepsis,terminal_90d_only,behavior_cloning,3414,8,WPDIS,neural_classifier,none,reported_supported,True
sepsis,terminal_90d_only,behavior_cloning,3414,8,CWPDIS,neural_classifier,none,reported_supported,True
sepsis,terminal_90d_only,behavior_cloning,3414,8,DR,neural_classifier,none,reported_supported,True
sepsis,terminal_90d_only,behavior_cloning,3414,8,WDR,neural_classifier,none,reported_supported,True
sepsis,terminal_90d_only,behavior_cloning,3414,8,FQE,neural_classifier,none,reported_supported,True
sepsis,terminal_90d_only,behavior_cloning,3414,8,support_restricted_WPDIS,neural_classifier,none,reported_supported,True
sepsis,terminal_90d_only,behavior_cloning,3414,8,IS,neural_classifier,20.0,reported_supported,True
sepsis,terminal_90d_only,behavior_cloning,3414,8,WIS,neural_classifier,20.0,reported_supported,True
sepsis,terminal_90d_only,behavior_cloning,3414,8,PDIS,neural_classifier,20.0,reported_supported,True
sepsis,terminal_90d_only,behavior_cloning,3414,8,WPDIS,neural_classifier,20.0,reported_supported,True
sepsis,terminal_90d_only,behavior_cloning,3414,8,CWPDIS,neural_classifier,20.0,reported_supported,True
sepsis,terminal_90d_only,behavior_cloning,3414,8,DR,neural_classifier,20.0,reported_supported,True
sepsis,terminal_90d_only,behavior_cloning,3414,8,WDR,neural_classifier,20.0,reported_supported,True
sepsis,terminal_90d_only,behavior_cloning,3414,8,FQE,neural_classifier,20.0,reported_supported,True
sepsis,terminal_90d_only,behavior_cloning,3414,8,support_restricted_WPDIS,neural_classifier,20.0,reported_supported,True
sepsis,terminal_90d_only,discrete_bcq,3414,1,IS,historical_knn,none,reported_support_fragile,True
sepsis,terminal_90d_only,discrete_bcq,3414,1,WIS,historical_knn,none,reported_support_fragile,True
sepsis,terminal_90d_only,discrete_bcq,3414,1,PDIS,historical_knn,none,reported_support_fragile,True
sepsis,terminal_90d_only,discrete_bcq,3414,1,WPDIS,historical_knn,none,reported_support_fragile,True
sepsis,terminal_90d_only,discrete_bcq,3414,1,CWPDIS,historical_knn,none,reported_support_fragile,True
sepsis,terminal_90d_only,discrete_bcq,3414,1,DR,historical_knn,none,reported_support_fragile,True
sepsis,terminal_90d_only,discrete_bcq,3414,1,WDR,historical_knn,none,reported_support_fragile,True
sepsis,terminal_90d_only,discrete_bcq,3414,1,FQE,historical_knn,none,reported_support_fragile,True
sepsis,terminal_90d_only,discrete_bcq,3414,1,support_restricted_WPDIS,historical_knn,none,reported_support_fragile,True
sepsis,terminal_90d_only,discrete_bcq,3414,1,IS,historical_knn,20.0,reported_support_fragile,True
sepsis,terminal_90d_only,discrete_bcq,3414,1,WIS,historical_knn,20.0,reported_support_fragile,True
sepsis,terminal_90d_only,discrete_bcq,3414,1,PDIS,historical_knn,20.0,reported_support_fragile,True
sepsis,terminal_90d_only,discrete_bcq,3414,1,WPDIS,historical_knn,20.0,reported_support_fragile,True
sepsis,terminal_90d_only,discrete_bcq,3414,1,CWPDIS,historical_knn,20.0,reported_support_fragile,True
sepsis,terminal_90d_only,discrete_bcq,3414,1,DR,historical_knn,20.0,reported_support_fragile,True
sepsis,terminal_90d_only,discrete_bcq,3414,1,WDR,historical_knn,20.0,reported_support_fragile,True
sepsis,terminal_90d_only,discrete_bcq,3414,1,FQE,historical_knn,20.0,reported_support_fragile,True
sepsis,terminal_90d_only,discrete_bcq,3414,1,support_restricted_WPDIS,historical_knn,20.0,reported_support_fragile,True
sepsis,terminal_90d_only,discrete_bcq,3414,1,IS,neural_classifier,none,reported_supported,True
sepsis,terminal_90d_only,discrete_bcq,3414,1,WIS,neural_classifier,none,reported_supported,True
sepsis,terminal_90d_only,discrete_bcq,3414,1,PDIS,neural_classifier,none,reported_supported,True
sepsis,terminal_90d_only,discrete_bcq,3414,1,WPDIS,neural_classifier,none,reported_supported,True
sepsis,terminal_90d_only,discrete_bcq,3414,1,CWPDIS,neural_classifier,none,reported_supported,True
sepsis,terminal_90d_only,discrete_bcq,3414,1,DR,neural_classifier,none,reported_supported,True
sepsis,terminal_90d_only,discrete_bcq,3414,1,WDR,neural_classifier,none,reported_supported,True
sepsis,terminal_90d_only,discrete_bcq,3414,1,FQE,neural_classifier,none,reported_supported,True
sepsis,terminal_90d_only,discrete_bcq,3414,1,support_restricted_WPDIS,neural_classifier,none,reported_supported,True
sepsis,terminal_90d_only,discrete_bcq,3414,1,IS,neural_classifier,20.0,reported_supported,True
sepsis,terminal_90d_only,discrete_bcq,3414,1,WIS,neural_classifier,20.0,reported_supported,True
sepsis,terminal_90d_only,discrete_bcq,3414,1,PDIS,neural_classifier,20.0,reported_supported,True
sepsis,terminal_90d_only,discrete_bcq,3414,1,WPDIS,neural_classifier,20.0,reported_supported,True
sepsis,terminal_90d_only,discrete_bcq,3414,1,CWPDIS,neural_classifier,20.0,reported_supported,True
sepsis,terminal_90d_only,discrete_bcq,3414,1,DR,neural_classifier,20.0,reported_supported,True
sepsis,terminal_90d_only,discrete_bcq,3414,1,WDR,neural_classifier,20.0,reported_supported,True
sepsis,terminal_90d_only,discrete_bcq,3414,1,FQE,neural_classifier,20.0,reported_supported,True
sepsis,terminal_90d_only,discrete_bcq,3414,1,support_restricted_WPDIS,neural_classifier,20.0,reported_supported,True
sepsis,terminal_90d_only,discrete_bcq,3414,4,IS,historical_knn,none,reported_support_fragile,True
sepsis,terminal_90d_only,discrete_bcq,3414,4,WIS,historical_knn,none,reported_support_fragile,True
sepsis,terminal_90d_only,discrete_bcq,3414,4,PDIS,historical_knn,none,reported_support_fragile,True
sepsis,terminal_90d_only,discrete_bcq,3414,4,WPDIS,historical_knn,none,reported_support_fragile,True
sepsis,terminal_90d_only,discrete_bcq,3414,4,CWPDIS,historical_knn,none,reported_support_fragile,True
sepsis,terminal_90d_only,discrete_bcq,3414,4,DR,historical_knn,none,reported_support_fragile,True
sepsis,terminal_90d_only,discrete_bcq,3414,4,WDR,historical_knn,none,reported_support_fragile,True
sepsis,terminal_90d_only,discrete_bcq,3414,4,FQE,historical_knn,none,reported_support_fragile,True
sepsis,terminal_90d_only,discrete_bcq,3414,4,support_restricted_WPDIS,historical_knn,none,reported_support_fragile,True
sepsis,terminal_90d_only,discrete_bcq,3414,4,IS,historical_knn,20.0,reported_support_fragile,True
sepsis,terminal_90d_only,discrete_bcq,3414,4,WIS,historical_knn,20.0,reported_support_fragile,True
sepsis,terminal_90d_only,discrete_bcq,3414,4,PDIS,historical_knn,20.0,reported_support_fragile,True
sepsis,terminal_90d_only,discrete_bcq,3414,4,WPDIS,historical_knn,20.0,reported_support_fragile,True
sepsis,terminal_90d_only,discrete_bcq,3414,4,CWPDIS,historical_knn,20.0,reported_support_fragile,True
sepsis,terminal_90d_only,discrete_bcq,3414,4,DR,historical_knn,20.0,reported_support_fragile,True
sepsis,terminal_90d_only,discrete_bcq,3414,4,WDR,historical_knn,20.0,reported_support_fragile,True
sepsis,terminal_90d_only,discrete_bcq,3414,4,FQE,historical_knn,20.0,reported_support_fragile,True
sepsis,terminal_90d_only,discrete_bcq,3414,4,support_restricted_WPDIS,historical_knn,20.0,reported_support_fragile,True
sepsis,terminal_90d_only,discrete_bcq,3414,4,IS,neural_classifier,none,reported_support_fragile,True
sepsis,terminal_90d_only,discrete_bcq,3414,4,WIS,neural_classifier,none,reported_support_fragile,True
sepsis,terminal_90d_only,discrete_bcq,3414,4,PDIS,neural_classifier,none,reported_support_fragile,True
sepsis,terminal_90d_only,discrete_bcq,3414,4,WPDIS,neural_classifier,none,reported_support_fragile,True
sepsis,terminal_90d_only,discrete_bcq,3414,4,CWPDIS,neural_classifier,none,reported_support_fragile,True
sepsis,terminal_90d_only,discrete_bcq,3414,4,DR,neural_classifier,none,reported_support_fragile,True
sepsis,terminal_90d_only,discrete_bcq,3414,4,WDR,neural_classifier,none,reported_support_fragile,True
sepsis,terminal_90d_only,discrete_bcq,3414,4,FQE,neural_classifier,none,reported_support_fragile,True
sepsis,terminal_90d_only,discrete_bcq,3414,4,support_restricted_WPDIS,neural_classifier,none,reported_support_fragile,True
sepsis,terminal_90d_only,discrete_bcq,3414,4,IS,neural_classifier,20.0,reported_support_fragile,True
sepsis,terminal_90d_only,discrete_bcq,3414,4,WIS,neural_classifier,20.0,reported_support_fragile,True
sepsis,terminal_90d_only,discrete_bcq,3414,4,PDIS,neural_classifier,20.0,reported_support_fragile,True
sepsis,terminal_90d_only,discrete_bcq,3414,4,WPDIS,neural_classifier,20.0,reported_support_fragile,True
sepsis,terminal_90d_only,discrete_bcq,3414,4,CWPDIS,neural_classifier,20.0,reported_support_fragile,True
sepsis,terminal_90d_only,discrete_bcq,3414,4,DR,neural_classifier,20.0,reported_support_fragile,True
sepsis,terminal_90d_only,discrete_bcq,3414,4,WDR,neural_classifier,20.0,reported_support_fragile,True
sepsis,terminal_90d_only,discrete_bcq,3414,4,FQE,neural_classifier,20.0,reported_support_fragile,True
sepsis,terminal_90d_only,discrete_bcq,3414,4,support_restricted_WPDIS,neural_classifier,20.0,reported_support_fragile,True
sepsis,terminal_90d_only,discrete_bcq,3414,8,IS,historical_knn,none,reported_support_fragile,True
sepsis,terminal_90d_only,discrete_bcq,3414,8,WIS,historical_knn,none,reported_support_fragile,True
sepsis,terminal_90d_only,discrete_bcq,3414,8,PDIS,historical_knn,none,reported_support_fragile,True
sepsis,terminal_90d_only,discrete_bcq,3414,8,WPDIS,historical_knn,none,reported_support_fragile,True
sepsis,terminal_90d_only,discrete_bcq,3414,8,CWPDIS,historical_knn,none,reported_support_fragile,True
sepsis,terminal_90d_only,discrete_bcq,3414,8,DR,historical_knn,none,reported_support_fragile,True
sepsis,terminal_90d_only,discrete_bcq,3414,8,WDR,historical_knn,none,reported_support_fragile,True
sepsis,terminal_90d_only,discrete_bcq,3414,8,FQE,historical_knn,none,reported_support_fragile,True
sepsis,terminal_90d_only,discrete_bcq,3414,8,support_restricted_WPDIS,historical_knn,none,reported_support_fragile,True
sepsis,terminal_90d_only,discrete_bcq,3414,8,IS,historical_knn,20.0,reported_support_fragile,True
sepsis,terminal_90d_only,discrete_bcq,3414,8,WIS,historical_knn,20.0,reported_support_fragile,True
sepsis,terminal_90d_only,discrete_bcq,3414,8,PDIS,historical_knn,20.0,reported_support_fragile,True
sepsis,terminal_90d_only,discrete_bcq,3414,8,WPDIS,historical_knn,20.0,reported_support_fragile,True
sepsis,terminal_90d_only,discrete_bcq,3414,8,CWPDIS,historical_knn,20.0,reported_support_fragile,True
sepsis,terminal_90d_only,discrete_bcq,3414,8,DR,historical_knn,20.0,reported_support_fragile,True
sepsis,terminal_90d_only,discrete_bcq,3414,8,WDR,historical_knn,20.0,reported_support_fragile,True
sepsis,terminal_90d_only,discrete_bcq,3414,8,FQE,historical_knn,20.0,reported_support_fragile,True
sepsis,terminal_90d_only,discrete_bcq,3414,8,support_restricted_WPDIS,historical_knn,20.0,reported_support_fragile,True
sepsis,terminal_90d_only,discrete_bcq,3414,8,IS,neural_classifier,none,reported_support_fragile,True
sepsis,terminal_90d_only,discrete_bcq,3414,8,WIS,neural_classifier,none,reported_support_fragile,True
sepsis,terminal_90d_only,discrete_bcq,3414,8,PDIS,neural_classifier,none,reported_support_fragile,True
sepsis,terminal_90d_only,discrete_bcq,3414,8,WPDIS,neural_classifier,none,reported_support_fragile,True
sepsis,terminal_90d_only,discrete_bcq,3414,8,CWPDIS,neural_classifier,none,reported_support_fragile,True
sepsis,terminal_90d_only,discrete_bcq,3414,8,DR,neural_classifier,none,reported_support_fragile,True
sepsis,terminal_90d_only,discrete_bcq,3414,8,WDR,neural_classifier,none,reported_support_fragile,True
sepsis,terminal_90d_only,discrete_bcq,3414,8,FQE,neural_classifier,none,reported_support_fragile,True
sepsis,terminal_90d_only,discrete_bcq,3414,8,support_restricted_WPDIS,neural_classifier,none,reported_support_fragile,True
sepsis,terminal_90d_only,discrete_bcq,3414,8,IS,neural_classifier,20.0,reported_support_fragile,True
sepsis,terminal_90d_only,discrete_bcq,3414,8,WIS,neural_classifier,20.0,reported_support_fragile,True
sepsis,terminal_90d_only,discrete_bcq,3414,8,PDIS,neural_classifier,20.0,reported_support_fragile,True
sepsis,terminal_90d_only,discrete_bcq,3414,8,WPDIS,neural_classifier,20.0,reported_support_fragile,True
sepsis,terminal_90d_only,discrete_bcq,3414,8,CWPDIS,neural_classifier,20.0,reported_support_fragile,True
sepsis,terminal_90d_only,discrete_bcq,3414,8,DR,neural_classifier,20.0,reported_support_fragile,True
sepsis,terminal_90d_only,discrete_bcq,3414,8,WDR,neural_classifier,20.0,reported_support_fragile,True
sepsis,terminal_90d_only,discrete_bcq,3414,8,FQE,neural_classifier,20.0,reported_support_fragile,True
sepsis,terminal_90d_only,discrete_bcq,3414,8,support_restricted_WPDIS,neural_classifier,20.0,reported_support_fragile,True
sepsis,terminal_90d_only,discrete_cql,3414,1,IS,historical_knn,none,reported_support_fragile,True
sepsis,terminal_90d_only,discrete_cql,3414,1,WIS,historical_knn,none,reported_support_fragile,True
sepsis,terminal_90d_only,discrete_cql,3414,1,PDIS,historical_knn,none,reported_support_fragile,True
sepsis,terminal_90d_only,discrete_cql,3414,1,WPDIS,historical_knn,none,reported_support_fragile,True
sepsis,terminal_90d_only,discrete_cql,3414,1,CWPDIS,historical_knn,none,reported_support_fragile,True
sepsis,terminal_90d_only,discrete_cql,3414,1,DR,historical_knn,none,reported_support_fragile,True
sepsis,terminal_90d_only,discrete_cql,3414,1,WDR,historical_knn,none,reported_support_fragile,True
sepsis,terminal_90d_only,discrete_cql,3414,1,FQE,historical_knn,none,reported_support_fragile,True
sepsis,terminal_90d_only,discrete_cql,3414,1,support_restricted_WPDIS,historical_knn,none,reported_support_fragile,True
sepsis,terminal_90d_only,discrete_cql,3414,1,IS,historical_knn,20.0,reported_support_fragile,True
sepsis,terminal_90d_only,discrete_cql,3414,1,WIS,historical_knn,20.0,reported_support_fragile,True
sepsis,terminal_90d_only,discrete_cql,3414,1,PDIS,historical_knn,20.0,reported_support_fragile,True
sepsis,terminal_90d_only,discrete_cql,3414,1,WPDIS,historical_knn,20.0,reported_support_fragile,True
sepsis,terminal_90d_only,discrete_cql,3414,1,CWPDIS,historical_knn,20.0,reported_support_fragile,True
sepsis,terminal_90d_only,discrete_cql,3414,1,DR,historical_knn,20.0,reported_support_fragile,True
sepsis,terminal_90d_only,discrete_cql,3414,1,WDR,historical_knn,20.0,reported_support_fragile,True
sepsis,terminal_90d_only,discrete_cql,3414,1,FQE,historical_knn,20.0,reported_support_fragile,True
sepsis,terminal_90d_only,discrete_cql,3414,1,support_restricted_WPDIS,historical_knn,20.0,reported_support_fragile,True
sepsis,terminal_90d_only,discrete_cql,3414,1,IS,neural_classifier,none,reported_supported,True
sepsis,terminal_90d_only,discrete_cql,3414,1,WIS,neural_classifier,none,reported_supported,True
sepsis,terminal_90d_only,discrete_cql,3414,1,PDIS,neural_classifier,none,reported_supported,True
sepsis,terminal_90d_only,discrete_cql,3414,1,WPDIS,neural_classifier,none,reported_supported,True
sepsis,terminal_90d_only,discrete_cql,3414,1,CWPDIS,neural_classifier,none,reported_supported,True
sepsis,terminal_90d_only,discrete_cql,3414,1,DR,neural_classifier,none,reported_supported,True
sepsis,terminal_90d_only,discrete_cql,3414,1,WDR,neural_classifier,none,reported_supported,True
sepsis,terminal_90d_only,discrete_cql,3414,1,FQE,neural_classifier,none,reported_supported,True
sepsis,terminal_90d_only,discrete_cql,3414,1,support_restricted_WPDIS,neural_classifier,none,reported_supported,True
sepsis,terminal_90d_only,discrete_cql,3414,1,IS,neural_classifier,20.0,reported_supported,True
sepsis,terminal_90d_only,discrete_cql,3414,1,WIS,neural_classifier,20.0,reported_supported,True
sepsis,terminal_90d_only,discrete_cql,3414,1,PDIS,neural_classifier,20.0,reported_supported,True
sepsis,terminal_90d_only,discrete_cql,3414,1,WPDIS,neural_classifier,20.0,reported_supported,True
sepsis,terminal_90d_only,discrete_cql,3414,1,CWPDIS,neural_classifier,20.0,reported_supported,True
sepsis,terminal_90d_only,discrete_cql,3414,1,DR,neural_classifier,20.0,reported_supported,True
sepsis,terminal_90d_only,discrete_cql,3414,1,WDR,neural_classifier,20.0,reported_supported,True
sepsis,terminal_90d_only,discrete_cql,3414,1,FQE,neural_classifier,20.0,reported_supported,True
sepsis,terminal_90d_only,discrete_cql,3414,1,support_restricted_WPDIS,neural_classifier,20.0,reported_supported,True
sepsis,terminal_90d_only,discrete_cql,3414,4,IS,historical_knn,none,reported_support_fragile,True
sepsis,terminal_90d_only,discrete_cql,3414,4,WIS,historical_knn,none,reported_support_fragile,True
sepsis,terminal_90d_only,discrete_cql,3414,4,PDIS,historical_knn,none,reported_support_fragile,True
sepsis,terminal_90d_only,discrete_cql,3414,4,WPDIS,historical_knn,none,reported_support_fragile,True
sepsis,terminal_90d_only,discrete_cql,3414,4,CWPDIS,historical_knn,none,reported_support_fragile,True
sepsis,terminal_90d_only,discrete_cql,3414,4,DR,historical_knn,none,reported_support_fragile,True
sepsis,terminal_90d_only,discrete_cql,3414,4,WDR,historical_knn,none,reported_support_fragile,True
sepsis,terminal_90d_only,discrete_cql,3414,4,FQE,historical_knn,none,reported_support_fragile,True
sepsis,terminal_90d_only,discrete_cql,3414,4,support_restricted_WPDIS,historical_knn,none,reported_support_fragile,True
sepsis,terminal_90d_only,discrete_cql,3414,4,IS,historical_knn,20.0,reported_support_fragile,True
sepsis,terminal_90d_only,discrete_cql,3414,4,WIS,historical_knn,20.0,reported_support_fragile,True
sepsis,terminal_90d_only,discrete_cql,3414,4,PDIS,historical_knn,20.0,reported_support_fragile,True
sepsis,terminal_90d_only,discrete_cql,3414,4,WPDIS,historical_knn,20.0,reported_support_fragile,True
sepsis,terminal_90d_only,discrete_cql,3414,4,CWPDIS,historical_knn,20.0,reported_support_fragile,True
sepsis,terminal_90d_only,discrete_cql,3414,4,DR,historical_knn,20.0,reported_support_fragile,True
sepsis,terminal_90d_only,discrete_cql,3414,4,WDR,historical_knn,20.0,reported_support_fragile,True
sepsis,terminal_90d_only,discrete_cql,3414,4,FQE,historical_knn,20.0,reported_support_fragile,True
sepsis,terminal_90d_only,discrete_cql,3414,4,support_restricted_WPDIS,historical_knn,20.0,reported_support_fragile,True
sepsis,terminal_90d_only,discrete_cql,3414,4,IS,neural_classifier,none,reported_support_fragile,True
sepsis,terminal_90d_only,discrete_cql,3414,4,WIS,neural_classifier,none,reported_support_fragile,True
sepsis,terminal_90d_only,discrete_cql,3414,4,PDIS,neural_classifier,none,reported_support_fragile,True
sepsis,terminal_90d_only,discrete_cql,3414,4,WPDIS,neural_classifier,none,reported_support_fragile,True
sepsis,terminal_90d_only,discrete_cql,3414,4,CWPDIS,neural_classifier,none,reported_support_fragile,True
sepsis,terminal_90d_only,discrete_cql,3414,4,DR,neural_classifier,none,reported_support_fragile,True
sepsis,terminal_90d_only,discrete_cql,3414,4,WDR,neural_classifier,none,reported_support_fragile,True
sepsis,terminal_90d_only,discrete_cql,3414,4,FQE,neural_classifier,none,reported_support_fragile,True
sepsis,terminal_90d_only,discrete_cql,3414,4,support_restricted_WPDIS,neural_classifier,none,reported_support_fragile,True
sepsis,terminal_90d_only,discrete_cql,3414,4,IS,neural_classifier,20.0,reported_support_fragile,True
sepsis,terminal_90d_only,discrete_cql,3414,4,WIS,neural_classifier,20.0,reported_support_fragile,True
sepsis,terminal_90d_only,discrete_cql,3414,4,PDIS,neural_classifier,20.0,reported_support_fragile,True
sepsis,terminal_90d_only,discrete_cql,3414,4,WPDIS,neural_classifier,20.0,reported_support_fragile,True
sepsis,terminal_90d_only,discrete_cql,3414,4,CWPDIS,neural_classifier,20.0,reported_support_fragile,True
sepsis,terminal_90d_only,discrete_cql,3414,4,DR,neural_classifier,20.0,reported_support_fragile,True
sepsis,terminal_90d_only,discrete_cql,3414,4,WDR,neural_classifier,20.0,reported_support_fragile,True
sepsis,terminal_90d_only,discrete_cql,3414,4,FQE,neural_classifier,20.0,reported_support_fragile,True
sepsis,terminal_90d_only,discrete_cql,3414,4,support_restricted_WPDIS,neural_classifier,20.0,reported_support_fragile,True
sepsis,terminal_90d_only,discrete_cql,3414,8,IS,historical_knn,none,reported_support_fragile,True
sepsis,terminal_90d_only,discrete_cql,3414,8,WIS,historical_knn,none,reported_support_fragile,True
sepsis,terminal_90d_only,discrete_cql,3414,8,PDIS,historical_knn,none,reported_support_fragile,True
sepsis,terminal_90d_only,discrete_cql,3414,8,WPDIS,historical_knn,none,reported_support_fragile,True
sepsis,terminal_90d_only,discrete_cql,3414,8,CWPDIS,historical_knn,none,reported_support_fragile,True
sepsis,terminal_90d_only,discrete_cql,3414,8,DR,historical_knn,none,reported_support_fragile,True
sepsis,terminal_90d_only,discrete_cql,3414,8,WDR,historical_knn,none,reported_support_fragile,True
sepsis,terminal_90d_only,discrete_cql,3414,8,FQE,historical_knn,none,reported_support_fragile,True
sepsis,terminal_90d_only,discrete_cql,3414,8,support_restricted_WPDIS,historical_knn,none,reported_support_fragile,True
sepsis,terminal_90d_only,discrete_cql,3414,8,IS,historical_knn,20.0,reported_support_fragile,True
sepsis,terminal_90d_only,discrete_cql,3414,8,WIS,historical_knn,20.0,reported_support_fragile,True
sepsis,terminal_90d_only,discrete_cql,3414,8,PDIS,historical_knn,20.0,reported_support_fragile,True
sepsis,terminal_90d_only,discrete_cql,3414,8,WPDIS,historical_knn,20.0,reported_support_fragile,True
sepsis,terminal_90d_only,discrete_cql,3414,8,CWPDIS,historical_knn,20.0,reported_support_fragile,True
sepsis,terminal_90d_only,discrete_cql,3414,8,DR,historical_knn,20.0,reported_support_fragile,True
sepsis,terminal_90d_only,discrete_cql,3414,8,WDR,historical_knn,20.0,reported_support_fragile,True
sepsis,terminal_90d_only,discrete_cql,3414,8,FQE,historical_knn,20.0,reported_support_fragile,True
sepsis,terminal_90d_only,discrete_cql,3414,8,support_restricted_WPDIS,historical_knn,20.0,reported_support_fragile,True
sepsis,terminal_90d_only,discrete_cql,3414,8,IS,neural_classifier,none,reported_support_fragile,True
sepsis,terminal_90d_only,discrete_cql,3414,8,WIS,neural_classifier,none,reported_support_fragile,True
sepsis,terminal_90d_only,discrete_cql,3414,8,PDIS,neural_classifier,none,reported_support_fragile,True
sepsis,terminal_90d_only,discrete_cql,3414,8,WPDIS,neural_classifier,none,reported_support_fragile,True
sepsis,terminal_90d_only,discrete_cql,3414,8,CWPDIS,neural_classifier,none,reported_support_fragile,True
sepsis,terminal_90d_only,discrete_cql,3414,8,DR,neural_classifier,none,reported_support_fragile,True
sepsis,terminal_90d_only,discrete_cql,3414,8,WDR,neural_classifier,none,reported_support_fragile,True
sepsis,terminal_90d_only,discrete_cql,3414,8,FQE,neural_classifier,none,reported_support_fragile,True
sepsis,terminal_90d_only,discrete_cql,3414,8,support_restricted_WPDIS,neural_classifier,none,reported_support_fragile,True
sepsis,terminal_90d_only,discrete_cql,3414,8,IS,neural_classifier,20.0,reported_support_fragile,True
sepsis,terminal_90d_only,discrete_cql,3414,8,WIS,neural_classifier,20.0,reported_support_fragile,True
sepsis,terminal_90d_only,discrete_cql,3414,8,PDIS,neural_classifier,20.0,reported_support_fragile,True
sepsis,terminal_90d_only,discrete_cql,3414,8,WPDIS,neural_classifier,20.0,reported_support_fragile,True
sepsis,terminal_90d_only,discrete_cql,3414,8,CWPDIS,neural_classifier,20.0,reported_support_fragile,True
sepsis,terminal_90d_only,discrete_cql,3414,8,DR,neural_classifier,20.0,reported_support_fragile,True
sepsis,terminal_90d_only,discrete_cql,3414,8,WDR,neural_classifier,20.0,reported_support_fragile,True
sepsis,terminal_90d_only,discrete_cql,3414,8,FQE,neural_classifier,20.0,reported_support_fragile,True
sepsis,terminal_90d_only,discrete_cql,3414,8,support_restricted_WPDIS,neural_classifier,20.0,reported_support_fragile,True
sepsis,terminal_90d_only,soft_spibb,3414,1,IS,historical_knn,none,reported_supported,True
sepsis,terminal_90d_only,soft_spibb,3414,1,WIS,historical_knn,none,reported_supported,True
sepsis,terminal_90d_only,soft_spibb,3414,1,PDIS,historical_knn,none,reported_supported,True
sepsis,terminal_90d_only,soft_spibb,3414,1,WPDIS,historical_knn,none,reported_supported,True
sepsis,terminal_90d_only,soft_spibb,3414,1,CWPDIS,historical_knn,none,reported_supported,True
sepsis,terminal_90d_only,soft_spibb,3414,1,DR,historical_knn,none,reported_supported,True
sepsis,terminal_90d_only,soft_spibb,3414,1,WDR,historical_knn,none,reported_supported,True
sepsis,terminal_90d_only,soft_spibb,3414,1,FQE,historical_knn,none,reported_supported,True
sepsis,terminal_90d_only,soft_spibb,3414,1,support_restricted_WPDIS,historical_knn,none,reported_supported,True
sepsis,terminal_90d_only,soft_spibb,3414,1,IS,historical_knn,20.0,reported_supported,True
sepsis,terminal_90d_only,soft_spibb,3414,1,WIS,historical_knn,20.0,reported_supported,True
sepsis,terminal_90d_only,soft_spibb,3414,1,PDIS,historical_knn,20.0,reported_supported,True
sepsis,terminal_90d_only,soft_spibb,3414,1,WPDIS,historical_knn,20.0,reported_supported,True
sepsis,terminal_90d_only,soft_spibb,3414,1,CWPDIS,historical_knn,20.0,reported_supported,True
sepsis,terminal_90d_only,soft_spibb,3414,1,DR,historical_knn,20.0,reported_supported,True
sepsis,terminal_90d_only,soft_spibb,3414,1,WDR,historical_knn,20.0,reported_supported,True
sepsis,terminal_90d_only,soft_spibb,3414,1,FQE,historical_knn,20.0,reported_supported,True
sepsis,terminal_90d_only,soft_spibb,3414,1,support_restricted_WPDIS,historical_knn,20.0,reported_supported,True
sepsis,terminal_90d_only,soft_spibb,3414,1,IS,neural_classifier,none,reported_supported,True
sepsis,terminal_90d_only,soft_spibb,3414,1,WIS,neural_classifier,none,reported_supported,True
sepsis,terminal_90d_only,soft_spibb,3414,1,PDIS,neural_classifier,none,reported_supported,True
sepsis,terminal_90d_only,soft_spibb,3414,1,WPDIS,neural_classifier,none,reported_supported,True
sepsis,terminal_90d_only,soft_spibb,3414,1,CWPDIS,neural_classifier,none,reported_supported,True
sepsis,terminal_90d_only,soft_spibb,3414,1,DR,neural_classifier,none,reported_supported,True
sepsis,terminal_90d_only,soft_spibb,3414,1,WDR,neural_classifier,none,reported_supported,True
sepsis,terminal_90d_only,soft_spibb,3414,1,FQE,neural_classifier,none,reported_supported,True
sepsis,terminal_90d_only,soft_spibb,3414,1,support_restricted_WPDIS,neural_classifier,none,reported_supported,True
sepsis,terminal_90d_only,soft_spibb,3414,1,IS,neural_classifier,20.0,reported_supported,True
sepsis,terminal_90d_only,soft_spibb,3414,1,WIS,neural_classifier,20.0,reported_supported,True
sepsis,terminal_90d_only,soft_spibb,3414,1,PDIS,neural_classifier,20.0,reported_supported,True
sepsis,terminal_90d_only,soft_spibb,3414,1,WPDIS,neural_classifier,20.0,reported_supported,True
sepsis,terminal_90d_only,soft_spibb,3414,1,CWPDIS,neural_classifier,20.0,reported_supported,True
sepsis,terminal_90d_only,soft_spibb,3414,1,DR,neural_classifier,20.0,reported_supported,True
sepsis,terminal_90d_only,soft_spibb,3414,1,WDR,neural_classifier,20.0,reported_supported,True
sepsis,terminal_90d_only,soft_spibb,3414,1,FQE,neural_classifier,20.0,reported_supported,True
sepsis,terminal_90d_only,soft_spibb,3414,1,support_restricted_WPDIS,neural_classifier,20.0,reported_supported,True
sepsis,terminal_90d_only,soft_spibb,3414,4,IS,historical_knn,none,reported_support_fragile,True
sepsis,terminal_90d_only,soft_spibb,3414,4,WIS,historical_knn,none,reported_support_fragile,True
sepsis,terminal_90d_only,soft_spibb,3414,4,PDIS,historical_knn,none,reported_support_fragile,True
sepsis,terminal_90d_only,soft_spibb,3414,4,WPDIS,historical_knn,none,reported_support_fragile,True
sepsis,terminal_90d_only,soft_spibb,3414,4,CWPDIS,historical_knn,none,reported_support_fragile,True
sepsis,terminal_90d_only,soft_spibb,3414,4,DR,historical_knn,none,reported_support_fragile,True
sepsis,terminal_90d_only,soft_spibb,3414,4,WDR,historical_knn,none,reported_support_fragile,True
sepsis,terminal_90d_only,soft_spibb,3414,4,FQE,historical_knn,none,reported_support_fragile,True
sepsis,terminal_90d_only,soft_spibb,3414,4,support_restricted_WPDIS,historical_knn,none,reported_support_fragile,True
sepsis,terminal_90d_only,soft_spibb,3414,4,IS,historical_knn,20.0,reported_support_fragile,True
sepsis,terminal_90d_only,soft_spibb,3414,4,WIS,historical_knn,20.0,reported_support_fragile,True
sepsis,terminal_90d_only,soft_spibb,3414,4,PDIS,historical_knn,20.0,reported_support_fragile,True
sepsis,terminal_90d_only,soft_spibb,3414,4,WPDIS,historical_knn,20.0,reported_support_fragile,True
sepsis,terminal_90d_only,soft_spibb,3414,4,CWPDIS,historical_knn,20.0,reported_support_fragile,True
sepsis,terminal_90d_only,soft_spibb,3414,4,DR,historical_knn,20.0,reported_support_fragile,True
sepsis,terminal_90d_only,soft_spibb,3414,4,WDR,historical_knn,20.0,reported_support_fragile,True
sepsis,terminal_90d_only,soft_spibb,3414,4,FQE,historical_knn,20.0,reported_support_fragile,True
sepsis,terminal_90d_only,soft_spibb,3414,4,support_restricted_WPDIS,historical_knn,20.0,reported_support_fragile,True
sepsis,terminal_90d_only,soft_spibb,3414,4,IS,neural_classifier,none,reported_supported,True
sepsis,terminal_90d_only,soft_spibb,3414,4,WIS,neural_classifier,none,reported_supported,True
sepsis,terminal_90d_only,soft_spibb,3414,4,PDIS,neural_classifier,none,reported_supported,True
sepsis,terminal_90d_only,soft_spibb,3414,4,WPDIS,neural_classifier,none,reported_supported,True
sepsis,terminal_90d_only,soft_spibb,3414,4,CWPDIS,neural_classifier,none,reported_supported,True
sepsis,terminal_90d_only,soft_spibb,3414,4,DR,neural_classifier,none,reported_supported,True
sepsis,terminal_90d_only,soft_spibb,3414,4,WDR,neural_classifier,none,reported_supported,True
sepsis,terminal_90d_only,soft_spibb,3414,4,FQE,neural_classifier,none,reported_supported,True
sepsis,terminal_90d_only,soft_spibb,3414,4,support_restricted_WPDIS,neural_classifier,none,reported_supported,True
sepsis,terminal_90d_only,soft_spibb,3414,4,IS,neural_classifier,20.0,reported_supported,True
sepsis,terminal_90d_only,soft_spibb,3414,4,WIS,neural_classifier,20.0,reported_supported,True
sepsis,terminal_90d_only,soft_spibb,3414,4,PDIS,neural_classifier,20.0,reported_supported,True
sepsis,terminal_90d_only,soft_spibb,3414,4,WPDIS,neural_classifier,20.0,reported_supported,True
sepsis,terminal_90d_only,soft_spibb,3414,4,CWPDIS,neural_classifier,20.0,reported_supported,True
sepsis,terminal_90d_only,soft_spibb,3414,4,DR,neural_classifier,20.0,reported_supported,True
sepsis,terminal_90d_only,soft_spibb,3414,4,WDR,neural_classifier,20.0,reported_supported,True
sepsis,terminal_90d_only,soft_spibb,3414,4,FQE,neural_classifier,20.0,reported_supported,True
sepsis,terminal_90d_only,soft_spibb,3414,4,support_restricted_WPDIS,neural_classifier,20.0,reported_supported,True
sepsis,terminal_90d_only,soft_spibb,3414,8,IS,historical_knn,none,reported_support_fragile,True
sepsis,terminal_90d_only,soft_spibb,3414,8,WIS,historical_knn,none,reported_support_fragile,True
sepsis,terminal_90d_only,soft_spibb,3414,8,PDIS,historical_knn,none,reported_support_fragile,True
sepsis,terminal_90d_only,soft_spibb,3414,8,WPDIS,historical_knn,none,reported_support_fragile,True
sepsis,terminal_90d_only,soft_spibb,3414,8,CWPDIS,historical_knn,none,reported_support_fragile,True
sepsis,terminal_90d_only,soft_spibb,3414,8,DR,historical_knn,none,reported_support_fragile,True
sepsis,terminal_90d_only,soft_spibb,3414,8,WDR,historical_knn,none,reported_support_fragile,True
sepsis,terminal_90d_only,soft_spibb,3414,8,FQE,historical_knn,none,reported_support_fragile,True
sepsis,terminal_90d_only,soft_spibb,3414,8,support_restricted_WPDIS,historical_knn,none,reported_support_fragile,True
sepsis,terminal_90d_only,soft_spibb,3414,8,IS,historical_knn,20.0,reported_support_fragile,True
sepsis,terminal_90d_only,soft_spibb,3414,8,WIS,historical_knn,20.0,reported_support_fragile,True
sepsis,terminal_90d_only,soft_spibb,3414,8,PDIS,historical_knn,20.0,reported_support_fragile,True
sepsis,terminal_90d_only,soft_spibb,3414,8,WPDIS,historical_knn,20.0,reported_support_fragile,True
sepsis,terminal_90d_only,soft_spibb,3414,8,CWPDIS,historical_knn,20.0,reported_support_fragile,True
sepsis,terminal_90d_only,soft_spibb,3414,8,DR,historical_knn,20.0,reported_support_fragile,True
sepsis,terminal_90d_only,soft_spibb,3414,8,WDR,historical_knn,20.0,reported_support_fragile,True
sepsis,terminal_90d_only,soft_spibb,3414,8,FQE,historical_knn,20.0,reported_support_fragile,True
sepsis,terminal_90d_only,soft_spibb,3414,8,support_restricted_WPDIS,historical_knn,20.0,reported_support_fragile,True
sepsis,terminal_90d_only,soft_spibb,3414,8,IS,neural_classifier,none,reported_support_fragile,True
sepsis,terminal_90d_only,soft_spibb,3414,8,WIS,neural_classifier,none,reported_support_fragile,True
sepsis,terminal_90d_only,soft_spibb,3414,8,PDIS,neural_classifier,none,reported_support_fragile,True
sepsis,terminal_90d_only,soft_spibb,3414,8,WPDIS,neural_classifier,none,reported_support_fragile,True
sepsis,terminal_90d_only,soft_spibb,3414,8,CWPDIS,neural_classifier,none,reported_support_fragile,True
sepsis,terminal_90d_only,soft_spibb,3414,8,DR,neural_classifier,none,reported_support_fragile,True
sepsis,terminal_90d_only,soft_spibb,3414,8,WDR,neural_classifier,none,reported_support_fragile,True
sepsis,terminal_90d_only,soft_spibb,3414,8,FQE,neural_classifier,none,reported_support_fragile,True
sepsis,terminal_90d_only,soft_spibb,3414,8,support_restricted_WPDIS,neural_classifier,none,reported_support_fragile,True
sepsis,terminal_90d_only,soft_spibb,3414,8,IS,neural_classifier,20.0,reported_support_fragile,True
sepsis,terminal_90d_only,soft_spibb,3414,8,WIS,neural_classifier,20.0,reported_support_fragile,True
sepsis,terminal_90d_only,soft_spibb,3414,8,PDIS,neural_classifier,20.0,reported_support_fragile,True
sepsis,terminal_90d_only,soft_spibb,3414,8,WPDIS,neural_classifier,20.0,reported_support_fragile,True
sepsis,terminal_90d_only,soft_spibb,3414,8,CWPDIS,neural_classifier,20.0,reported_support_fragile,True
sepsis,terminal_90d_only,soft_spibb,3414,8,DR,neural_classifier,20.0,reported_support_fragile,True
sepsis,terminal_90d_only,soft_spibb,3414,8,WDR,neural_classifier,20.0,reported_support_fragile,True
sepsis,terminal_90d_only,soft_spibb,3414,8,FQE,neural_classifier,20.0,reported_support_fragile,True
sepsis,terminal_90d_only,soft_spibb,3414,8,support_restricted_WPDIS,neural_classifier,20.0,reported_support_fragile,True
sepsis,terminal_90d_only,decision_transformer_adapter,3414,1,IS,historical_knn,none,reported_supported,True
sepsis,terminal_90d_only,decision_transformer_adapter,3414,1,WIS,historical_knn,none,reported_supported,True
sepsis,terminal_90d_only,decision_transformer_adapter,3414,1,PDIS,historical_knn,none,reported_supported,True
sepsis,terminal_90d_only,decision_transformer_adapter,3414,1,WPDIS,historical_knn,none,reported_supported,True
sepsis,terminal_90d_only,decision_transformer_adapter,3414,1,CWPDIS,historical_knn,none,reported_supported,True
sepsis,terminal_90d_only,decision_transformer_adapter,3414,1,DR,historical_knn,none,reported_supported,True
sepsis,terminal_90d_only,decision_transformer_adapter,3414,1,WDR,historical_knn,none,reported_supported,True
sepsis,terminal_90d_only,decision_transformer_adapter,3414,1,FQE,historical_knn,none,reported_supported,True
sepsis,terminal_90d_only,decision_transformer_adapter,3414,1,support_restricted_WPDIS,historical_knn,none,reported_supported,True
sepsis,terminal_90d_only,decision_transformer_adapter,3414,1,IS,historical_knn,20.0,reported_supported,True
sepsis,terminal_90d_only,decision_transformer_adapter,3414,1,WIS,historical_knn,20.0,reported_supported,True
sepsis,terminal_90d_only,decision_transformer_adapter,3414,1,PDIS,historical_knn,20.0,reported_supported,True
sepsis,terminal_90d_only,decision_transformer_adapter,3414,1,WPDIS,historical_knn,20.0,reported_supported,True
sepsis,terminal_90d_only,decision_transformer_adapter,3414,1,CWPDIS,historical_knn,20.0,reported_supported,True
sepsis,terminal_90d_only,decision_transformer_adapter,3414,1,DR,historical_knn,20.0,reported_supported,True
sepsis,terminal_90d_only,decision_transformer_adapter,3414,1,WDR,historical_knn,20.0,reported_supported,True
sepsis,terminal_90d_only,decision_transformer_adapter,3414,1,FQE,historical_knn,20.0,reported_supported,True
sepsis,terminal_90d_only,decision_transformer_adapter,3414,1,support_restricted_WPDIS,historical_knn,20.0,reported_supported,True
sepsis,terminal_90d_only,decision_transformer_adapter,3414,1,IS,neural_classifier,none,reported_supported,True
sepsis,terminal_90d_only,decision_transformer_adapter,3414,1,WIS,neural_classifier,none,reported_supported,True
sepsis,terminal_90d_only,decision_transformer_adapter,3414,1,PDIS,neural_classifier,none,reported_supported,True
sepsis,terminal_90d_only,decision_transformer_adapter,3414,1,WPDIS,neural_classifier,none,reported_supported,True
sepsis,terminal_90d_only,decision_transformer_adapter,3414,1,CWPDIS,neural_classifier,none,reported_supported,True
sepsis,terminal_90d_only,decision_transformer_adapter,3414,1,DR,neural_classifier,none,reported_supported,True
sepsis,terminal_90d_only,decision_transformer_adapter,3414,1,WDR,neural_classifier,none,reported_supported,True
sepsis,terminal_90d_only,decision_transformer_adapter,3414,1,FQE,neural_classifier,none,reported_supported,True
sepsis,terminal_90d_only,decision_transformer_adapter,3414,1,support_restricted_WPDIS,neural_classifier,none,reported_supported,True
sepsis,terminal_90d_only,decision_transformer_adapter,3414,1,IS,neural_classifier,20.0,reported_supported,True
sepsis,terminal_90d_only,decision_transformer_adapter,3414,1,WIS,neural_classifier,20.0,reported_supported,True
sepsis,terminal_90d_only,decision_transformer_adapter,3414,1,PDIS,neural_classifier,20.0,reported_supported,True
sepsis,terminal_90d_only,decision_transformer_adapter,3414,1,WPDIS,neural_classifier,20.0,reported_supported,True
sepsis,terminal_90d_only,decision_transformer_adapter,3414,1,CWPDIS,neural_classifier,20.0,reported_supported,True
sepsis,terminal_90d_only,decision_transformer_adapter,3414,1,DR,neural_classifier,20.0,reported_supported,True
sepsis,terminal_90d_only,decision_transformer_adapter,3414,1,WDR,neural_classifier,20.0,reported_supported,True
sepsis,terminal_90d_only,decision_transformer_adapter,3414,1,FQE,neural_classifier,20.0,reported_supported,True
sepsis,terminal_90d_only,decision_transformer_adapter,3414,1,support_restricted_WPDIS,neural_classifier,20.0,reported_supported,True
sepsis,terminal_90d_only,decision_transformer_adapter,3414,4,IS,historical_knn,none,reported_support_fragile,True
sepsis,terminal_90d_only,decision_transformer_adapter,3414,4,WIS,historical_knn,none,reported_support_fragile,True
sepsis,terminal_90d_only,decision_transformer_adapter,3414,4,PDIS,historical_knn,none,reported_support_fragile,True
sepsis,terminal_90d_only,decision_transformer_adapter,3414,4,WPDIS,historical_knn,none,reported_support_fragile,True
sepsis,terminal_90d_only,decision_transformer_adapter,3414,4,CWPDIS,historical_knn,none,reported_support_fragile,True
sepsis,terminal_90d_only,decision_transformer_adapter,3414,4,DR,historical_knn,none,reported_support_fragile,True
sepsis,terminal_90d_only,decision_transformer_adapter,3414,4,WDR,historical_knn,none,reported_support_fragile,True
sepsis,terminal_90d_only,decision_transformer_adapter,3414,4,FQE,historical_knn,none,reported_support_fragile,True
sepsis,terminal_90d_only,decision_transformer_adapter,3414,4,support_restricted_WPDIS,historical_knn,none,reported_support_fragile,True
sepsis,terminal_90d_only,decision_transformer_adapter,3414,4,IS,historical_knn,20.0,reported_support_fragile,True
sepsis,terminal_90d_only,decision_transformer_adapter,3414,4,WIS,historical_knn,20.0,reported_support_fragile,True
sepsis,terminal_90d_only,decision_transformer_adapter,3414,4,PDIS,historical_knn,20.0,reported_support_fragile,True
sepsis,terminal_90d_only,decision_transformer_adapter,3414,4,WPDIS,historical_knn,20.0,reported_support_fragile,True
sepsis,terminal_90d_only,decision_transformer_adapter,3414,4,CWPDIS,historical_knn,20.0,reported_support_fragile,True
sepsis,terminal_90d_only,decision_transformer_adapter,3414,4,DR,historical_knn,20.0,reported_support_fragile,True
sepsis,terminal_90d_only,decision_transformer_adapter,3414,4,WDR,historical_knn,20.0,reported_support_fragile,True
sepsis,terminal_90d_only,decision_transformer_adapter,3414,4,FQE,historical_knn,20.0,reported_support_fragile,True
sepsis,terminal_90d_only,decision_transformer_adapter,3414,4,support_restricted_WPDIS,historical_knn,20.0,reported_support_fragile,True
sepsis,terminal_90d_only,decision_transformer_adapter,3414,4,IS,neural_classifier,none,reported_supported,True
sepsis,terminal_90d_only,decision_transformer_adapter,3414,4,WIS,neural_classifier,none,reported_supported,True
sepsis,terminal_90d_only,decision_transformer_adapter,3414,4,PDIS,neural_classifier,none,reported_supported,True
sepsis,terminal_90d_only,decision_transformer_adapter,3414,4,WPDIS,neural_classifier,none,reported_supported,True
sepsis,terminal_90d_only,decision_transformer_adapter,3414,4,CWPDIS,neural_classifier,none,reported_supported,True
sepsis,terminal_90d_only,decision_transformer_adapter,3414,4,DR,neural_classifier,none,reported_supported,True
sepsis,terminal_90d_only,decision_transformer_adapter,3414,4,WDR,neural_classifier,none,reported_supported,True
sepsis,terminal_90d_only,decision_transformer_adapter,3414,4,FQE,neural_classifier,none,reported_supported,True
sepsis,terminal_90d_only,decision_transformer_adapter,3414,4,support_restricted_WPDIS,neural_classifier,none,reported_supported,True
sepsis,terminal_90d_only,decision_transformer_adapter,3414,4,IS,neural_classifier,20.0,reported_supported,True
sepsis,terminal_90d_only,decision_transformer_adapter,3414,4,WIS,neural_classifier,20.0,reported_supported,True
sepsis,terminal_90d_only,decision_transformer_adapter,3414,4,PDIS,neural_classifier,20.0,reported_supported,True
sepsis,terminal_90d_only,decision_transformer_adapter,3414,4,WPDIS,neural_classifier,20.0,reported_supported,True
sepsis,terminal_90d_only,decision_transformer_adapter,3414,4,CWPDIS,neural_classifier,20.0,reported_supported,True
sepsis,terminal_90d_only,decision_transformer_adapter,3414,4,DR,neural_classifier,20.0,reported_supported,True
sepsis,terminal_90d_only,decision_transformer_adapter,3414,4,WDR,neural_classifier,20.0,reported_supported,True
sepsis,terminal_90d_only,decision_transformer_adapter,3414,4,FQE,neural_classifier,20.0,reported_supported,True
sepsis,terminal_90d_only,decision_transformer_adapter,3414,4,support_restricted_WPDIS,neural_classifier,20.0,reported_supported,True
sepsis,terminal_90d_only,decision_transformer_adapter,3414,8,IS,historical_knn,none,reported_support_fragile,True
sepsis,terminal_90d_only,decision_transformer_adapter,3414,8,WIS,historical_knn,none,reported_support_fragile,True
sepsis,terminal_90d_only,decision_transformer_adapter,3414,8,PDIS,historical_knn,none,reported_support_fragile,True
sepsis,terminal_90d_only,decision_transformer_adapter,3414,8,WPDIS,historical_knn,none,reported_support_fragile,True
sepsis,terminal_90d_only,decision_transformer_adapter,3414,8,CWPDIS,historical_knn,none,reported_support_fragile,True
sepsis,terminal_90d_only,decision_transformer_adapter,3414,8,DR,historical_knn,none,reported_support_fragile,True
sepsis,terminal_90d_only,decision_transformer_adapter,3414,8,WDR,historical_knn,none,reported_support_fragile,True
sepsis,terminal_90d_only,decision_transformer_adapter,3414,8,FQE,historical_knn,none,reported_support_fragile,True
sepsis,terminal_90d_only,decision_transformer_adapter,3414,8,support_restricted_WPDIS,historical_knn,none,reported_support_fragile,True
sepsis,terminal_90d_only,decision_transformer_adapter,3414,8,IS,historical_knn,20.0,reported_support_fragile,True
sepsis,terminal_90d_only,decision_transformer_adapter,3414,8,WIS,historical_knn,20.0,reported_support_fragile,True
sepsis,terminal_90d_only,decision_transformer_adapter,3414,8,PDIS,historical_knn,20.0,reported_support_fragile,True
sepsis,terminal_90d_only,decision_transformer_adapter,3414,8,WPDIS,historical_knn,20.0,reported_support_fragile,True
sepsis,terminal_90d_only,decision_transformer_adapter,3414,8,CWPDIS,historical_knn,20.0,reported_support_fragile,True
sepsis,terminal_90d_only,decision_transformer_adapter,3414,8,DR,historical_knn,20.0,reported_support_fragile,True
sepsis,terminal_90d_only,decision_transformer_adapter,3414,8,WDR,historical_knn,20.0,reported_support_fragile,True
sepsis,terminal_90d_only,decision_transformer_adapter,3414,8,FQE,historical_knn,20.0,reported_support_fragile,True
sepsis,terminal_90d_only,decision_transformer_adapter,3414,8,support_restricted_WPDIS,historical_knn,20.0,reported_support_fragile,True
sepsis,terminal_90d_only,decision_transformer_adapter,3414,8,IS,neural_classifier,none,reported_support_fragile,True
sepsis,terminal_90d_only,decision_transformer_adapter,3414,8,WIS,neural_classifier,none,reported_support_fragile,True
sepsis,terminal_90d_only,decision_transformer_adapter,3414,8,PDIS,neural_classifier,none,reported_support_fragile,True
sepsis,terminal_90d_only,decision_transformer_adapter,3414,8,WPDIS,neural_classifier,none,reported_support_fragile,True
sepsis,terminal_90d_only,decision_transformer_adapter,3414,8,CWPDIS,neural_classifier,none,reported_support_fragile,True
sepsis,terminal_90d_only,decision_transformer_adapter,3414,8,DR,neural_classifier,none,reported_support_fragile,True
sepsis,terminal_90d_only,decision_transformer_adapter,3414,8,WDR,neural_classifier,none,reported_support_fragile,True
sepsis,terminal_90d_only,decision_transformer_adapter,3414,8,FQE,neural_classifier,none,reported_support_fragile,True
sepsis,terminal_90d_only,decision_transformer_adapter,3414,8,support_restricted_WPDIS,neural_classifier,none,reported_support_fragile,True
sepsis,terminal_90d_only,decision_transformer_adapter,3414,8,IS,neural_classifier,20.0,reported_support_fragile,True
sepsis,terminal_90d_only,decision_transformer_adapter,3414,8,WIS,neural_classifier,20.0,reported_support_fragile,True
sepsis,terminal_90d_only,decision_transformer_adapter,3414,8,PDIS,neural_classifier,20.0,reported_support_fragile,True
sepsis,terminal_90d_only,decision_transformer_adapter,3414,8,WPDIS,neural_classifier,20.0,reported_support_fragile,True
sepsis,terminal_90d_only,decision_transformer_adapter,3414,8,CWPDIS,neural_classifier,20.0,reported_support_fragile,True
sepsis,terminal_90d_only,decision_transformer_adapter,3414,8,DR,neural_classifier,20.0,reported_support_fragile,True
sepsis,terminal_90d_only,decision_transformer_adapter,3414,8,WDR,neural_classifier,20.0,reported_support_fragile,True
sepsis,terminal_90d_only,decision_transformer_adapter,3414,8,FQE,neural_classifier,20.0,reported_support_fragile,True
sepsis,terminal_90d_only,decision_transformer_adapter,3414,8,support_restricted_WPDIS,neural_classifier,20.0,reported_support_fragile,True
sepsis,terminal_90d_only,behavior_cloning,3417,1,IS,historical_knn,none,reported_supported,True
sepsis,terminal_90d_only,behavior_cloning,3417,1,WIS,historical_knn,none,reported_supported,True
sepsis,terminal_90d_only,behavior_cloning,3417,1,PDIS,historical_knn,none,reported_supported,True
sepsis,terminal_90d_only,behavior_cloning,3417,1,WPDIS,historical_knn,none,reported_supported,True
sepsis,terminal_90d_only,behavior_cloning,3417,1,CWPDIS,historical_knn,none,reported_supported,True
sepsis,terminal_90d_only,behavior_cloning,3417,1,DR,historical_knn,none,reported_supported,True
sepsis,terminal_90d_only,behavior_cloning,3417,1,WDR,historical_knn,none,reported_supported,True
sepsis,terminal_90d_only,behavior_cloning,3417,1,FQE,historical_knn,none,reported_supported,True
sepsis,terminal_90d_only,behavior_cloning,3417,1,support_restricted_WPDIS,historical_knn,none,reported_supported,True
sepsis,terminal_90d_only,behavior_cloning,3417,1,IS,historical_knn,20.0,reported_supported,True
sepsis,terminal_90d_only,behavior_cloning,3417,1,WIS,historical_knn,20.0,reported_supported,True
sepsis,terminal_90d_only,behavior_cloning,3417,1,PDIS,historical_knn,20.0,reported_supported,True
sepsis,terminal_90d_only,behavior_cloning,3417,1,WPDIS,historical_knn,20.0,reported_supported,True
sepsis,terminal_90d_only,behavior_cloning,3417,1,CWPDIS,historical_knn,20.0,reported_supported,True
sepsis,terminal_90d_only,behavior_cloning,3417,1,DR,historical_knn,20.0,reported_supported,True
sepsis,terminal_90d_only,behavior_cloning,3417,1,WDR,historical_knn,20.0,reported_supported,True
sepsis,terminal_90d_only,behavior_cloning,3417,1,FQE,historical_knn,20.0,reported_supported,True
sepsis,terminal_90d_only,behavior_cloning,3417,1,support_restricted_WPDIS,historical_knn,20.0,reported_supported,True
sepsis,terminal_90d_only,behavior_cloning,3417,1,IS,neural_classifier,none,reported_supported,True
sepsis,terminal_90d_only,behavior_cloning,3417,1,WIS,neural_classifier,none,reported_supported,True
sepsis,terminal_90d_only,behavior_cloning,3417,1,PDIS,neural_classifier,none,reported_supported,True
sepsis,terminal_90d_only,behavior_cloning,3417,1,WPDIS,neural_classifier,none,reported_supported,True
sepsis,terminal_90d_only,behavior_cloning,3417,1,CWPDIS,neural_classifier,none,reported_supported,True
sepsis,terminal_90d_only,behavior_cloning,3417,1,DR,neural_classifier,none,reported_supported,True
sepsis,terminal_90d_only,behavior_cloning,3417,1,WDR,neural_classifier,none,reported_supported,True
sepsis,terminal_90d_only,behavior_cloning,3417,1,FQE,neural_classifier,none,reported_supported,True
sepsis,terminal_90d_only,behavior_cloning,3417,1,support_restricted_WPDIS,neural_classifier,none,reported_supported,True
sepsis,terminal_90d_only,behavior_cloning,3417,1,IS,neural_classifier,20.0,reported_supported,True
sepsis,terminal_90d_only,behavior_cloning,3417,1,WIS,neural_classifier,20.0,reported_supported,True
sepsis,terminal_90d_only,behavior_cloning,3417,1,PDIS,neural_classifier,20.0,reported_supported,True
sepsis,terminal_90d_only,behavior_cloning,3417,1,WPDIS,neural_classifier,20.0,reported_supported,True
sepsis,terminal_90d_only,behavior_cloning,3417,1,CWPDIS,neural_classifier,20.0,reported_supported,True
sepsis,terminal_90d_only,behavior_cloning,3417,1,DR,neural_classifier,20.0,reported_supported,True
sepsis,terminal_90d_only,behavior_cloning,3417,1,WDR,neural_classifier,20.0,reported_supported,True
sepsis,terminal_90d_only,behavior_cloning,3417,1,FQE,neural_classifier,20.0,reported_supported,True
sepsis,terminal_90d_only,behavior_cloning,3417,1,support_restricted_WPDIS,neural_classifier,20.0,reported_supported,True
sepsis,terminal_90d_only,behavior_cloning,3417,4,IS,historical_knn,none,reported_support_fragile,True
sepsis,terminal_90d_only,behavior_cloning,3417,4,WIS,historical_knn,none,reported_support_fragile,True
sepsis,terminal_90d_only,behavior_cloning,3417,4,PDIS,historical_knn,none,reported_support_fragile,True
sepsis,terminal_90d_only,behavior_cloning,3417,4,WPDIS,historical_knn,none,reported_support_fragile,True
sepsis,terminal_90d_only,behavior_cloning,3417,4,CWPDIS,historical_knn,none,reported_support_fragile,True
sepsis,terminal_90d_only,behavior_cloning,3417,4,DR,historical_knn,none,reported_support_fragile,True
sepsis,terminal_90d_only,behavior_cloning,3417,4,WDR,historical_knn,none,reported_support_fragile,True
sepsis,terminal_90d_only,behavior_cloning,3417,4,FQE,historical_knn,none,reported_support_fragile,True
sepsis,terminal_90d_only,behavior_cloning,3417,4,support_restricted_WPDIS,historical_knn,none,reported_support_fragile,True
sepsis,terminal_90d_only,behavior_cloning,3417,4,IS,historical_knn,20.0,reported_support_fragile,True
sepsis,terminal_90d_only,behavior_cloning,3417,4,WIS,historical_knn,20.0,reported_support_fragile,True
sepsis,terminal_90d_only,behavior_cloning,3417,4,PDIS,historical_knn,20.0,reported_support_fragile,True
sepsis,terminal_90d_only,behavior_cloning,3417,4,WPDIS,historical_knn,20.0,reported_support_fragile,True
sepsis,terminal_90d_only,behavior_cloning,3417,4,CWPDIS,historical_knn,20.0,reported_support_fragile,True
sepsis,terminal_90d_only,behavior_cloning,3417,4,DR,historical_knn,20.0,reported_support_fragile,True
sepsis,terminal_90d_only,behavior_cloning,3417,4,WDR,historical_knn,20.0,reported_support_fragile,True
sepsis,terminal_90d_only,behavior_cloning,3417,4,FQE,historical_knn,20.0,reported_support_fragile,True
sepsis,terminal_90d_only,behavior_cloning,3417,4,support_restricted_WPDIS,historical_knn,20.0,reported_support_fragile,True
sepsis,terminal_90d_only,behavior_cloning,3417,4,IS,neural_classifier,none,reported_supported,True
sepsis,terminal_90d_only,behavior_cloning,3417,4,WIS,neural_classifier,none,reported_supported,True
sepsis,terminal_90d_only,behavior_cloning,3417,4,PDIS,neural_classifier,none,reported_supported,True
sepsis,terminal_90d_only,behavior_cloning,3417,4,WPDIS,neural_classifier,none,reported_supported,True
sepsis,terminal_90d_only,behavior_cloning,3417,4,CWPDIS,neural_classifier,none,reported_supported,True
sepsis,terminal_90d_only,behavior_cloning,3417,4,DR,neural_classifier,none,reported_supported,True
sepsis,terminal_90d_only,behavior_cloning,3417,4,WDR,neural_classifier,none,reported_supported,True
sepsis,terminal_90d_only,behavior_cloning,3417,4,FQE,neural_classifier,none,reported_supported,True
sepsis,terminal_90d_only,behavior_cloning,3417,4,support_restricted_WPDIS,neural_classifier,none,reported_supported,True
sepsis,terminal_90d_only,behavior_cloning,3417,4,IS,neural_classifier,20.0,reported_supported,True
sepsis,terminal_90d_only,behavior_cloning,3417,4,WIS,neural_classifier,20.0,reported_supported,True
sepsis,terminal_90d_only,behavior_cloning,3417,4,PDIS,neural_classifier,20.0,reported_supported,True
sepsis,terminal_90d_only,behavior_cloning,3417,4,WPDIS,neural_classifier,20.0,reported_supported,True
sepsis,terminal_90d_only,behavior_cloning,3417,4,CWPDIS,neural_classifier,20.0,reported_supported,True
sepsis,terminal_90d_only,behavior_cloning,3417,4,DR,neural_classifier,20.0,reported_supported,True
sepsis,terminal_90d_only,behavior_cloning,3417,4,WDR,neural_classifier,20.0,reported_supported,True
sepsis,terminal_90d_only,behavior_cloning,3417,4,FQE,neural_classifier,20.0,reported_supported,True
sepsis,terminal_90d_only,behavior_cloning,3417,4,support_restricted_WPDIS,neural_classifier,20.0,reported_supported,True
sepsis,terminal_90d_only,behavior_cloning,3417,8,IS,historical_knn,none,reported_support_fragile,True
sepsis,terminal_90d_only,behavior_cloning,3417,8,WIS,historical_knn,none,reported_support_fragile,True
sepsis,terminal_90d_only,behavior_cloning,3417,8,PDIS,historical_knn,none,reported_support_fragile,True
sepsis,terminal_90d_only,behavior_cloning,3417,8,WPDIS,historical_knn,none,reported_support_fragile,True
sepsis,terminal_90d_only,behavior_cloning,3417,8,CWPDIS,historical_knn,none,reported_support_fragile,True
sepsis,terminal_90d_only,behavior_cloning,3417,8,DR,historical_knn,none,reported_support_fragile,True
sepsis,terminal_90d_only,behavior_cloning,3417,8,WDR,historical_knn,none,reported_support_fragile,True
sepsis,terminal_90d_only,behavior_cloning,3417,8,FQE,historical_knn,none,reported_support_fragile,True
sepsis,terminal_90d_only,behavior_cloning,3417,8,support_restricted_WPDIS,historical_knn,none,reported_support_fragile,True
sepsis,terminal_90d_only,behavior_cloning,3417,8,IS,historical_knn,20.0,reported_support_fragile,True
sepsis,terminal_90d_only,behavior_cloning,3417,8,WIS,historical_knn,20.0,reported_support_fragile,True
sepsis,terminal_90d_only,behavior_cloning,3417,8,PDIS,historical_knn,20.0,reported_support_fragile,True
sepsis,terminal_90d_only,behavior_cloning,3417,8,WPDIS,historical_knn,20.0,reported_support_fragile,True
sepsis,terminal_90d_only,behavior_cloning,3417,8,CWPDIS,historical_knn,20.0,reported_support_fragile,True
sepsis,terminal_90d_only,behavior_cloning,3417,8,DR,historical_knn,20.0,reported_support_fragile,True
sepsis,terminal_90d_only,behavior_cloning,3417,8,WDR,historical_knn,20.0,reported_support_fragile,True
sepsis,terminal_90d_only,behavior_cloning,3417,8,FQE,historical_knn,20.0,reported_support_fragile,True
sepsis,terminal_90d_only,behavior_cloning,3417,8,support_restricted_WPDIS,historical_knn,20.0,reported_support_fragile,True
sepsis,terminal_90d_only,behavior_cloning,3417,8,IS,neural_classifier,none,reported_supported,True
sepsis,terminal_90d_only,behavior_cloning,3417,8,WIS,neural_classifier,none,reported_supported,True
sepsis,terminal_90d_only,behavior_cloning,3417,8,PDIS,neural_classifier,none,reported_supported,True
sepsis,terminal_90d_only,behavior_cloning,3417,8,WPDIS,neural_classifier,none,reported_supported,True
sepsis,terminal_90d_only,behavior_cloning,3417,8,CWPDIS,neural_classifier,none,reported_supported,True
sepsis,terminal_90d_only,behavior_cloning,3417,8,DR,neural_classifier,none,reported_supported,True
sepsis,terminal_90d_only,behavior_cloning,3417,8,WDR,neural_classifier,none,reported_supported,True
sepsis,terminal_90d_only,behavior_cloning,3417,8,FQE,neural_classifier,none,reported_supported,True
sepsis,terminal_90d_only,behavior_cloning,3417,8,support_restricted_WPDIS,neural_classifier,none,reported_supported,True
sepsis,terminal_90d_only,behavior_cloning,3417,8,IS,neural_classifier,20.0,reported_supported,True
sepsis,terminal_90d_only,behavior_cloning,3417,8,WIS,neural_classifier,20.0,reported_supported,True
sepsis,terminal_90d_only,behavior_cloning,3417,8,PDIS,neural_classifier,20.0,reported_supported,True
sepsis,terminal_90d_only,behavior_cloning,3417,8,WPDIS,neural_classifier,20.0,reported_supported,True
sepsis,terminal_90d_only,behavior_cloning,3417,8,CWPDIS,neural_classifier,20.0,reported_supported,True
sepsis,terminal_90d_only,behavior_cloning,3417,8,DR,neural_classifier,20.0,reported_supported,True
sepsis,terminal_90d_only,behavior_cloning,3417,8,WDR,neural_classifier,20.0,reported_supported,True
sepsis,terminal_90d_only,behavior_cloning,3417,8,FQE,neural_classifier,20.0,reported_supported,True
sepsis,terminal_90d_only,behavior_cloning,3417,8,support_restricted_WPDIS,neural_classifier,20.0,reported_supported,True
sepsis,terminal_90d_only,discrete_bcq,3417,1,IS,historical_knn,none,reported_support_fragile,True
sepsis,terminal_90d_only,discrete_bcq,3417,1,WIS,historical_knn,none,reported_support_fragile,True
sepsis,terminal_90d_only,discrete_bcq,3417,1,PDIS,historical_knn,none,reported_support_fragile,True
sepsis,terminal_90d_only,discrete_bcq,3417,1,WPDIS,historical_knn,none,reported_support_fragile,True
sepsis,terminal_90d_only,discrete_bcq,3417,1,CWPDIS,historical_knn,none,reported_support_fragile,True
sepsis,terminal_90d_only,discrete_bcq,3417,1,DR,historical_knn,none,reported_support_fragile,True
sepsis,terminal_90d_only,discrete_bcq,3417,1,WDR,historical_knn,none,reported_support_fragile,True
sepsis,terminal_90d_only,discrete_bcq,3417,1,FQE,historical_knn,none,reported_support_fragile,True
sepsis,terminal_90d_only,discrete_bcq,3417,1,support_restricted_WPDIS,historical_knn,none,reported_support_fragile,True
sepsis,terminal_90d_only,discrete_bcq,3417,1,IS,historical_knn,20.0,reported_supported,True
sepsis,terminal_90d_only,discrete_bcq,3417,1,WIS,historical_knn,20.0,reported_supported,True
sepsis,terminal_90d_only,discrete_bcq,3417,1,PDIS,historical_knn,20.0,reported_supported,True
sepsis,terminal_90d_only,discrete_bcq,3417,1,WPDIS,historical_knn,20.0,reported_supported,True
sepsis,terminal_90d_only,discrete_bcq,3417,1,CWPDIS,historical_knn,20.0,reported_supported,True
sepsis,terminal_90d_only,discrete_bcq,3417,1,DR,historical_knn,20.0,reported_supported,True
sepsis,terminal_90d_only,discrete_bcq,3417,1,WDR,historical_knn,20.0,reported_supported,True
sepsis,terminal_90d_only,discrete_bcq,3417,1,FQE,historical_knn,20.0,reported_supported,True
sepsis,terminal_90d_only,discrete_bcq,3417,1,support_restricted_WPDIS,historical_knn,20.0,reported_supported,True
sepsis,terminal_90d_only,discrete_bcq,3417,1,IS,neural_classifier,none,reported_supported,True
sepsis,terminal_90d_only,discrete_bcq,3417,1,WIS,neural_classifier,none,reported_supported,True
sepsis,terminal_90d_only,discrete_bcq,3417,1,PDIS,neural_classifier,none,reported_supported,True
sepsis,terminal_90d_only,discrete_bcq,3417,1,WPDIS,neural_classifier,none,reported_supported,True
sepsis,terminal_90d_only,discrete_bcq,3417,1,CWPDIS,neural_classifier,none,reported_supported,True
sepsis,terminal_90d_only,discrete_bcq,3417,1,DR,neural_classifier,none,reported_supported,True
sepsis,terminal_90d_only,discrete_bcq,3417,1,WDR,neural_classifier,none,reported_supported,True
sepsis,terminal_90d_only,discrete_bcq,3417,1,FQE,neural_classifier,none,reported_supported,True
sepsis,terminal_90d_only,discrete_bcq,3417,1,support_restricted_WPDIS,neural_classifier,none,reported_supported,True
sepsis,terminal_90d_only,discrete_bcq,3417,1,IS,neural_classifier,20.0,reported_supported,True
sepsis,terminal_90d_only,discrete_bcq,3417,1,WIS,neural_classifier,20.0,reported_supported,True
sepsis,terminal_90d_only,discrete_bcq,3417,1,PDIS,neural_classifier,20.0,reported_supported,True
sepsis,terminal_90d_only,discrete_bcq,3417,1,WPDIS,neural_classifier,20.0,reported_supported,True
sepsis,terminal_90d_only,discrete_bcq,3417,1,CWPDIS,neural_classifier,20.0,reported_supported,True
sepsis,terminal_90d_only,discrete_bcq,3417,1,DR,neural_classifier,20.0,reported_supported,True
sepsis,terminal_90d_only,discrete_bcq,3417,1,WDR,neural_classifier,20.0,reported_supported,True
sepsis,terminal_90d_only,discrete_bcq,3417,1,FQE,neural_classifier,20.0,reported_supported,True
sepsis,terminal_90d_only,discrete_bcq,3417,1,support_restricted_WPDIS,neural_classifier,20.0,reported_supported,True
sepsis,terminal_90d_only,discrete_bcq,3417,4,IS,historical_knn,none,reported_support_fragile,True
sepsis,terminal_90d_only,discrete_bcq,3417,4,WIS,historical_knn,none,reported_support_fragile,True
sepsis,terminal_90d_only,discrete_bcq,3417,4,PDIS,historical_knn,none,reported_support_fragile,True
sepsis,terminal_90d_only,discrete_bcq,3417,4,WPDIS,historical_knn,none,reported_support_fragile,True
sepsis,terminal_90d_only,discrete_bcq,3417,4,CWPDIS,historical_knn,none,reported_support_fragile,True
sepsis,terminal_90d_only,discrete_bcq,3417,4,DR,historical_knn,none,reported_support_fragile,True
sepsis,terminal_90d_only,discrete_bcq,3417,4,WDR,historical_knn,none,reported_support_fragile,True
sepsis,terminal_90d_only,discrete_bcq,3417,4,FQE,historical_knn,none,reported_support_fragile,True
sepsis,terminal_90d_only,discrete_bcq,3417,4,support_restricted_WPDIS,historical_knn,none,reported_support_fragile,True
sepsis,terminal_90d_only,discrete_bcq,3417,4,IS,historical_knn,20.0,reported_support_fragile,True
sepsis,terminal_90d_only,discrete_bcq,3417,4,WIS,historical_knn,20.0,reported_support_fragile,True
sepsis,terminal_90d_only,discrete_bcq,3417,4,PDIS,historical_knn,20.0,reported_support_fragile,True
sepsis,terminal_90d_only,discrete_bcq,3417,4,WPDIS,historical_knn,20.0,reported_support_fragile,True
sepsis,terminal_90d_only,discrete_bcq,3417,4,CWPDIS,historical_knn,20.0,reported_support_fragile,True
sepsis,terminal_90d_only,discrete_bcq,3417,4,DR,historical_knn,20.0,reported_support_fragile,True
sepsis,terminal_90d_only,discrete_bcq,3417,4,WDR,historical_knn,20.0,reported_support_fragile,True
sepsis,terminal_90d_only,discrete_bcq,3417,4,FQE,historical_knn,20.0,reported_support_fragile,True
sepsis,terminal_90d_only,discrete_bcq,3417,4,support_restricted_WPDIS,historical_knn,20.0,reported_support_fragile,True
sepsis,terminal_90d_only,discrete_bcq,3417,4,IS,neural_classifier,none,reported_support_fragile,True
sepsis,terminal_90d_only,discrete_bcq,3417,4,WIS,neural_classifier,none,reported_support_fragile,True
sepsis,terminal_90d_only,discrete_bcq,3417,4,PDIS,neural_classifier,none,reported_support_fragile,True
sepsis,terminal_90d_only,discrete_bcq,3417,4,WPDIS,neural_classifier,none,reported_support_fragile,True
sepsis,terminal_90d_only,discrete_bcq,3417,4,CWPDIS,neural_classifier,none,reported_support_fragile,True
sepsis,terminal_90d_only,discrete_bcq,3417,4,DR,neural_classifier,none,reported_support_fragile,True
sepsis,terminal_90d_only,discrete_bcq,3417,4,WDR,neural_classifier,none,reported_support_fragile,True
sepsis,terminal_90d_only,discrete_bcq,3417,4,FQE,neural_classifier,none,reported_support_fragile,True
sepsis,terminal_90d_only,discrete_bcq,3417,4,support_restricted_WPDIS,neural_classifier,none,reported_support_fragile,True
sepsis,terminal_90d_only,discrete_bcq,3417,4,IS,neural_classifier,20.0,reported_support_fragile,True
sepsis,terminal_90d_only,discrete_bcq,3417,4,WIS,neural_classifier,20.0,reported_support_fragile,True
sepsis,terminal_90d_only,discrete_bcq,3417,4,PDIS,neural_classifier,20.0,reported_support_fragile,True
sepsis,terminal_90d_only,discrete_bcq,3417,4,WPDIS,neural_classifier,20.0,reported_support_fragile,True
sepsis,terminal_90d_only,discrete_bcq,3417,4,CWPDIS,neural_classifier,20.0,reported_support_fragile,True
sepsis,terminal_90d_only,discrete_bcq,3417,4,DR,neural_classifier,20.0,reported_support_fragile,True
sepsis,terminal_90d_only,discrete_bcq,3417,4,WDR,neural_classifier,20.0,reported_support_fragile,True
sepsis,terminal_90d_only,discrete_bcq,3417,4,FQE,neural_classifier,20.0,reported_support_fragile,True
sepsis,terminal_90d_only,discrete_bcq,3417,4,support_restricted_WPDIS,neural_classifier,20.0,reported_support_fragile,True
sepsis,terminal_90d_only,discrete_bcq,3417,8,IS,historical_knn,none,reported_support_fragile,True
sepsis,terminal_90d_only,discrete_bcq,3417,8,WIS,historical_knn,none,reported_support_fragile,True
sepsis,terminal_90d_only,discrete_bcq,3417,8,PDIS,historical_knn,none,reported_support_fragile,True
sepsis,terminal_90d_only,discrete_bcq,3417,8,WPDIS,historical_knn,none,reported_support_fragile,True
sepsis,terminal_90d_only,discrete_bcq,3417,8,CWPDIS,historical_knn,none,reported_support_fragile,True
sepsis,terminal_90d_only,discrete_bcq,3417,8,DR,historical_knn,none,reported_support_fragile,True
sepsis,terminal_90d_only,discrete_bcq,3417,8,WDR,historical_knn,none,reported_support_fragile,True
sepsis,terminal_90d_only,discrete_bcq,3417,8,FQE,historical_knn,none,reported_support_fragile,True
sepsis,terminal_90d_only,discrete_bcq,3417,8,support_restricted_WPDIS,historical_knn,none,reported_support_fragile,True
sepsis,terminal_90d_only,discrete_bcq,3417,8,IS,historical_knn,20.0,reported_support_fragile,True
sepsis,terminal_90d_only,discrete_bcq,3417,8,WIS,historical_knn,20.0,reported_support_fragile,True
sepsis,terminal_90d_only,discrete_bcq,3417,8,PDIS,historical_knn,20.0,reported_support_fragile,True
sepsis,terminal_90d_only,discrete_bcq,3417,8,WPDIS,historical_knn,20.0,reported_support_fragile,True
sepsis,terminal_90d_only,discrete_bcq,3417,8,CWPDIS,historical_knn,20.0,reported_support_fragile,True
sepsis,terminal_90d_only,discrete_bcq,3417,8,DR,historical_knn,20.0,reported_support_fragile,True
sepsis,terminal_90d_only,discrete_bcq,3417,8,WDR,historical_knn,20.0,reported_support_fragile,True
sepsis,terminal_90d_only,discrete_bcq,3417,8,FQE,historical_knn,20.0,reported_support_fragile,True
sepsis,terminal_90d_only,discrete_bcq,3417,8,support_restricted_WPDIS,historical_knn,20.0,reported_support_fragile,True
sepsis,terminal_90d_only,discrete_bcq,3417,8,IS,neural_classifier,none,reported_support_fragile,True
sepsis,terminal_90d_only,discrete_bcq,3417,8,WIS,neural_classifier,none,reported_support_fragile,True
sepsis,terminal_90d_only,discrete_bcq,3417,8,PDIS,neural_classifier,none,reported_support_fragile,True
sepsis,terminal_90d_only,discrete_bcq,3417,8,WPDIS,neural_classifier,none,reported_support_fragile,True
sepsis,terminal_90d_only,discrete_bcq,3417,8,CWPDIS,neural_classifier,none,reported_support_fragile,True
sepsis,terminal_90d_only,discrete_bcq,3417,8,DR,neural_classifier,none,reported_support_fragile,True
sepsis,terminal_90d_only,discrete_bcq,3417,8,WDR,neural_classifier,none,reported_support_fragile,True
sepsis,terminal_90d_only,discrete_bcq,3417,8,FQE,neural_classifier,none,reported_support_fragile,True
sepsis,terminal_90d_only,discrete_bcq,3417,8,support_restricted_WPDIS,neural_classifier,none,reported_support_fragile,True
sepsis,terminal_90d_only,discrete_bcq,3417,8,IS,neural_classifier,20.0,reported_support_fragile,True
sepsis,terminal_90d_only,discrete_bcq,3417,8,WIS,neural_classifier,20.0,reported_support_fragile,True
sepsis,terminal_90d_only,discrete_bcq,3417,8,PDIS,neural_classifier,20.0,reported_support_fragile,True
sepsis,terminal_90d_only,discrete_bcq,3417,8,WPDIS,neural_classifier,20.0,reported_support_fragile,True
sepsis,terminal_90d_only,discrete_bcq,3417,8,CWPDIS,neural_classifier,20.0,reported_support_fragile,True
sepsis,terminal_90d_only,discrete_bcq,3417,8,DR,neural_classifier,20.0,reported_support_fragile,True
sepsis,terminal_90d_only,discrete_bcq,3417,8,WDR,neural_classifier,20.0,reported_support_fragile,True
sepsis,terminal_90d_only,discrete_bcq,3417,8,FQE,neural_classifier,20.0,reported_support_fragile,True
sepsis,terminal_90d_only,discrete_bcq,3417,8,support_restricted_WPDIS,neural_classifier,20.0,reported_support_fragile,True
sepsis,terminal_90d_only,discrete_cql,3417,1,IS,historical_knn,none,reported_supported,True
sepsis,terminal_90d_only,discrete_cql,3417,1,WIS,historical_knn,none,reported_supported,True
sepsis,terminal_90d_only,discrete_cql,3417,1,PDIS,historical_knn,none,reported_supported,True
sepsis,terminal_90d_only,discrete_cql,3417,1,WPDIS,historical_knn,none,reported_supported,True
sepsis,terminal_90d_only,discrete_cql,3417,1,CWPDIS,historical_knn,none,reported_supported,True
sepsis,terminal_90d_only,discrete_cql,3417,1,DR,historical_knn,none,reported_supported,True
sepsis,terminal_90d_only,discrete_cql,3417,1,WDR,historical_knn,none,reported_supported,True
sepsis,terminal_90d_only,discrete_cql,3417,1,FQE,historical_knn,none,reported_supported,True
sepsis,terminal_90d_only,discrete_cql,3417,1,support_restricted_WPDIS,historical_knn,none,reported_supported,True
sepsis,terminal_90d_only,discrete_cql,3417,1,IS,historical_knn,20.0,reported_supported,True
sepsis,terminal_90d_only,discrete_cql,3417,1,WIS,historical_knn,20.0,reported_supported,True
sepsis,terminal_90d_only,discrete_cql,3417,1,PDIS,historical_knn,20.0,reported_supported,True
sepsis,terminal_90d_only,discrete_cql,3417,1,WPDIS,historical_knn,20.0,reported_supported,True
sepsis,terminal_90d_only,discrete_cql,3417,1,CWPDIS,historical_knn,20.0,reported_supported,True
sepsis,terminal_90d_only,discrete_cql,3417,1,DR,historical_knn,20.0,reported_supported,True
sepsis,terminal_90d_only,discrete_cql,3417,1,WDR,historical_knn,20.0,reported_supported,True
sepsis,terminal_90d_only,discrete_cql,3417,1,FQE,historical_knn,20.0,reported_supported,True
sepsis,terminal_90d_only,discrete_cql,3417,1,support_restricted_WPDIS,historical_knn,20.0,reported_supported,True
sepsis,terminal_90d_only,discrete_cql,3417,1,IS,neural_classifier,none,reported_supported,True
sepsis,terminal_90d_only,discrete_cql,3417,1,WIS,neural_classifier,none,reported_supported,True
sepsis,terminal_90d_only,discrete_cql,3417,1,PDIS,neural_classifier,none,reported_supported,True
sepsis,terminal_90d_only,discrete_cql,3417,1,WPDIS,neural_classifier,none,reported_supported,True
sepsis,terminal_90d_only,discrete_cql,3417,1,CWPDIS,neural_classifier,none,reported_supported,True
sepsis,terminal_90d_only,discrete_cql,3417,1,DR,neural_classifier,none,reported_supported,True
sepsis,terminal_90d_only,discrete_cql,3417,1,WDR,neural_classifier,none,reported_supported,True
sepsis,terminal_90d_only,discrete_cql,3417,1,FQE,neural_classifier,none,reported_supported,True
sepsis,terminal_90d_only,discrete_cql,3417,1,support_restricted_WPDIS,neural_classifier,none,reported_supported,True
sepsis,terminal_90d_only,discrete_cql,3417,1,IS,neural_classifier,20.0,reported_supported,True
sepsis,terminal_90d_only,discrete_cql,3417,1,WIS,neural_classifier,20.0,reported_supported,True
sepsis,terminal_90d_only,discrete_cql,3417,1,PDIS,neural_classifier,20.0,reported_supported,True
sepsis,terminal_90d_only,discrete_cql,3417,1,WPDIS,neural_classifier,20.0,reported_supported,True
sepsis,terminal_90d_only,discrete_cql,3417,1,CWPDIS,neural_classifier,20.0,reported_supported,True
sepsis,terminal_90d_only,discrete_cql,3417,1,DR,neural_classifier,20.0,reported_supported,True
sepsis,terminal_90d_only,discrete_cql,3417,1,WDR,neural_classifier,20.0,reported_supported,True
sepsis,terminal_90d_only,discrete_cql,3417,1,FQE,neural_classifier,20.0,reported_supported,True
sepsis,terminal_90d_only,discrete_cql,3417,1,support_restricted_WPDIS,neural_classifier,20.0,reported_supported,True
sepsis,terminal_90d_only,discrete_cql,3417,4,IS,historical_knn,none,reported_support_fragile,True
sepsis,terminal_90d_only,discrete_cql,3417,4,WIS,historical_knn,none,reported_support_fragile,True
sepsis,terminal_90d_only,discrete_cql,3417,4,PDIS,historical_knn,none,reported_support_fragile,True
sepsis,terminal_90d_only,discrete_cql,3417,4,WPDIS,historical_knn,none,reported_support_fragile,True
sepsis,terminal_90d_only,discrete_cql,3417,4,CWPDIS,historical_knn,none,reported_support_fragile,True
sepsis,terminal_90d_only,discrete_cql,3417,4,DR,historical_knn,none,reported_support_fragile,True
sepsis,terminal_90d_only,discrete_cql,3417,4,WDR,historical_knn,none,reported_support_fragile,True
sepsis,terminal_90d_only,discrete_cql,3417,4,FQE,historical_knn,none,reported_support_fragile,True
sepsis,terminal_90d_only,discrete_cql,3417,4,support_restricted_WPDIS,historical_knn,none,reported_support_fragile,True
sepsis,terminal_90d_only,discrete_cql,3417,4,IS,historical_knn,20.0,reported_support_fragile,True
sepsis,terminal_90d_only,discrete_cql,3417,4,WIS,historical_knn,20.0,reported_support_fragile,True
sepsis,terminal_90d_only,discrete_cql,3417,4,PDIS,historical_knn,20.0,reported_support_fragile,True
sepsis,terminal_90d_only,discrete_cql,3417,4,WPDIS,historical_knn,20.0,reported_support_fragile,True
sepsis,terminal_90d_only,discrete_cql,3417,4,CWPDIS,historical_knn,20.0,reported_support_fragile,True
sepsis,terminal_90d_only,discrete_cql,3417,4,DR,historical_knn,20.0,reported_support_fragile,True
sepsis,terminal_90d_only,discrete_cql,3417,4,WDR,historical_knn,20.0,reported_support_fragile,True
sepsis,terminal_90d_only,discrete_cql,3417,4,FQE,historical_knn,20.0,reported_support_fragile,True
sepsis,terminal_90d_only,discrete_cql,3417,4,support_restricted_WPDIS,historical_knn,20.0,reported_support_fragile,True
sepsis,terminal_90d_only,discrete_cql,3417,4,IS,neural_classifier,none,reported_support_fragile,True
sepsis,terminal_90d_only,discrete_cql,3417,4,WIS,neural_classifier,none,reported_support_fragile,True
sepsis,terminal_90d_only,discrete_cql,3417,4,PDIS,neural_classifier,none,reported_support_fragile,True
sepsis,terminal_90d_only,discrete_cql,3417,4,WPDIS,neural_classifier,none,reported_support_fragile,True
sepsis,terminal_90d_only,discrete_cql,3417,4,CWPDIS,neural_classifier,none,reported_support_fragile,True
sepsis,terminal_90d_only,discrete_cql,3417,4,DR,neural_classifier,none,reported_support_fragile,True
sepsis,terminal_90d_only,discrete_cql,3417,4,WDR,neural_classifier,none,reported_support_fragile,True
sepsis,terminal_90d_only,discrete_cql,3417,4,FQE,neural_classifier,none,reported_support_fragile,True
sepsis,terminal_90d_only,discrete_cql,3417,4,support_restricted_WPDIS,neural_classifier,none,reported_support_fragile,True
sepsis,terminal_90d_only,discrete_cql,3417,4,IS,neural_classifier,20.0,reported_support_fragile,True
sepsis,terminal_90d_only,discrete_cql,3417,4,WIS,neural_classifier,20.0,reported_support_fragile,True
sepsis,terminal_90d_only,discrete_cql,3417,4,PDIS,neural_classifier,20.0,reported_support_fragile,True
sepsis,terminal_90d_only,discrete_cql,3417,4,WPDIS,neural_classifier,20.0,reported_support_fragile,True
sepsis,terminal_90d_only,discrete_cql,3417,4,CWPDIS,neural_classifier,20.0,reported_support_fragile,True
sepsis,terminal_90d_only,discrete_cql,3417,4,DR,neural_classifier,20.0,reported_support_fragile,True
sepsis,terminal_90d_only,discrete_cql,3417,4,WDR,neural_classifier,20.0,reported_support_fragile,True
sepsis,terminal_90d_only,discrete_cql,3417,4,FQE,neural_classifier,20.0,reported_support_fragile,True
sepsis,terminal_90d_only,discrete_cql,3417,4,support_restricted_WPDIS,neural_classifier,20.0,reported_support_fragile,True
sepsis,terminal_90d_only,discrete_cql,3417,8,IS,historical_knn,none,reported_support_fragile,True
sepsis,terminal_90d_only,discrete_cql,3417,8,WIS,historical_knn,none,reported_support_fragile,True
sepsis,terminal_90d_only,discrete_cql,3417,8,PDIS,historical_knn,none,reported_support_fragile,True
sepsis,terminal_90d_only,discrete_cql,3417,8,WPDIS,historical_knn,none,reported_support_fragile,True
sepsis,terminal_90d_only,discrete_cql,3417,8,CWPDIS,historical_knn,none,reported_support_fragile,True
sepsis,terminal_90d_only,discrete_cql,3417,8,DR,historical_knn,none,reported_support_fragile,True
sepsis,terminal_90d_only,discrete_cql,3417,8,WDR,historical_knn,none,reported_support_fragile,True
sepsis,terminal_90d_only,discrete_cql,3417,8,FQE,historical_knn,none,reported_support_fragile,True
sepsis,terminal_90d_only,discrete_cql,3417,8,support_restricted_WPDIS,historical_knn,none,reported_support_fragile,True
sepsis,terminal_90d_only,discrete_cql,3417,8,IS,historical_knn,20.0,reported_support_fragile,True
sepsis,terminal_90d_only,discrete_cql,3417,8,WIS,historical_knn,20.0,reported_support_fragile,True
sepsis,terminal_90d_only,discrete_cql,3417,8,PDIS,historical_knn,20.0,reported_support_fragile,True
sepsis,terminal_90d_only,discrete_cql,3417,8,WPDIS,historical_knn,20.0,reported_support_fragile,True
sepsis,terminal_90d_only,discrete_cql,3417,8,CWPDIS,historical_knn,20.0,reported_support_fragile,True
sepsis,terminal_90d_only,discrete_cql,3417,8,DR,historical_knn,20.0,reported_support_fragile,True
sepsis,terminal_90d_only,discrete_cql,3417,8,WDR,historical_knn,20.0,reported_support_fragile,True
sepsis,terminal_90d_only,discrete_cql,3417,8,FQE,historical_knn,20.0,reported_support_fragile,True
sepsis,terminal_90d_only,discrete_cql,3417,8,support_restricted_WPDIS,historical_knn,20.0,reported_support_fragile,True
sepsis,terminal_90d_only,discrete_cql,3417,8,IS,neural_classifier,none,reported_support_fragile,True
sepsis,terminal_90d_only,discrete_cql,3417,8,WIS,neural_classifier,none,reported_support_fragile,True
sepsis,terminal_90d_only,discrete_cql,3417,8,PDIS,neural_classifier,none,reported_support_fragile,True
sepsis,terminal_90d_only,discrete_cql,3417,8,WPDIS,neural_classifier,none,reported_support_fragile,True
sepsis,terminal_90d_only,discrete_cql,3417,8,CWPDIS,neural_classifier,none,reported_support_fragile,True
sepsis,terminal_90d_only,discrete_cql,3417,8,DR,neural_classifier,none,reported_support_fragile,True
sepsis,terminal_90d_only,discrete_cql,3417,8,WDR,neural_classifier,none,reported_support_fragile,True
sepsis,terminal_90d_only,discrete_cql,3417,8,FQE,neural_classifier,none,reported_support_fragile,True
sepsis,terminal_90d_only,discrete_cql,3417,8,support_restricted_WPDIS,neural_classifier,none,reported_support_fragile,True
sepsis,terminal_90d_only,discrete_cql,3417,8,IS,neural_classifier,20.0,reported_support_fragile,True
sepsis,terminal_90d_only,discrete_cql,3417,8,WIS,neural_classifier,20.0,reported_support_fragile,True
sepsis,terminal_90d_only,discrete_cql,3417,8,PDIS,neural_classifier,20.0,reported_support_fragile,True
sepsis,terminal_90d_only,discrete_cql,3417,8,WPDIS,neural_classifier,20.0,reported_support_fragile,True
sepsis,terminal_90d_only,discrete_cql,3417,8,CWPDIS,neural_classifier,20.0,reported_support_fragile,True
sepsis,terminal_90d_only,discrete_cql,3417,8,DR,neural_classifier,20.0,reported_support_fragile,True
sepsis,terminal_90d_only,discrete_cql,3417,8,WDR,neural_classifier,20.0,reported_support_fragile,True
sepsis,terminal_90d_only,discrete_cql,3417,8,FQE,neural_classifier,20.0,reported_support_fragile,True
sepsis,terminal_90d_only,discrete_cql,3417,8,support_restricted_WPDIS,neural_classifier,20.0,reported_support_fragile,True
sepsis,terminal_90d_only,soft_spibb,3417,1,IS,historical_knn,none,reported_supported,True
sepsis,terminal_90d_only,soft_spibb,3417,1,WIS,historical_knn,none,reported_supported,True
sepsis,terminal_90d_only,soft_spibb,3417,1,PDIS,historical_knn,none,reported_supported,True
sepsis,terminal_90d_only,soft_spibb,3417,1,WPDIS,historical_knn,none,reported_supported,True
sepsis,terminal_90d_only,soft_spibb,3417,1,CWPDIS,historical_knn,none,reported_supported,True
sepsis,terminal_90d_only,soft_spibb,3417,1,DR,historical_knn,none,reported_supported,True
sepsis,terminal_90d_only,soft_spibb,3417,1,WDR,historical_knn,none,reported_supported,True
sepsis,terminal_90d_only,soft_spibb,3417,1,FQE,historical_knn,none,reported_supported,True
sepsis,terminal_90d_only,soft_spibb,3417,1,support_restricted_WPDIS,historical_knn,none,reported_supported,True
sepsis,terminal_90d_only,soft_spibb,3417,1,IS,historical_knn,20.0,reported_supported,True
sepsis,terminal_90d_only,soft_spibb,3417,1,WIS,historical_knn,20.0,reported_supported,True
sepsis,terminal_90d_only,soft_spibb,3417,1,PDIS,historical_knn,20.0,reported_supported,True
sepsis,terminal_90d_only,soft_spibb,3417,1,WPDIS,historical_knn,20.0,reported_supported,True
sepsis,terminal_90d_only,soft_spibb,3417,1,CWPDIS,historical_knn,20.0,reported_supported,True
sepsis,terminal_90d_only,soft_spibb,3417,1,DR,historical_knn,20.0,reported_supported,True
sepsis,terminal_90d_only,soft_spibb,3417,1,WDR,historical_knn,20.0,reported_supported,True
sepsis,terminal_90d_only,soft_spibb,3417,1,FQE,historical_knn,20.0,reported_supported,True
sepsis,terminal_90d_only,soft_spibb,3417,1,support_restricted_WPDIS,historical_knn,20.0,reported_supported,True
sepsis,terminal_90d_only,soft_spibb,3417,1,IS,neural_classifier,none,reported_supported,True
sepsis,terminal_90d_only,soft_spibb,3417,1,WIS,neural_classifier,none,reported_supported,True
sepsis,terminal_90d_only,soft_spibb,3417,1,PDIS,neural_classifier,none,reported_supported,True
sepsis,terminal_90d_only,soft_spibb,3417,1,WPDIS,neural_classifier,none,reported_supported,True
sepsis,terminal_90d_only,soft_spibb,3417,1,CWPDIS,neural_classifier,none,reported_supported,True
sepsis,terminal_90d_only,soft_spibb,3417,1,DR,neural_classifier,none,reported_supported,True
sepsis,terminal_90d_only,soft_spibb,3417,1,WDR,neural_classifier,none,reported_supported,True
sepsis,terminal_90d_only,soft_spibb,3417,1,FQE,neural_classifier,none,reported_supported,True
sepsis,terminal_90d_only,soft_spibb,3417,1,support_restricted_WPDIS,neural_classifier,none,reported_supported,True
sepsis,terminal_90d_only,soft_spibb,3417,1,IS,neural_classifier,20.0,reported_supported,True
sepsis,terminal_90d_only,soft_spibb,3417,1,WIS,neural_classifier,20.0,reported_supported,True
sepsis,terminal_90d_only,soft_spibb,3417,1,PDIS,neural_classifier,20.0,reported_supported,True
sepsis,terminal_90d_only,soft_spibb,3417,1,WPDIS,neural_classifier,20.0,reported_supported,True
sepsis,terminal_90d_only,soft_spibb,3417,1,CWPDIS,neural_classifier,20.0,reported_supported,True
sepsis,terminal_90d_only,soft_spibb,3417,1,DR,neural_classifier,20.0,reported_supported,True
sepsis,terminal_90d_only,soft_spibb,3417,1,WDR,neural_classifier,20.0,reported_supported,True
sepsis,terminal_90d_only,soft_spibb,3417,1,FQE,neural_classifier,20.0,reported_supported,True
sepsis,terminal_90d_only,soft_spibb,3417,1,support_restricted_WPDIS,neural_classifier,20.0,reported_supported,True
sepsis,terminal_90d_only,soft_spibb,3417,4,IS,historical_knn,none,reported_support_fragile,True
sepsis,terminal_90d_only,soft_spibb,3417,4,WIS,historical_knn,none,reported_support_fragile,True
sepsis,terminal_90d_only,soft_spibb,3417,4,PDIS,historical_knn,none,reported_support_fragile,True
sepsis,terminal_90d_only,soft_spibb,3417,4,WPDIS,historical_knn,none,reported_support_fragile,True
sepsis,terminal_90d_only,soft_spibb,3417,4,CWPDIS,historical_knn,none,reported_support_fragile,True
sepsis,terminal_90d_only,soft_spibb,3417,4,DR,historical_knn,none,reported_support_fragile,True
sepsis,terminal_90d_only,soft_spibb,3417,4,WDR,historical_knn,none,reported_support_fragile,True
sepsis,terminal_90d_only,soft_spibb,3417,4,FQE,historical_knn,none,reported_support_fragile,True
sepsis,terminal_90d_only,soft_spibb,3417,4,support_restricted_WPDIS,historical_knn,none,reported_support_fragile,True
sepsis,terminal_90d_only,soft_spibb,3417,4,IS,historical_knn,20.0,reported_support_fragile,True
sepsis,terminal_90d_only,soft_spibb,3417,4,WIS,historical_knn,20.0,reported_support_fragile,True
sepsis,terminal_90d_only,soft_spibb,3417,4,PDIS,historical_knn,20.0,reported_support_fragile,True
sepsis,terminal_90d_only,soft_spibb,3417,4,WPDIS,historical_knn,20.0,reported_support_fragile,True
sepsis,terminal_90d_only,soft_spibb,3417,4,CWPDIS,historical_knn,20.0,reported_support_fragile,True
sepsis,terminal_90d_only,soft_spibb,3417,4,DR,historical_knn,20.0,reported_support_fragile,True
sepsis,terminal_90d_only,soft_spibb,3417,4,WDR,historical_knn,20.0,reported_support_fragile,True
sepsis,terminal_90d_only,soft_spibb,3417,4,FQE,historical_knn,20.0,reported_support_fragile,True
sepsis,terminal_90d_only,soft_spibb,3417,4,support_restricted_WPDIS,historical_knn,20.0,reported_support_fragile,True
sepsis,terminal_90d_only,soft_spibb,3417,4,IS,neural_classifier,none,reported_supported,True
sepsis,terminal_90d_only,soft_spibb,3417,4,WIS,neural_classifier,none,reported_supported,True
sepsis,terminal_90d_only,soft_spibb,3417,4,PDIS,neural_classifier,none,reported_supported,True
sepsis,terminal_90d_only,soft_spibb,3417,4,WPDIS,neural_classifier,none,reported_supported,True
sepsis,terminal_90d_only,soft_spibb,3417,4,CWPDIS,neural_classifier,none,reported_supported,True
sepsis,terminal_90d_only,soft_spibb,3417,4,DR,neural_classifier,none,reported_supported,True
sepsis,terminal_90d_only,soft_spibb,3417,4,WDR,neural_classifier,none,reported_supported,True
sepsis,terminal_90d_only,soft_spibb,3417,4,FQE,neural_classifier,none,reported_supported,True
sepsis,terminal_90d_only,soft_spibb,3417,4,support_restricted_WPDIS,neural_classifier,none,reported_supported,True
sepsis,terminal_90d_only,soft_spibb,3417,4,IS,neural_classifier,20.0,reported_supported,True
sepsis,terminal_90d_only,soft_spibb,3417,4,WIS,neural_classifier,20.0,reported_supported,True
sepsis,terminal_90d_only,soft_spibb,3417,4,PDIS,neural_classifier,20.0,reported_supported,True
sepsis,terminal_90d_only,soft_spibb,3417,4,WPDIS,neural_classifier,20.0,reported_supported,True
sepsis,terminal_90d_only,soft_spibb,3417,4,CWPDIS,neural_classifier,20.0,reported_supported,True
sepsis,terminal_90d_only,soft_spibb,3417,4,DR,neural_classifier,20.0,reported_supported,True
sepsis,terminal_90d_only,soft_spibb,3417,4,WDR,neural_classifier,20.0,reported_supported,True
sepsis,terminal_90d_only,soft_spibb,3417,4,FQE,neural_classifier,20.0,reported_supported,True
sepsis,terminal_90d_only,soft_spibb,3417,4,support_restricted_WPDIS,neural_classifier,20.0,reported_supported,True
sepsis,terminal_90d_only,soft_spibb,3417,8,IS,historical_knn,none,reported_support_fragile,True
sepsis,terminal_90d_only,soft_spibb,3417,8,WIS,historical_knn,none,reported_support_fragile,True
sepsis,terminal_90d_only,soft_spibb,3417,8,PDIS,historical_knn,none,reported_support_fragile,True
sepsis,terminal_90d_only,soft_spibb,3417,8,WPDIS,historical_knn,none,reported_support_fragile,True
sepsis,terminal_90d_only,soft_spibb,3417,8,CWPDIS,historical_knn,none,reported_support_fragile,True
sepsis,terminal_90d_only,soft_spibb,3417,8,DR,historical_knn,none,reported_support_fragile,True
sepsis,terminal_90d_only,soft_spibb,3417,8,WDR,historical_knn,none,reported_support_fragile,True
sepsis,terminal_90d_only,soft_spibb,3417,8,FQE,historical_knn,none,reported_support_fragile,True
sepsis,terminal_90d_only,soft_spibb,3417,8,support_restricted_WPDIS,historical_knn,none,reported_support_fragile,True
sepsis,terminal_90d_only,soft_spibb,3417,8,IS,historical_knn,20.0,reported_support_fragile,True
sepsis,terminal_90d_only,soft_spibb,3417,8,WIS,historical_knn,20.0,reported_support_fragile,True
sepsis,terminal_90d_only,soft_spibb,3417,8,PDIS,historical_knn,20.0,reported_support_fragile,True
sepsis,terminal_90d_only,soft_spibb,3417,8,WPDIS,historical_knn,20.0,reported_support_fragile,True
sepsis,terminal_90d_only,soft_spibb,3417,8,CWPDIS,historical_knn,20.0,reported_support_fragile,True
sepsis,terminal_90d_only,soft_spibb,3417,8,DR,historical_knn,20.0,reported_support_fragile,True
sepsis,terminal_90d_only,soft_spibb,3417,8,WDR,historical_knn,20.0,reported_support_fragile,True
sepsis,terminal_90d_only,soft_spibb,3417,8,FQE,historical_knn,20.0,reported_support_fragile,True
sepsis,terminal_90d_only,soft_spibb,3417,8,support_restricted_WPDIS,historical_knn,20.0,reported_support_fragile,True
sepsis,terminal_90d_only,soft_spibb,3417,8,IS,neural_classifier,none,reported_support_fragile,True
sepsis,terminal_90d_only,soft_spibb,3417,8,WIS,neural_classifier,none,reported_support_fragile,True
sepsis,terminal_90d_only,soft_spibb,3417,8,PDIS,neural_classifier,none,reported_support_fragile,True
sepsis,terminal_90d_only,soft_spibb,3417,8,WPDIS,neural_classifier,none,reported_support_fragile,True
sepsis,terminal_90d_only,soft_spibb,3417,8,CWPDIS,neural_classifier,none,reported_support_fragile,True
sepsis,terminal_90d_only,soft_spibb,3417,8,DR,neural_classifier,none,reported_support_fragile,True
sepsis,terminal_90d_only,soft_spibb,3417,8,WDR,neural_classifier,none,reported_support_fragile,True
sepsis,terminal_90d_only,soft_spibb,3417,8,FQE,neural_classifier,none,reported_support_fragile,True
sepsis,terminal_90d_only,soft_spibb,3417,8,support_restricted_WPDIS,neural_classifier,none,reported_support_fragile,True
sepsis,terminal_90d_only,soft_spibb,3417,8,IS,neural_classifier,20.0,reported_support_fragile,True
sepsis,terminal_90d_only,soft_spibb,3417,8,WIS,neural_classifier,20.0,reported_support_fragile,True
sepsis,terminal_90d_only,soft_spibb,3417,8,PDIS,neural_classifier,20.0,reported_support_fragile,True
sepsis,terminal_90d_only,soft_spibb,3417,8,WPDIS,neural_classifier,20.0,reported_support_fragile,True
sepsis,terminal_90d_only,soft_spibb,3417,8,CWPDIS,neural_classifier,20.0,reported_support_fragile,True
sepsis,terminal_90d_only,soft_spibb,3417,8,DR,neural_classifier,20.0,reported_support_fragile,True
sepsis,terminal_90d_only,soft_spibb,3417,8,WDR,neural_classifier,20.0,reported_support_fragile,True
sepsis,terminal_90d_only,soft_spibb,3417,8,FQE,neural_classifier,20.0,reported_support_fragile,True
sepsis,terminal_90d_only,soft_spibb,3417,8,support_restricted_WPDIS,neural_classifier,20.0,reported_support_fragile,True
sepsis,terminal_90d_only,decision_transformer_adapter,3417,1,IS,historical_knn,none,reported_supported,True
sepsis,terminal_90d_only,decision_transformer_adapter,3417,1,WIS,historical_knn,none,reported_supported,True
sepsis,terminal_90d_only,decision_transformer_adapter,3417,1,PDIS,historical_knn,none,reported_supported,True
sepsis,terminal_90d_only,decision_transformer_adapter,3417,1,WPDIS,historical_knn,none,reported_supported,True
sepsis,terminal_90d_only,decision_transformer_adapter,3417,1,CWPDIS,historical_knn,none,reported_supported,True
sepsis,terminal_90d_only,decision_transformer_adapter,3417,1,DR,historical_knn,none,reported_supported,True
sepsis,terminal_90d_only,decision_transformer_adapter,3417,1,WDR,historical_knn,none,reported_supported,True
sepsis,terminal_90d_only,decision_transformer_adapter,3417,1,FQE,historical_knn,none,reported_supported,True
sepsis,terminal_90d_only,decision_transformer_adapter,3417,1,support_restricted_WPDIS,historical_knn,none,reported_supported,True
sepsis,terminal_90d_only,decision_transformer_adapter,3417,1,IS,historical_knn,20.0,reported_supported,True
sepsis,terminal_90d_only,decision_transformer_adapter,3417,1,WIS,historical_knn,20.0,reported_supported,True
sepsis,terminal_90d_only,decision_transformer_adapter,3417,1,PDIS,historical_knn,20.0,reported_supported,True
sepsis,terminal_90d_only,decision_transformer_adapter,3417,1,WPDIS,historical_knn,20.0,reported_supported,True
sepsis,terminal_90d_only,decision_transformer_adapter,3417,1,CWPDIS,historical_knn,20.0,reported_supported,True
sepsis,terminal_90d_only,decision_transformer_adapter,3417,1,DR,historical_knn,20.0,reported_supported,True
sepsis,terminal_90d_only,decision_transformer_adapter,3417,1,WDR,historical_knn,20.0,reported_supported,True
sepsis,terminal_90d_only,decision_transformer_adapter,3417,1,FQE,historical_knn,20.0,reported_supported,True
sepsis,terminal_90d_only,decision_transformer_adapter,3417,1,support_restricted_WPDIS,historical_knn,20.0,reported_supported,True
sepsis,terminal_90d_only,decision_transformer_adapter,3417,1,IS,neural_classifier,none,reported_supported,True
sepsis,terminal_90d_only,decision_transformer_adapter,3417,1,WIS,neural_classifier,none,reported_supported,True
sepsis,terminal_90d_only,decision_transformer_adapter,3417,1,PDIS,neural_classifier,none,reported_supported,True
sepsis,terminal_90d_only,decision_transformer_adapter,3417,1,WPDIS,neural_classifier,none,reported_supported,True
sepsis,terminal_90d_only,decision_transformer_adapter,3417,1,CWPDIS,neural_classifier,none,reported_supported,True
sepsis,terminal_90d_only,decision_transformer_adapter,3417,1,DR,neural_classifier,none,reported_supported,True
sepsis,terminal_90d_only,decision_transformer_adapter,3417,1,WDR,neural_classifier,none,reported_supported,True
sepsis,terminal_90d_only,decision_transformer_adapter,3417,1,FQE,neural_classifier,none,reported_supported,True
sepsis,terminal_90d_only,decision_transformer_adapter,3417,1,support_restricted_WPDIS,neural_classifier,none,reported_supported,True
sepsis,terminal_90d_only,decision_transformer_adapter,3417,1,IS,neural_classifier,20.0,reported_supported,True
sepsis,terminal_90d_only,decision_transformer_adapter,3417,1,WIS,neural_classifier,20.0,reported_supported,True
sepsis,terminal_90d_only,decision_transformer_adapter,3417,1,PDIS,neural_classifier,20.0,reported_supported,True
sepsis,terminal_90d_only,decision_transformer_adapter,3417,1,WPDIS,neural_classifier,20.0,reported_supported,True
sepsis,terminal_90d_only,decision_transformer_adapter,3417,1,CWPDIS,neural_classifier,20.0,reported_supported,True
sepsis,terminal_90d_only,decision_transformer_adapter,3417,1,DR,neural_classifier,20.0,reported_supported,True
sepsis,terminal_90d_only,decision_transformer_adapter,3417,1,WDR,neural_classifier,20.0,reported_supported,True
sepsis,terminal_90d_only,decision_transformer_adapter,3417,1,FQE,neural_classifier,20.0,reported_supported,True
sepsis,terminal_90d_only,decision_transformer_adapter,3417,1,support_restricted_WPDIS,neural_classifier,20.0,reported_supported,True
sepsis,terminal_90d_only,decision_transformer_adapter,3417,4,IS,historical_knn,none,reported_support_fragile,True
sepsis,terminal_90d_only,decision_transformer_adapter,3417,4,WIS,historical_knn,none,reported_support_fragile,True
sepsis,terminal_90d_only,decision_transformer_adapter,3417,4,PDIS,historical_knn,none,reported_support_fragile,True
sepsis,terminal_90d_only,decision_transformer_adapter,3417,4,WPDIS,historical_knn,none,reported_support_fragile,True
sepsis,terminal_90d_only,decision_transformer_adapter,3417,4,CWPDIS,historical_knn,none,reported_support_fragile,True
sepsis,terminal_90d_only,decision_transformer_adapter,3417,4,DR,historical_knn,none,reported_support_fragile,True
sepsis,terminal_90d_only,decision_transformer_adapter,3417,4,WDR,historical_knn,none,reported_support_fragile,True
sepsis,terminal_90d_only,decision_transformer_adapter,3417,4,FQE,historical_knn,none,reported_support_fragile,True
sepsis,terminal_90d_only,decision_transformer_adapter,3417,4,support_restricted_WPDIS,historical_knn,none,reported_support_fragile,True
sepsis,terminal_90d_only,decision_transformer_adapter,3417,4,IS,historical_knn,20.0,reported_support_fragile,True
sepsis,terminal_90d_only,decision_transformer_adapter,3417,4,WIS,historical_knn,20.0,reported_support_fragile,True
sepsis,terminal_90d_only,decision_transformer_adapter,3417,4,PDIS,historical_knn,20.0,reported_support_fragile,True
sepsis,terminal_90d_only,decision_transformer_adapter,3417,4,WPDIS,historical_knn,20.0,reported_support_fragile,True
sepsis,terminal_90d_only,decision_transformer_adapter,3417,4,CWPDIS,historical_knn,20.0,reported_support_fragile,True
sepsis,terminal_90d_only,decision_transformer_adapter,3417,4,DR,historical_knn,20.0,reported_support_fragile,True
sepsis,terminal_90d_only,decision_transformer_adapter,3417,4,WDR,historical_knn,20.0,reported_support_fragile,True
sepsis,terminal_90d_only,decision_transformer_adapter,3417,4,FQE,historical_knn,20.0,reported_support_fragile,True
sepsis,terminal_90d_only,decision_transformer_adapter,3417,4,support_restricted_WPDIS,historical_knn,20.0,reported_support_fragile,True
sepsis,terminal_90d_only,decision_transformer_adapter,3417,4,IS,neural_classifier,none,reported_supported,True
sepsis,terminal_90d_only,decision_transformer_adapter,3417,4,WIS,neural_classifier,none,reported_supported,True
sepsis,terminal_90d_only,decision_transformer_adapter,3417,4,PDIS,neural_classifier,none,reported_supported,True
sepsis,terminal_90d_only,decision_transformer_adapter,3417,4,WPDIS,neural_classifier,none,reported_supported,True
sepsis,terminal_90d_only,decision_transformer_adapter,3417,4,CWPDIS,neural_classifier,none,reported_supported,True
sepsis,terminal_90d_only,decision_transformer_adapter,3417,4,DR,neural_classifier,none,reported_supported,True
sepsis,terminal_90d_only,decision_transformer_adapter,3417,4,WDR,neural_classifier,none,reported_supported,True
sepsis,terminal_90d_only,decision_transformer_adapter,3417,4,FQE,neural_classifier,none,reported_supported,True
sepsis,terminal_90d_only,decision_transformer_adapter,3417,4,support_restricted_WPDIS,neural_classifier,none,reported_supported,True
sepsis,terminal_90d_only,decision_transformer_adapter,3417,4,IS,neural_classifier,20.0,reported_supported,True
sepsis,terminal_90d_only,decision_transformer_adapter,3417,4,WIS,neural_classifier,20.0,reported_supported,True
sepsis,terminal_90d_only,decision_transformer_adapter,3417,4,PDIS,neural_classifier,20.0,reported_supported,True
sepsis,terminal_90d_only,decision_transformer_adapter,3417,4,WPDIS,neural_classifier,20.0,reported_supported,True
sepsis,terminal_90d_only,decision_transformer_adapter,3417,4,CWPDIS,neural_classifier,20.0,reported_supported,True
sepsis,terminal_90d_only,decision_transformer_adapter,3417,4,DR,neural_classifier,20.0,reported_supported,True
sepsis,terminal_90d_only,decision_transformer_adapter,3417,4,WDR,neural_classifier,20.0,reported_supported,True
sepsis,terminal_90d_only,decision_transformer_adapter,3417,4,FQE,neural_classifier,20.0,reported_supported,True
sepsis,terminal_90d_only,decision_transformer_adapter,3417,4,support_restricted_WPDIS,neural_classifier,20.0,reported_supported,True
sepsis,terminal_90d_only,decision_transformer_adapter,3417,8,IS,historical_knn,none,reported_support_fragile,True
sepsis,terminal_90d_only,decision_transformer_adapter,3417,8,WIS,historical_knn,none,reported_support_fragile,True
sepsis,terminal_90d_only,decision_transformer_adapter,3417,8,PDIS,historical_knn,none,reported_support_fragile,True
sepsis,terminal_90d_only,decision_transformer_adapter,3417,8,WPDIS,historical_knn,none,reported_support_fragile,True
sepsis,terminal_90d_only,decision_transformer_adapter,3417,8,CWPDIS,historical_knn,none,reported_support_fragile,True
sepsis,terminal_90d_only,decision_transformer_adapter,3417,8,DR,historical_knn,none,reported_support_fragile,True
sepsis,terminal_90d_only,decision_transformer_adapter,3417,8,WDR,historical_knn,none,reported_support_fragile,True
sepsis,terminal_90d_only,decision_transformer_adapter,3417,8,FQE,historical_knn,none,reported_support_fragile,True
sepsis,terminal_90d_only,decision_transformer_adapter,3417,8,support_restricted_WPDIS,historical_knn,none,reported_support_fragile,True
sepsis,terminal_90d_only,decision_transformer_adapter,3417,8,IS,historical_knn,20.0,reported_support_fragile,True
sepsis,terminal_90d_only,decision_transformer_adapter,3417,8,WIS,historical_knn,20.0,reported_support_fragile,True
sepsis,terminal_90d_only,decision_transformer_adapter,3417,8,PDIS,historical_knn,20.0,reported_support_fragile,True
sepsis,terminal_90d_only,decision_transformer_adapter,3417,8,WPDIS,historical_knn,20.0,reported_support_fragile,True
sepsis,terminal_90d_only,decision_transformer_adapter,3417,8,CWPDIS,historical_knn,20.0,reported_support_fragile,True
sepsis,terminal_90d_only,decision_transformer_adapter,3417,8,DR,historical_knn,20.0,reported_support_fragile,True
sepsis,terminal_90d_only,decision_transformer_adapter,3417,8,WDR,historical_knn,20.0,reported_support_fragile,True
sepsis,terminal_90d_only,decision_transformer_adapter,3417,8,FQE,historical_knn,20.0,reported_support_fragile,True
sepsis,terminal_90d_only,decision_transformer_adapter,3417,8,support_restricted_WPDIS,historical_knn,20.0,reported_support_fragile,True
sepsis,terminal_90d_only,decision_transformer_adapter,3417,8,IS,neural_classifier,none,reported_support_fragile,True
sepsis,terminal_90d_only,decision_transformer_adapter,3417,8,WIS,neural_classifier,none,reported_support_fragile,True
sepsis,terminal_90d_only,decision_transformer_adapter,3417,8,PDIS,neural_classifier,none,reported_support_fragile,True
sepsis,terminal_90d_only,decision_transformer_adapter,3417,8,WPDIS,neural_classifier,none,reported_support_fragile,True
sepsis,terminal_90d_only,decision_transformer_adapter,3417,8,CWPDIS,neural_classifier,none,reported_support_fragile,True
sepsis,terminal_90d_only,decision_transformer_adapter,3417,8,DR,neural_classifier,none,reported_support_fragile,True
sepsis,terminal_90d_only,decision_transformer_adapter,3417,8,WDR,neural_classifier,none,reported_support_fragile,True
sepsis,terminal_90d_only,decision_transformer_adapter,3417,8,FQE,neural_classifier,none,reported_support_fragile,True
sepsis,terminal_90d_only,decision_transformer_adapter,3417,8,support_restricted_WPDIS,neural_classifier,none,reported_support_fragile,True
sepsis,terminal_90d_only,decision_transformer_adapter,3417,8,IS,neural_classifier,20.0,reported_support_fragile,True
sepsis,terminal_90d_only,decision_transformer_adapter,3417,8,WIS,neural_classifier,20.0,reported_support_fragile,True
sepsis,terminal_90d_only,decision_transformer_adapter,3417,8,PDIS,neural_classifier,20.0,reported_support_fragile,True
sepsis,terminal_90d_only,decision_transformer_adapter,3417,8,WPDIS,neural_classifier,20.0,reported_support_fragile,True
sepsis,terminal_90d_only,decision_transformer_adapter,3417,8,CWPDIS,neural_classifier,20.0,reported_support_fragile,True
sepsis,terminal_90d_only,decision_transformer_adapter,3417,8,DR,neural_classifier,20.0,reported_support_fragile,True
sepsis,terminal_90d_only,decision_transformer_adapter,3417,8,WDR,neural_classifier,20.0,reported_support_fragile,True
sepsis,terminal_90d_only,decision_transformer_adapter,3417,8,FQE,neural_classifier,20.0,reported_support_fragile,True
sepsis,terminal_90d_only,decision_transformer_adapter,3417,8,support_restricted_WPDIS,neural_classifier,20.0,reported_support_fragile,True
sepsis,terminal_90d_only,behavior_cloning,3420,1,IS,historical_knn,none,reported_supported,True
sepsis,terminal_90d_only,behavior_cloning,3420,1,WIS,historical_knn,none,reported_supported,True
sepsis,terminal_90d_only,behavior_cloning,3420,1,PDIS,historical_knn,none,reported_supported,True
sepsis,terminal_90d_only,behavior_cloning,3420,1,WPDIS,historical_knn,none,reported_supported,True
sepsis,terminal_90d_only,behavior_cloning,3420,1,CWPDIS,historical_knn,none,reported_supported,True
sepsis,terminal_90d_only,behavior_cloning,3420,1,DR,historical_knn,none,reported_supported,True
sepsis,terminal_90d_only,behavior_cloning,3420,1,WDR,historical_knn,none,reported_supported,True
sepsis,terminal_90d_only,behavior_cloning,3420,1,FQE,historical_knn,none,reported_supported,True
sepsis,terminal_90d_only,behavior_cloning,3420,1,support_restricted_WPDIS,historical_knn,none,reported_supported,True
sepsis,terminal_90d_only,behavior_cloning,3420,1,IS,historical_knn,20.0,reported_supported,True
sepsis,terminal_90d_only,behavior_cloning,3420,1,WIS,historical_knn,20.0,reported_supported,True
sepsis,terminal_90d_only,behavior_cloning,3420,1,PDIS,historical_knn,20.0,reported_supported,True
sepsis,terminal_90d_only,behavior_cloning,3420,1,WPDIS,historical_knn,20.0,reported_supported,True
sepsis,terminal_90d_only,behavior_cloning,3420,1,CWPDIS,historical_knn,20.0,reported_supported,True
sepsis,terminal_90d_only,behavior_cloning,3420,1,DR,historical_knn,20.0,reported_supported,True
sepsis,terminal_90d_only,behavior_cloning,3420,1,WDR,historical_knn,20.0,reported_supported,True
sepsis,terminal_90d_only,behavior_cloning,3420,1,FQE,historical_knn,20.0,reported_supported,True
sepsis,terminal_90d_only,behavior_cloning,3420,1,support_restricted_WPDIS,historical_knn,20.0,reported_supported,True
sepsis,terminal_90d_only,behavior_cloning,3420,1,IS,neural_classifier,none,reported_supported,True
sepsis,terminal_90d_only,behavior_cloning,3420,1,WIS,neural_classifier,none,reported_supported,True
sepsis,terminal_90d_only,behavior_cloning,3420,1,PDIS,neural_classifier,none,reported_supported,True
sepsis,terminal_90d_only,behavior_cloning,3420,1,WPDIS,neural_classifier,none,reported_supported,True
sepsis,terminal_90d_only,behavior_cloning,3420,1,CWPDIS,neural_classifier,none,reported_supported,True
sepsis,terminal_90d_only,behavior_cloning,3420,1,DR,neural_classifier,none,reported_supported,True
sepsis,terminal_90d_only,behavior_cloning,3420,1,WDR,neural_classifier,none,reported_supported,True
sepsis,terminal_90d_only,behavior_cloning,3420,1,FQE,neural_classifier,none,reported_supported,True
sepsis,terminal_90d_only,behavior_cloning,3420,1,support_restricted_WPDIS,neural_classifier,none,reported_supported,True
sepsis,terminal_90d_only,behavior_cloning,3420,1,IS,neural_classifier,20.0,reported_supported,True
sepsis,terminal_90d_only,behavior_cloning,3420,1,WIS,neural_classifier,20.0,reported_supported,True
sepsis,terminal_90d_only,behavior_cloning,3420,1,PDIS,neural_classifier,20.0,reported_supported,True
sepsis,terminal_90d_only,behavior_cloning,3420,1,WPDIS,neural_classifier,20.0,reported_supported,True
sepsis,terminal_90d_only,behavior_cloning,3420,1,CWPDIS,neural_classifier,20.0,reported_supported,True
sepsis,terminal_90d_only,behavior_cloning,3420,1,DR,neural_classifier,20.0,reported_supported,True
sepsis,terminal_90d_only,behavior_cloning,3420,1,WDR,neural_classifier,20.0,reported_supported,True
sepsis,terminal_90d_only,behavior_cloning,3420,1,FQE,neural_classifier,20.0,reported_supported,True
sepsis,terminal_90d_only,behavior_cloning,3420,1,support_restricted_WPDIS,neural_classifier,20.0,reported_supported,True
sepsis,terminal_90d_only,behavior_cloning,3420,4,IS,historical_knn,none,reported_support_fragile,True
sepsis,terminal_90d_only,behavior_cloning,3420,4,WIS,historical_knn,none,reported_support_fragile,True
sepsis,terminal_90d_only,behavior_cloning,3420,4,PDIS,historical_knn,none,reported_support_fragile,True
sepsis,terminal_90d_only,behavior_cloning,3420,4,WPDIS,historical_knn,none,reported_support_fragile,True
sepsis,terminal_90d_only,behavior_cloning,3420,4,CWPDIS,historical_knn,none,reported_support_fragile,True
sepsis,terminal_90d_only,behavior_cloning,3420,4,DR,historical_knn,none,reported_support_fragile,True
sepsis,terminal_90d_only,behavior_cloning,3420,4,WDR,historical_knn,none,reported_support_fragile,True
sepsis,terminal_90d_only,behavior_cloning,3420,4,FQE,historical_knn,none,reported_support_fragile,True
sepsis,terminal_90d_only,behavior_cloning,3420,4,support_restricted_WPDIS,historical_knn,none,reported_support_fragile,True
sepsis,terminal_90d_only,behavior_cloning,3420,4,IS,historical_knn,20.0,reported_support_fragile,True
sepsis,terminal_90d_only,behavior_cloning,3420,4,WIS,historical_knn,20.0,reported_support_fragile,True
sepsis,terminal_90d_only,behavior_cloning,3420,4,PDIS,historical_knn,20.0,reported_support_fragile,True
sepsis,terminal_90d_only,behavior_cloning,3420,4,WPDIS,historical_knn,20.0,reported_support_fragile,True
sepsis,terminal_90d_only,behavior_cloning,3420,4,CWPDIS,historical_knn,20.0,reported_support_fragile,True
sepsis,terminal_90d_only,behavior_cloning,3420,4,DR,historical_knn,20.0,reported_support_fragile,True
sepsis,terminal_90d_only,behavior_cloning,3420,4,WDR,historical_knn,20.0,reported_support_fragile,True
sepsis,terminal_90d_only,behavior_cloning,3420,4,FQE,historical_knn,20.0,reported_support_fragile,True
sepsis,terminal_90d_only,behavior_cloning,3420,4,support_restricted_WPDIS,historical_knn,20.0,reported_support_fragile,True
sepsis,terminal_90d_only,behavior_cloning,3420,4,IS,neural_classifier,none,reported_supported,True
sepsis,terminal_90d_only,behavior_cloning,3420,4,WIS,neural_classifier,none,reported_supported,True
sepsis,terminal_90d_only,behavior_cloning,3420,4,PDIS,neural_classifier,none,reported_supported,True
sepsis,terminal_90d_only,behavior_cloning,3420,4,WPDIS,neural_classifier,none,reported_supported,True
sepsis,terminal_90d_only,behavior_cloning,3420,4,CWPDIS,neural_classifier,none,reported_supported,True
sepsis,terminal_90d_only,behavior_cloning,3420,4,DR,neural_classifier,none,reported_supported,True
sepsis,terminal_90d_only,behavior_cloning,3420,4,WDR,neural_classifier,none,reported_supported,True
sepsis,terminal_90d_only,behavior_cloning,3420,4,FQE,neural_classifier,none,reported_supported,True
sepsis,terminal_90d_only,behavior_cloning,3420,4,support_restricted_WPDIS,neural_classifier,none,reported_supported,True
sepsis,terminal_90d_only,behavior_cloning,3420,4,IS,neural_classifier,20.0,reported_supported,True
sepsis,terminal_90d_only,behavior_cloning,3420,4,WIS,neural_classifier,20.0,reported_supported,True
sepsis,terminal_90d_only,behavior_cloning,3420,4,PDIS,neural_classifier,20.0,reported_supported,True
sepsis,terminal_90d_only,behavior_cloning,3420,4,WPDIS,neural_classifier,20.0,reported_supported,True
sepsis,terminal_90d_only,behavior_cloning,3420,4,CWPDIS,neural_classifier,20.0,reported_supported,True
sepsis,terminal_90d_only,behavior_cloning,3420,4,DR,neural_classifier,20.0,reported_supported,True
sepsis,terminal_90d_only,behavior_cloning,3420,4,WDR,neural_classifier,20.0,reported_supported,True
sepsis,terminal_90d_only,behavior_cloning,3420,4,FQE,neural_classifier,20.0,reported_supported,True
sepsis,terminal_90d_only,behavior_cloning,3420,4,support_restricted_WPDIS,neural_classifier,20.0,reported_supported,True
sepsis,terminal_90d_only,behavior_cloning,3420,8,IS,historical_knn,none,reported_support_fragile,True
sepsis,terminal_90d_only,behavior_cloning,3420,8,WIS,historical_knn,none,reported_support_fragile,True
sepsis,terminal_90d_only,behavior_cloning,3420,8,PDIS,historical_knn,none,reported_support_fragile,True
sepsis,terminal_90d_only,behavior_cloning,3420,8,WPDIS,historical_knn,none,reported_support_fragile,True
sepsis,terminal_90d_only,behavior_cloning,3420,8,CWPDIS,historical_knn,none,reported_support_fragile,True
sepsis,terminal_90d_only,behavior_cloning,3420,8,DR,historical_knn,none,reported_support_fragile,True
sepsis,terminal_90d_only,behavior_cloning,3420,8,WDR,historical_knn,none,reported_support_fragile,True
sepsis,terminal_90d_only,behavior_cloning,3420,8,FQE,historical_knn,none,reported_support_fragile,True
sepsis,terminal_90d_only,behavior_cloning,3420,8,support_restricted_WPDIS,historical_knn,none,reported_support_fragile,True
sepsis,terminal_90d_only,behavior_cloning,3420,8,IS,historical_knn,20.0,reported_support_fragile,True
sepsis,terminal_90d_only,behavior_cloning,3420,8,WIS,historical_knn,20.0,reported_support_fragile,True
sepsis,terminal_90d_only,behavior_cloning,3420,8,PDIS,historical_knn,20.0,reported_support_fragile,True
sepsis,terminal_90d_only,behavior_cloning,3420,8,WPDIS,historical_knn,20.0,reported_support_fragile,True
sepsis,terminal_90d_only,behavior_cloning,3420,8,CWPDIS,historical_knn,20.0,reported_support_fragile,True
sepsis,terminal_90d_only,behavior_cloning,3420,8,DR,historical_knn,20.0,reported_support_fragile,True
sepsis,terminal_90d_only,behavior_cloning,3420,8,WDR,historical_knn,20.0,reported_support_fragile,True
sepsis,terminal_90d_only,behavior_cloning,3420,8,FQE,historical_knn,20.0,reported_support_fragile,True
sepsis,terminal_90d_only,behavior_cloning,3420,8,support_restricted_WPDIS,historical_knn,20.0,reported_support_fragile,True
sepsis,terminal_90d_only,behavior_cloning,3420,8,IS,neural_classifier,none,reported_support_fragile,True
sepsis,terminal_90d_only,behavior_cloning,3420,8,WIS,neural_classifier,none,reported_support_fragile,True
sepsis,terminal_90d_only,behavior_cloning,3420,8,PDIS,neural_classifier,none,reported_support_fragile,True
sepsis,terminal_90d_only,behavior_cloning,3420,8,WPDIS,neural_classifier,none,reported_support_fragile,True
sepsis,terminal_90d_only,behavior_cloning,3420,8,CWPDIS,neural_classifier,none,reported_support_fragile,True
sepsis,terminal_90d_only,behavior_cloning,3420,8,DR,neural_classifier,none,reported_support_fragile,True
sepsis,terminal_90d_only,behavior_cloning,3420,8,WDR,neural_classifier,none,reported_support_fragile,True
sepsis,terminal_90d_only,behavior_cloning,3420,8,FQE,neural_classifier,none,reported_support_fragile,True
sepsis,terminal_90d_only,behavior_cloning,3420,8,support_restricted_WPDIS,neural_classifier,none,reported_support_fragile,True
sepsis,terminal_90d_only,behavior_cloning,3420,8,IS,neural_classifier,20.0,reported_support_fragile,True
sepsis,terminal_90d_only,behavior_cloning,3420,8,WIS,neural_classifier,20.0,reported_support_fragile,True
sepsis,terminal_90d_only,behavior_cloning,3420,8,PDIS,neural_classifier,20.0,reported_support_fragile,True
sepsis,terminal_90d_only,behavior_cloning,3420,8,WPDIS,neural_classifier,20.0,reported_support_fragile,True
sepsis,terminal_90d_only,behavior_cloning,3420,8,CWPDIS,neural_classifier,20.0,reported_support_fragile,True
sepsis,terminal_90d_only,behavior_cloning,3420,8,DR,neural_classifier,20.0,reported_support_fragile,True
sepsis,terminal_90d_only,behavior_cloning,3420,8,WDR,neural_classifier,20.0,reported_support_fragile,True
sepsis,terminal_90d_only,behavior_cloning,3420,8,FQE,neural_classifier,20.0,reported_support_fragile,True
sepsis,terminal_90d_only,behavior_cloning,3420,8,support_restricted_WPDIS,neural_classifier,20.0,reported_support_fragile,True
sepsis,terminal_90d_only,discrete_bcq,3420,1,IS,historical_knn,none,reported_support_fragile,True
sepsis,terminal_90d_only,discrete_bcq,3420,1,WIS,historical_knn,none,reported_support_fragile,True
sepsis,terminal_90d_only,discrete_bcq,3420,1,PDIS,historical_knn,none,reported_support_fragile,True
sepsis,terminal_90d_only,discrete_bcq,3420,1,WPDIS,historical_knn,none,reported_support_fragile,True
sepsis,terminal_90d_only,discrete_bcq,3420,1,CWPDIS,historical_knn,none,reported_support_fragile,True
sepsis,terminal_90d_only,discrete_bcq,3420,1,DR,historical_knn,none,reported_support_fragile,True
sepsis,terminal_90d_only,discrete_bcq,3420,1,WDR,historical_knn,none,reported_support_fragile,True
sepsis,terminal_90d_only,discrete_bcq,3420,1,FQE,historical_knn,none,reported_support_fragile,True
sepsis,terminal_90d_only,discrete_bcq,3420,1,support_restricted_WPDIS,historical_knn,none,reported_support_fragile,True
sepsis,terminal_90d_only,discrete_bcq,3420,1,IS,historical_knn,20.0,reported_support_fragile,True
sepsis,terminal_90d_only,discrete_bcq,3420,1,WIS,historical_knn,20.0,reported_support_fragile,True
sepsis,terminal_90d_only,discrete_bcq,3420,1,PDIS,historical_knn,20.0,reported_support_fragile,True
sepsis,terminal_90d_only,discrete_bcq,3420,1,WPDIS,historical_knn,20.0,reported_support_fragile,True
sepsis,terminal_90d_only,discrete_bcq,3420,1,CWPDIS,historical_knn,20.0,reported_support_fragile,True
sepsis,terminal_90d_only,discrete_bcq,3420,1,DR,historical_knn,20.0,reported_support_fragile,True
sepsis,terminal_90d_only,discrete_bcq,3420,1,WDR,historical_knn,20.0,reported_support_fragile,True
sepsis,terminal_90d_only,discrete_bcq,3420,1,FQE,historical_knn,20.0,reported_support_fragile,True
sepsis,terminal_90d_only,discrete_bcq,3420,1,support_restricted_WPDIS,historical_knn,20.0,reported_support_fragile,True
sepsis,terminal_90d_only,discrete_bcq,3420,1,IS,neural_classifier,none,reported_support_fragile,True
sepsis,terminal_90d_only,discrete_bcq,3420,1,WIS,neural_classifier,none,reported_support_fragile,True
sepsis,terminal_90d_only,discrete_bcq,3420,1,PDIS,neural_classifier,none,reported_support_fragile,True
sepsis,terminal_90d_only,discrete_bcq,3420,1,WPDIS,neural_classifier,none,reported_support_fragile,True
sepsis,terminal_90d_only,discrete_bcq,3420,1,CWPDIS,neural_classifier,none,reported_support_fragile,True
sepsis,terminal_90d_only,discrete_bcq,3420,1,DR,neural_classifier,none,reported_support_fragile,True
sepsis,terminal_90d_only,discrete_bcq,3420,1,WDR,neural_classifier,none,reported_support_fragile,True
sepsis,terminal_90d_only,discrete_bcq,3420,1,FQE,neural_classifier,none,reported_support_fragile,True
sepsis,terminal_90d_only,discrete_bcq,3420,1,support_restricted_WPDIS,neural_classifier,none,reported_support_fragile,True
sepsis,terminal_90d_only,discrete_bcq,3420,1,IS,neural_classifier,20.0,reported_support_fragile,True
sepsis,terminal_90d_only,discrete_bcq,3420,1,WIS,neural_classifier,20.0,reported_support_fragile,True
sepsis,terminal_90d_only,discrete_bcq,3420,1,PDIS,neural_classifier,20.0,reported_support_fragile,True
sepsis,terminal_90d_only,discrete_bcq,3420,1,WPDIS,neural_classifier,20.0,reported_support_fragile,True
sepsis,terminal_90d_only,discrete_bcq,3420,1,CWPDIS,neural_classifier,20.0,reported_support_fragile,True
sepsis,terminal_90d_only,discrete_bcq,3420,1,DR,neural_classifier,20.0,reported_support_fragile,True
sepsis,terminal_90d_only,discrete_bcq,3420,1,WDR,neural_classifier,20.0,reported_support_fragile,True
sepsis,terminal_90d_only,discrete_bcq,3420,1,FQE,neural_classifier,20.0,reported_support_fragile,True
sepsis,terminal_90d_only,discrete_bcq,3420,1,support_restricted_WPDIS,neural_classifier,20.0,reported_support_fragile,True
sepsis,terminal_90d_only,discrete_bcq,3420,4,IS,historical_knn,none,reported_support_fragile,True
sepsis,terminal_90d_only,discrete_bcq,3420,4,WIS,historical_knn,none,reported_support_fragile,True
sepsis,terminal_90d_only,discrete_bcq,3420,4,PDIS,historical_knn,none,reported_support_fragile,True
sepsis,terminal_90d_only,discrete_bcq,3420,4,WPDIS,historical_knn,none,reported_support_fragile,True
sepsis,terminal_90d_only,discrete_bcq,3420,4,CWPDIS,historical_knn,none,reported_support_fragile,True
sepsis,terminal_90d_only,discrete_bcq,3420,4,DR,historical_knn,none,reported_support_fragile,True
sepsis,terminal_90d_only,discrete_bcq,3420,4,WDR,historical_knn,none,reported_support_fragile,True
sepsis,terminal_90d_only,discrete_bcq,3420,4,FQE,historical_knn,none,reported_support_fragile,True
sepsis,terminal_90d_only,discrete_bcq,3420,4,support_restricted_WPDIS,historical_knn,none,reported_support_fragile,True
sepsis,terminal_90d_only,discrete_bcq,3420,4,IS,historical_knn,20.0,reported_support_fragile,True
sepsis,terminal_90d_only,discrete_bcq,3420,4,WIS,historical_knn,20.0,reported_support_fragile,True
sepsis,terminal_90d_only,discrete_bcq,3420,4,PDIS,historical_knn,20.0,reported_support_fragile,True
sepsis,terminal_90d_only,discrete_bcq,3420,4,WPDIS,historical_knn,20.0,reported_support_fragile,True
sepsis,terminal_90d_only,discrete_bcq,3420,4,CWPDIS,historical_knn,20.0,reported_support_fragile,True
sepsis,terminal_90d_only,discrete_bcq,3420,4,DR,historical_knn,20.0,reported_support_fragile,True
sepsis,terminal_90d_only,discrete_bcq,3420,4,WDR,historical_knn,20.0,reported_support_fragile,True
sepsis,terminal_90d_only,discrete_bcq,3420,4,FQE,historical_knn,20.0,reported_support_fragile,True
sepsis,terminal_90d_only,discrete_bcq,3420,4,support_restricted_WPDIS,historical_knn,20.0,reported_support_fragile,True
sepsis,terminal_90d_only,discrete_bcq,3420,4,IS,neural_classifier,none,reported_support_fragile,True
sepsis,terminal_90d_only,discrete_bcq,3420,4,WIS,neural_classifier,none,reported_support_fragile,True
sepsis,terminal_90d_only,discrete_bcq,3420,4,PDIS,neural_classifier,none,reported_support_fragile,True
sepsis,terminal_90d_only,discrete_bcq,3420,4,WPDIS,neural_classifier,none,reported_support_fragile,True
sepsis,terminal_90d_only,discrete_bcq,3420,4,CWPDIS,neural_classifier,none,reported_support_fragile,True
sepsis,terminal_90d_only,discrete_bcq,3420,4,DR,neural_classifier,none,reported_support_fragile,True
sepsis,terminal_90d_only,discrete_bcq,3420,4,WDR,neural_classifier,none,reported_support_fragile,True
sepsis,terminal_90d_only,discrete_bcq,3420,4,FQE,neural_classifier,none,reported_support_fragile,True
sepsis,terminal_90d_only,discrete_bcq,3420,4,support_restricted_WPDIS,neural_classifier,none,reported_support_fragile,True
sepsis,terminal_90d_only,discrete_bcq,3420,4,IS,neural_classifier,20.0,reported_support_fragile,True
sepsis,terminal_90d_only,discrete_bcq,3420,4,WIS,neural_classifier,20.0,reported_support_fragile,True
sepsis,terminal_90d_only,discrete_bcq,3420,4,PDIS,neural_classifier,20.0,reported_support_fragile,True
sepsis,terminal_90d_only,discrete_bcq,3420,4,WPDIS,neural_classifier,20.0,reported_support_fragile,True
sepsis,terminal_90d_only,discrete_bcq,3420,4,CWPDIS,neural_classifier,20.0,reported_support_fragile,True
sepsis,terminal_90d_only,discrete_bcq,3420,4,DR,neural_classifier,20.0,reported_support_fragile,True
sepsis,terminal_90d_only,discrete_bcq,3420,4,WDR,neural_classifier,20.0,reported_support_fragile,True
sepsis,terminal_90d_only,discrete_bcq,3420,4,FQE,neural_classifier,20.0,reported_support_fragile,True
sepsis,terminal_90d_only,discrete_bcq,3420,4,support_restricted_WPDIS,neural_classifier,20.0,reported_support_fragile,True
sepsis,terminal_90d_only,discrete_bcq,3420,8,IS,historical_knn,none,reported_support_fragile,True
sepsis,terminal_90d_only,discrete_bcq,3420,8,WIS,historical_knn,none,reported_support_fragile,True
sepsis,terminal_90d_only,discrete_bcq,3420,8,PDIS,historical_knn,none,reported_support_fragile,True
sepsis,terminal_90d_only,discrete_bcq,3420,8,WPDIS,historical_knn,none,reported_support_fragile,True
sepsis,terminal_90d_only,discrete_bcq,3420,8,CWPDIS,historical_knn,none,reported_support_fragile,True
sepsis,terminal_90d_only,discrete_bcq,3420,8,DR,historical_knn,none,reported_support_fragile,True
sepsis,terminal_90d_only,discrete_bcq,3420,8,WDR,historical_knn,none,reported_support_fragile,True
sepsis,terminal_90d_only,discrete_bcq,3420,8,FQE,historical_knn,none,reported_support_fragile,True
sepsis,terminal_90d_only,discrete_bcq,3420,8,support_restricted_WPDIS,historical_knn,none,reported_support_fragile,True
sepsis,terminal_90d_only,discrete_bcq,3420,8,IS,historical_knn,20.0,reported_support_fragile,True
sepsis,terminal_90d_only,discrete_bcq,3420,8,WIS,historical_knn,20.0,reported_support_fragile,True
sepsis,terminal_90d_only,discrete_bcq,3420,8,PDIS,historical_knn,20.0,reported_support_fragile,True
sepsis,terminal_90d_only,discrete_bcq,3420,8,WPDIS,historical_knn,20.0,reported_support_fragile,True
sepsis,terminal_90d_only,discrete_bcq,3420,8,CWPDIS,historical_knn,20.0,reported_support_fragile,True
sepsis,terminal_90d_only,discrete_bcq,3420,8,DR,historical_knn,20.0,reported_support_fragile,True
sepsis,terminal_90d_only,discrete_bcq,3420,8,WDR,historical_knn,20.0,reported_support_fragile,True
sepsis,terminal_90d_only,discrete_bcq,3420,8,FQE,historical_knn,20.0,reported_support_fragile,True
sepsis,terminal_90d_only,discrete_bcq,3420,8,support_restricted_WPDIS,historical_knn,20.0,reported_support_fragile,True
sepsis,terminal_90d_only,discrete_bcq,3420,8,IS,neural_classifier,none,reported_support_fragile,True
sepsis,terminal_90d_only,discrete_bcq,3420,8,WIS,neural_classifier,none,reported_support_fragile,True
sepsis,terminal_90d_only,discrete_bcq,3420,8,PDIS,neural_classifier,none,reported_support_fragile,True
sepsis,terminal_90d_only,discrete_bcq,3420,8,WPDIS,neural_classifier,none,reported_support_fragile,True
sepsis,terminal_90d_only,discrete_bcq,3420,8,CWPDIS,neural_classifier,none,reported_support_fragile,True
sepsis,terminal_90d_only,discrete_bcq,3420,8,DR,neural_classifier,none,reported_support_fragile,True
sepsis,terminal_90d_only,discrete_bcq,3420,8,WDR,neural_classifier,none,reported_support_fragile,True
sepsis,terminal_90d_only,discrete_bcq,3420,8,FQE,neural_classifier,none,reported_support_fragile,True
sepsis,terminal_90d_only,discrete_bcq,3420,8,support_restricted_WPDIS,neural_classifier,none,reported_support_fragile,True
sepsis,terminal_90d_only,discrete_bcq,3420,8,IS,neural_classifier,20.0,reported_support_fragile,True
sepsis,terminal_90d_only,discrete_bcq,3420,8,WIS,neural_classifier,20.0,reported_support_fragile,True
sepsis,terminal_90d_only,discrete_bcq,3420,8,PDIS,neural_classifier,20.0,reported_support_fragile,True
sepsis,terminal_90d_only,discrete_bcq,3420,8,WPDIS,neural_classifier,20.0,reported_support_fragile,True
sepsis,terminal_90d_only,discrete_bcq,3420,8,CWPDIS,neural_classifier,20.0,reported_support_fragile,True
sepsis,terminal_90d_only,discrete_bcq,3420,8,DR,neural_classifier,20.0,reported_support_fragile,True
sepsis,terminal_90d_only,discrete_bcq,3420,8,WDR,neural_classifier,20.0,reported_support_fragile,True
sepsis,terminal_90d_only,discrete_bcq,3420,8,FQE,neural_classifier,20.0,reported_support_fragile,True
sepsis,terminal_90d_only,discrete_bcq,3420,8,support_restricted_WPDIS,neural_classifier,20.0,reported_support_fragile,True
sepsis,terminal_90d_only,discrete_cql,3420,1,IS,historical_knn,none,reported_support_fragile,True
sepsis,terminal_90d_only,discrete_cql,3420,1,WIS,historical_knn,none,reported_support_fragile,True
sepsis,terminal_90d_only,discrete_cql,3420,1,PDIS,historical_knn,none,reported_support_fragile,True
sepsis,terminal_90d_only,discrete_cql,3420,1,WPDIS,historical_knn,none,reported_support_fragile,True
sepsis,terminal_90d_only,discrete_cql,3420,1,CWPDIS,historical_knn,none,reported_support_fragile,True
sepsis,terminal_90d_only,discrete_cql,3420,1,DR,historical_knn,none,reported_support_fragile,True
sepsis,terminal_90d_only,discrete_cql,3420,1,WDR,historical_knn,none,reported_support_fragile,True
sepsis,terminal_90d_only,discrete_cql,3420,1,FQE,historical_knn,none,reported_support_fragile,True
sepsis,terminal_90d_only,discrete_cql,3420,1,support_restricted_WPDIS,historical_knn,none,reported_support_fragile,True
sepsis,terminal_90d_only,discrete_cql,3420,1,IS,historical_knn,20.0,reported_estimator_disagreement,True
sepsis,terminal_90d_only,discrete_cql,3420,1,WIS,historical_knn,20.0,reported_estimator_disagreement,True
sepsis,terminal_90d_only,discrete_cql,3420,1,PDIS,historical_knn,20.0,reported_estimator_disagreement,True
sepsis,terminal_90d_only,discrete_cql,3420,1,WPDIS,historical_knn,20.0,reported_estimator_disagreement,True
sepsis,terminal_90d_only,discrete_cql,3420,1,CWPDIS,historical_knn,20.0,reported_estimator_disagreement,True
sepsis,terminal_90d_only,discrete_cql,3420,1,DR,historical_knn,20.0,reported_estimator_disagreement,True
sepsis,terminal_90d_only,discrete_cql,3420,1,WDR,historical_knn,20.0,reported_estimator_disagreement,True
sepsis,terminal_90d_only,discrete_cql,3420,1,FQE,historical_knn,20.0,reported_estimator_disagreement,True
sepsis,terminal_90d_only,discrete_cql,3420,1,support_restricted_WPDIS,historical_knn,20.0,reported_estimator_disagreement,True
sepsis,terminal_90d_only,discrete_cql,3420,1,IS,neural_classifier,none,reported_estimator_disagreement,True
sepsis,terminal_90d_only,discrete_cql,3420,1,WIS,neural_classifier,none,reported_estimator_disagreement,True
sepsis,terminal_90d_only,discrete_cql,3420,1,PDIS,neural_classifier,none,reported_estimator_disagreement,True
sepsis,terminal_90d_only,discrete_cql,3420,1,WPDIS,neural_classifier,none,reported_estimator_disagreement,True
sepsis,terminal_90d_only,discrete_cql,3420,1,CWPDIS,neural_classifier,none,reported_estimator_disagreement,True
sepsis,terminal_90d_only,discrete_cql,3420,1,DR,neural_classifier,none,reported_estimator_disagreement,True
sepsis,terminal_90d_only,discrete_cql,3420,1,WDR,neural_classifier,none,reported_estimator_disagreement,True
sepsis,terminal_90d_only,discrete_cql,3420,1,FQE,neural_classifier,none,reported_estimator_disagreement,True
sepsis,terminal_90d_only,discrete_cql,3420,1,support_restricted_WPDIS,neural_classifier,none,reported_estimator_disagreement,True
sepsis,terminal_90d_only,discrete_cql,3420,1,IS,neural_classifier,20.0,reported_estimator_disagreement,True
sepsis,terminal_90d_only,discrete_cql,3420,1,WIS,neural_classifier,20.0,reported_estimator_disagreement,True
sepsis,terminal_90d_only,discrete_cql,3420,1,PDIS,neural_classifier,20.0,reported_estimator_disagreement,True
sepsis,terminal_90d_only,discrete_cql,3420,1,WPDIS,neural_classifier,20.0,reported_estimator_disagreement,True
sepsis,terminal_90d_only,discrete_cql,3420,1,CWPDIS,neural_classifier,20.0,reported_estimator_disagreement,True
sepsis,terminal_90d_only,discrete_cql,3420,1,DR,neural_classifier,20.0,reported_estimator_disagreement,True
sepsis,terminal_90d_only,discrete_cql,3420,1,WDR,neural_classifier,20.0,reported_estimator_disagreement,True
sepsis,terminal_90d_only,discrete_cql,3420,1,FQE,neural_classifier,20.0,reported_estimator_disagreement,True
sepsis,terminal_90d_only,discrete_cql,3420,1,support_restricted_WPDIS,neural_classifier,20.0,reported_estimator_disagreement,True
sepsis,terminal_90d_only,discrete_cql,3420,4,IS,historical_knn,none,reported_support_fragile,True
sepsis,terminal_90d_only,discrete_cql,3420,4,WIS,historical_knn,none,reported_support_fragile,True
sepsis,terminal_90d_only,discrete_cql,3420,4,PDIS,historical_knn,none,reported_support_fragile,True
sepsis,terminal_90d_only,discrete_cql,3420,4,WPDIS,historical_knn,none,reported_support_fragile,True
sepsis,terminal_90d_only,discrete_cql,3420,4,CWPDIS,historical_knn,none,reported_support_fragile,True
sepsis,terminal_90d_only,discrete_cql,3420,4,DR,historical_knn,none,reported_support_fragile,True
sepsis,terminal_90d_only,discrete_cql,3420,4,WDR,historical_knn,none,reported_support_fragile,True
sepsis,terminal_90d_only,discrete_cql,3420,4,FQE,historical_knn,none,reported_support_fragile,True
sepsis,terminal_90d_only,discrete_cql,3420,4,support_restricted_WPDIS,historical_knn,none,reported_support_fragile,True
sepsis,terminal_90d_only,discrete_cql,3420,4,IS,historical_knn,20.0,reported_support_fragile,True
sepsis,terminal_90d_only,discrete_cql,3420,4,WIS,historical_knn,20.0,reported_support_fragile,True
sepsis,terminal_90d_only,discrete_cql,3420,4,PDIS,historical_knn,20.0,reported_support_fragile,True
sepsis,terminal_90d_only,discrete_cql,3420,4,WPDIS,historical_knn,20.0,reported_support_fragile,True
sepsis,terminal_90d_only,discrete_cql,3420,4,CWPDIS,historical_knn,20.0,reported_support_fragile,True
sepsis,terminal_90d_only,discrete_cql,3420,4,DR,historical_knn,20.0,reported_support_fragile,True
sepsis,terminal_90d_only,discrete_cql,3420,4,WDR,historical_knn,20.0,reported_support_fragile,True
sepsis,terminal_90d_only,discrete_cql,3420,4,FQE,historical_knn,20.0,reported_support_fragile,True
sepsis,terminal_90d_only,discrete_cql,3420,4,support_restricted_WPDIS,historical_knn,20.0,reported_support_fragile,True
sepsis,terminal_90d_only,discrete_cql,3420,4,IS,neural_classifier,none,reported_support_fragile,True
sepsis,terminal_90d_only,discrete_cql,3420,4,WIS,neural_classifier,none,reported_support_fragile,True
sepsis,terminal_90d_only,discrete_cql,3420,4,PDIS,neural_classifier,none,reported_support_fragile,True
sepsis,terminal_90d_only,discrete_cql,3420,4,WPDIS,neural_classifier,none,reported_support_fragile,True
sepsis,terminal_90d_only,discrete_cql,3420,4,CWPDIS,neural_classifier,none,reported_support_fragile,True
sepsis,terminal_90d_only,discrete_cql,3420,4,DR,neural_classifier,none,reported_support_fragile,True
sepsis,terminal_90d_only,discrete_cql,3420,4,WDR,neural_classifier,none,reported_support_fragile,True
sepsis,terminal_90d_only,discrete_cql,3420,4,FQE,neural_classifier,none,reported_support_fragile,True
sepsis,terminal_90d_only,discrete_cql,3420,4,support_restricted_WPDIS,neural_classifier,none,reported_support_fragile,True
sepsis,terminal_90d_only,discrete_cql,3420,4,IS,neural_classifier,20.0,reported_support_fragile,True
sepsis,terminal_90d_only,discrete_cql,3420,4,WIS,neural_classifier,20.0,reported_support_fragile,True
sepsis,terminal_90d_only,discrete_cql,3420,4,PDIS,neural_classifier,20.0,reported_support_fragile,True
sepsis,terminal_90d_only,discrete_cql,3420,4,WPDIS,neural_classifier,20.0,reported_support_fragile,True
sepsis,terminal_90d_only,discrete_cql,3420,4,CWPDIS,neural_classifier,20.0,reported_support_fragile,True
sepsis,terminal_90d_only,discrete_cql,3420,4,DR,neural_classifier,20.0,reported_support_fragile,True
sepsis,terminal_90d_only,discrete_cql,3420,4,WDR,neural_classifier,20.0,reported_support_fragile,True
sepsis,terminal_90d_only,discrete_cql,3420,4,FQE,neural_classifier,20.0,reported_support_fragile,True
sepsis,terminal_90d_only,discrete_cql,3420,4,support_restricted_WPDIS,neural_classifier,20.0,reported_support_fragile,True
sepsis,terminal_90d_only,discrete_cql,3420,8,IS,historical_knn,none,reported_support_fragile,True
sepsis,terminal_90d_only,discrete_cql,3420,8,WIS,historical_knn,none,reported_support_fragile,True
sepsis,terminal_90d_only,discrete_cql,3420,8,PDIS,historical_knn,none,reported_support_fragile,True
sepsis,terminal_90d_only,discrete_cql,3420,8,WPDIS,historical_knn,none,reported_support_fragile,True
sepsis,terminal_90d_only,discrete_cql,3420,8,CWPDIS,historical_knn,none,reported_support_fragile,True
sepsis,terminal_90d_only,discrete_cql,3420,8,DR,historical_knn,none,reported_support_fragile,True
sepsis,terminal_90d_only,discrete_cql,3420,8,WDR,historical_knn,none,reported_support_fragile,True
sepsis,terminal_90d_only,discrete_cql,3420,8,FQE,historical_knn,none,reported_support_fragile,True
sepsis,terminal_90d_only,discrete_cql,3420,8,support_restricted_WPDIS,historical_knn,none,reported_support_fragile,True
sepsis,terminal_90d_only,discrete_cql,3420,8,IS,historical_knn,20.0,reported_support_fragile,True
sepsis,terminal_90d_only,discrete_cql,3420,8,WIS,historical_knn,20.0,reported_support_fragile,True
sepsis,terminal_90d_only,discrete_cql,3420,8,PDIS,historical_knn,20.0,reported_support_fragile,True
sepsis,terminal_90d_only,discrete_cql,3420,8,WPDIS,historical_knn,20.0,reported_support_fragile,True
sepsis,terminal_90d_only,discrete_cql,3420,8,CWPDIS,historical_knn,20.0,reported_support_fragile,True
sepsis,terminal_90d_only,discrete_cql,3420,8,DR,historical_knn,20.0,reported_support_fragile,True
sepsis,terminal_90d_only,discrete_cql,3420,8,WDR,historical_knn,20.0,reported_support_fragile,True
sepsis,terminal_90d_only,discrete_cql,3420,8,FQE,historical_knn,20.0,reported_support_fragile,True
sepsis,terminal_90d_only,discrete_cql,3420,8,support_restricted_WPDIS,historical_knn,20.0,reported_support_fragile,True
sepsis,terminal_90d_only,discrete_cql,3420,8,IS,neural_classifier,none,reported_support_fragile,True
sepsis,terminal_90d_only,discrete_cql,3420,8,WIS,neural_classifier,none,reported_support_fragile,True
sepsis,terminal_90d_only,discrete_cql,3420,8,PDIS,neural_classifier,none,reported_support_fragile,True
sepsis,terminal_90d_only,discrete_cql,3420,8,WPDIS,neural_classifier,none,reported_support_fragile,True
sepsis,terminal_90d_only,discrete_cql,3420,8,CWPDIS,neural_classifier,none,reported_support_fragile,True
sepsis,terminal_90d_only,discrete_cql,3420,8,DR,neural_classifier,none,reported_support_fragile,True
sepsis,terminal_90d_only,discrete_cql,3420,8,WDR,neural_classifier,none,reported_support_fragile,True
sepsis,terminal_90d_only,discrete_cql,3420,8,FQE,neural_classifier,none,reported_support_fragile,True
sepsis,terminal_90d_only,discrete_cql,3420,8,support_restricted_WPDIS,neural_classifier,none,reported_support_fragile,True
sepsis,terminal_90d_only,discrete_cql,3420,8,IS,neural_classifier,20.0,reported_support_fragile,True
sepsis,terminal_90d_only,discrete_cql,3420,8,WIS,neural_classifier,20.0,reported_support_fragile,True
sepsis,terminal_90d_only,discrete_cql,3420,8,PDIS,neural_classifier,20.0,reported_support_fragile,True
sepsis,terminal_90d_only,discrete_cql,3420,8,WPDIS,neural_classifier,20.0,reported_support_fragile,True
sepsis,terminal_90d_only,discrete_cql,3420,8,CWPDIS,neural_classifier,20.0,reported_support_fragile,True
sepsis,terminal_90d_only,discrete_cql,3420,8,DR,neural_classifier,20.0,reported_support_fragile,True
sepsis,terminal_90d_only,discrete_cql,3420,8,WDR,neural_classifier,20.0,reported_support_fragile,True
sepsis,terminal_90d_only,discrete_cql,3420,8,FQE,neural_classifier,20.0,reported_support_fragile,True
sepsis,terminal_90d_only,discrete_cql,3420,8,support_restricted_WPDIS,neural_classifier,20.0,reported_support_fragile,True
sepsis,terminal_90d_only,soft_spibb,3420,1,IS,historical_knn,none,reported_supported,True
sepsis,terminal_90d_only,soft_spibb,3420,1,WIS,historical_knn,none,reported_supported,True
sepsis,terminal_90d_only,soft_spibb,3420,1,PDIS,historical_knn,none,reported_supported,True
sepsis,terminal_90d_only,soft_spibb,3420,1,WPDIS,historical_knn,none,reported_supported,True
sepsis,terminal_90d_only,soft_spibb,3420,1,CWPDIS,historical_knn,none,reported_supported,True
sepsis,terminal_90d_only,soft_spibb,3420,1,DR,historical_knn,none,reported_supported,True
sepsis,terminal_90d_only,soft_spibb,3420,1,WDR,historical_knn,none,reported_supported,True
sepsis,terminal_90d_only,soft_spibb,3420,1,FQE,historical_knn,none,reported_supported,True
sepsis,terminal_90d_only,soft_spibb,3420,1,support_restricted_WPDIS,historical_knn,none,reported_supported,True
sepsis,terminal_90d_only,soft_spibb,3420,1,IS,historical_knn,20.0,reported_supported,True
sepsis,terminal_90d_only,soft_spibb,3420,1,WIS,historical_knn,20.0,reported_supported,True
sepsis,terminal_90d_only,soft_spibb,3420,1,PDIS,historical_knn,20.0,reported_supported,True
sepsis,terminal_90d_only,soft_spibb,3420,1,WPDIS,historical_knn,20.0,reported_supported,True
sepsis,terminal_90d_only,soft_spibb,3420,1,CWPDIS,historical_knn,20.0,reported_supported,True
sepsis,terminal_90d_only,soft_spibb,3420,1,DR,historical_knn,20.0,reported_supported,True
sepsis,terminal_90d_only,soft_spibb,3420,1,WDR,historical_knn,20.0,reported_supported,True
sepsis,terminal_90d_only,soft_spibb,3420,1,FQE,historical_knn,20.0,reported_supported,True
sepsis,terminal_90d_only,soft_spibb,3420,1,support_restricted_WPDIS,historical_knn,20.0,reported_supported,True
sepsis,terminal_90d_only,soft_spibb,3420,1,IS,neural_classifier,none,reported_supported,True
sepsis,terminal_90d_only,soft_spibb,3420,1,WIS,neural_classifier,none,reported_supported,True
sepsis,terminal_90d_only,soft_spibb,3420,1,PDIS,neural_classifier,none,reported_supported,True
sepsis,terminal_90d_only,soft_spibb,3420,1,WPDIS,neural_classifier,none,reported_supported,True
sepsis,terminal_90d_only,soft_spibb,3420,1,CWPDIS,neural_classifier,none,reported_supported,True
sepsis,terminal_90d_only,soft_spibb,3420,1,DR,neural_classifier,none,reported_supported,True
sepsis,terminal_90d_only,soft_spibb,3420,1,WDR,neural_classifier,none,reported_supported,True
sepsis,terminal_90d_only,soft_spibb,3420,1,FQE,neural_classifier,none,reported_supported,True
sepsis,terminal_90d_only,soft_spibb,3420,1,support_restricted_WPDIS,neural_classifier,none,reported_supported,True
sepsis,terminal_90d_only,soft_spibb,3420,1,IS,neural_classifier,20.0,reported_supported,True
sepsis,terminal_90d_only,soft_spibb,3420,1,WIS,neural_classifier,20.0,reported_supported,True
sepsis,terminal_90d_only,soft_spibb,3420,1,PDIS,neural_classifier,20.0,reported_supported,True
sepsis,terminal_90d_only,soft_spibb,3420,1,WPDIS,neural_classifier,20.0,reported_supported,True
sepsis,terminal_90d_only,soft_spibb,3420,1,CWPDIS,neural_classifier,20.0,reported_supported,True
sepsis,terminal_90d_only,soft_spibb,3420,1,DR,neural_classifier,20.0,reported_supported,True
sepsis,terminal_90d_only,soft_spibb,3420,1,WDR,neural_classifier,20.0,reported_supported,True
sepsis,terminal_90d_only,soft_spibb,3420,1,FQE,neural_classifier,20.0,reported_supported,True
sepsis,terminal_90d_only,soft_spibb,3420,1,support_restricted_WPDIS,neural_classifier,20.0,reported_supported,True
sepsis,terminal_90d_only,soft_spibb,3420,4,IS,historical_knn,none,reported_support_fragile,True
sepsis,terminal_90d_only,soft_spibb,3420,4,WIS,historical_knn,none,reported_support_fragile,True
sepsis,terminal_90d_only,soft_spibb,3420,4,PDIS,historical_knn,none,reported_support_fragile,True
sepsis,terminal_90d_only,soft_spibb,3420,4,WPDIS,historical_knn,none,reported_support_fragile,True
sepsis,terminal_90d_only,soft_spibb,3420,4,CWPDIS,historical_knn,none,reported_support_fragile,True
sepsis,terminal_90d_only,soft_spibb,3420,4,DR,historical_knn,none,reported_support_fragile,True
sepsis,terminal_90d_only,soft_spibb,3420,4,WDR,historical_knn,none,reported_support_fragile,True
sepsis,terminal_90d_only,soft_spibb,3420,4,FQE,historical_knn,none,reported_support_fragile,True
sepsis,terminal_90d_only,soft_spibb,3420,4,support_restricted_WPDIS,historical_knn,none,reported_support_fragile,True
sepsis,terminal_90d_only,soft_spibb,3420,4,IS,historical_knn,20.0,reported_support_fragile,True
sepsis,terminal_90d_only,soft_spibb,3420,4,WIS,historical_knn,20.0,reported_support_fragile,True
sepsis,terminal_90d_only,soft_spibb,3420,4,PDIS,historical_knn,20.0,reported_support_fragile,True
sepsis,terminal_90d_only,soft_spibb,3420,4,WPDIS,historical_knn,20.0,reported_support_fragile,True
sepsis,terminal_90d_only,soft_spibb,3420,4,CWPDIS,historical_knn,20.0,reported_support_fragile,True
sepsis,terminal_90d_only,soft_spibb,3420,4,DR,historical_knn,20.0,reported_support_fragile,True
sepsis,terminal_90d_only,soft_spibb,3420,4,WDR,historical_knn,20.0,reported_support_fragile,True
sepsis,terminal_90d_only,soft_spibb,3420,4,FQE,historical_knn,20.0,reported_support_fragile,True
sepsis,terminal_90d_only,soft_spibb,3420,4,support_restricted_WPDIS,historical_knn,20.0,reported_support_fragile,True
sepsis,terminal_90d_only,soft_spibb,3420,4,IS,neural_classifier,none,reported_support_fragile,True
sepsis,terminal_90d_only,soft_spibb,3420,4,WIS,neural_classifier,none,reported_support_fragile,True
sepsis,terminal_90d_only,soft_spibb,3420,4,PDIS,neural_classifier,none,reported_support_fragile,True
sepsis,terminal_90d_only,soft_spibb,3420,4,WPDIS,neural_classifier,none,reported_support_fragile,True
sepsis,terminal_90d_only,soft_spibb,3420,4,CWPDIS,neural_classifier,none,reported_support_fragile,True
sepsis,terminal_90d_only,soft_spibb,3420,4,DR,neural_classifier,none,reported_support_fragile,True
sepsis,terminal_90d_only,soft_spibb,3420,4,WDR,neural_classifier,none,reported_support_fragile,True
sepsis,terminal_90d_only,soft_spibb,3420,4,FQE,neural_classifier,none,reported_support_fragile,True
sepsis,terminal_90d_only,soft_spibb,3420,4,support_restricted_WPDIS,neural_classifier,none,reported_support_fragile,True
sepsis,terminal_90d_only,soft_spibb,3420,4,IS,neural_classifier,20.0,reported_supported,True
sepsis,terminal_90d_only,soft_spibb,3420,4,WIS,neural_classifier,20.0,reported_supported,True
sepsis,terminal_90d_only,soft_spibb,3420,4,PDIS,neural_classifier,20.0,reported_supported,True
sepsis,terminal_90d_only,soft_spibb,3420,4,WPDIS,neural_classifier,20.0,reported_supported,True
sepsis,terminal_90d_only,soft_spibb,3420,4,CWPDIS,neural_classifier,20.0,reported_supported,True
sepsis,terminal_90d_only,soft_spibb,3420,4,DR,neural_classifier,20.0,reported_supported,True
sepsis,terminal_90d_only,soft_spibb,3420,4,WDR,neural_classifier,20.0,reported_supported,True
sepsis,terminal_90d_only,soft_spibb,3420,4,FQE,neural_classifier,20.0,reported_supported,True
sepsis,terminal_90d_only,soft_spibb,3420,4,support_restricted_WPDIS,neural_classifier,20.0,reported_supported,True
sepsis,terminal_90d_only,soft_spibb,3420,8,IS,historical_knn,none,reported_support_fragile,True
sepsis,terminal_90d_only,soft_spibb,3420,8,WIS,historical_knn,none,reported_support_fragile,True
sepsis,terminal_90d_only,soft_spibb,3420,8,PDIS,historical_knn,none,reported_support_fragile,True
sepsis,terminal_90d_only,soft_spibb,3420,8,WPDIS,historical_knn,none,reported_support_fragile,True
sepsis,terminal_90d_only,soft_spibb,3420,8,CWPDIS,historical_knn,none,reported_support_fragile,True
sepsis,terminal_90d_only,soft_spibb,3420,8,DR,historical_knn,none,reported_support_fragile,True
sepsis,terminal_90d_only,soft_spibb,3420,8,WDR,historical_knn,none,reported_support_fragile,True
sepsis,terminal_90d_only,soft_spibb,3420,8,FQE,historical_knn,none,reported_support_fragile,True
sepsis,terminal_90d_only,soft_spibb,3420,8,support_restricted_WPDIS,historical_knn,none,reported_support_fragile,True
sepsis,terminal_90d_only,soft_spibb,3420,8,IS,historical_knn,20.0,reported_support_fragile,True
sepsis,terminal_90d_only,soft_spibb,3420,8,WIS,historical_knn,20.0,reported_support_fragile,True
sepsis,terminal_90d_only,soft_spibb,3420,8,PDIS,historical_knn,20.0,reported_support_fragile,True
sepsis,terminal_90d_only,soft_spibb,3420,8,WPDIS,historical_knn,20.0,reported_support_fragile,True
sepsis,terminal_90d_only,soft_spibb,3420,8,CWPDIS,historical_knn,20.0,reported_support_fragile,True
sepsis,terminal_90d_only,soft_spibb,3420,8,DR,historical_knn,20.0,reported_support_fragile,True
sepsis,terminal_90d_only,soft_spibb,3420,8,WDR,historical_knn,20.0,reported_support_fragile,True
sepsis,terminal_90d_only,soft_spibb,3420,8,FQE,historical_knn,20.0,reported_support_fragile,True
sepsis,terminal_90d_only,soft_spibb,3420,8,support_restricted_WPDIS,historical_knn,20.0,reported_support_fragile,True
sepsis,terminal_90d_only,soft_spibb,3420,8,IS,neural_classifier,none,reported_support_fragile,True
sepsis,terminal_90d_only,soft_spibb,3420,8,WIS,neural_classifier,none,reported_support_fragile,True
sepsis,terminal_90d_only,soft_spibb,3420,8,PDIS,neural_classifier,none,reported_support_fragile,True
sepsis,terminal_90d_only,soft_spibb,3420,8,WPDIS,neural_classifier,none,reported_support_fragile,True
sepsis,terminal_90d_only,soft_spibb,3420,8,CWPDIS,neural_classifier,none,reported_support_fragile,True
sepsis,terminal_90d_only,soft_spibb,3420,8,DR,neural_classifier,none,reported_support_fragile,True
sepsis,terminal_90d_only,soft_spibb,3420,8,WDR,neural_classifier,none,reported_support_fragile,True
sepsis,terminal_90d_only,soft_spibb,3420,8,FQE,neural_classifier,none,reported_support_fragile,True
sepsis,terminal_90d_only,soft_spibb,3420,8,support_restricted_WPDIS,neural_classifier,none,reported_support_fragile,True
sepsis,terminal_90d_only,soft_spibb,3420,8,IS,neural_classifier,20.0,reported_support_fragile,True
sepsis,terminal_90d_only,soft_spibb,3420,8,WIS,neural_classifier,20.0,reported_support_fragile,True
sepsis,terminal_90d_only,soft_spibb,3420,8,PDIS,neural_classifier,20.0,reported_support_fragile,True
sepsis,terminal_90d_only,soft_spibb,3420,8,WPDIS,neural_classifier,20.0,reported_support_fragile,True
sepsis,terminal_90d_only,soft_spibb,3420,8,CWPDIS,neural_classifier,20.0,reported_support_fragile,True
sepsis,terminal_90d_only,soft_spibb,3420,8,DR,neural_classifier,20.0,reported_support_fragile,True
sepsis,terminal_90d_only,soft_spibb,3420,8,WDR,neural_classifier,20.0,reported_support_fragile,True
sepsis,terminal_90d_only,soft_spibb,3420,8,FQE,neural_classifier,20.0,reported_support_fragile,True
sepsis,terminal_90d_only,soft_spibb,3420,8,support_restricted_WPDIS,neural_classifier,20.0,reported_support_fragile,True
sepsis,terminal_90d_only,decision_transformer_adapter,3420,1,IS,historical_knn,none,reported_supported,True
sepsis,terminal_90d_only,decision_transformer_adapter,3420,1,WIS,historical_knn,none,reported_supported,True
sepsis,terminal_90d_only,decision_transformer_adapter,3420,1,PDIS,historical_knn,none,reported_supported,True
sepsis,terminal_90d_only,decision_transformer_adapter,3420,1,WPDIS,historical_knn,none,reported_supported,True
sepsis,terminal_90d_only,decision_transformer_adapter,3420,1,CWPDIS,historical_knn,none,reported_supported,True
sepsis,terminal_90d_only,decision_transformer_adapter,3420,1,DR,historical_knn,none,reported_supported,True
sepsis,terminal_90d_only,decision_transformer_adapter,3420,1,WDR,historical_knn,none,reported_supported,True
sepsis,terminal_90d_only,decision_transformer_adapter,3420,1,FQE,historical_knn,none,reported_supported,True
sepsis,terminal_90d_only,decision_transformer_adapter,3420,1,support_restricted_WPDIS,historical_knn,none,reported_supported,True
sepsis,terminal_90d_only,decision_transformer_adapter,3420,1,IS,historical_knn,20.0,reported_supported,True
sepsis,terminal_90d_only,decision_transformer_adapter,3420,1,WIS,historical_knn,20.0,reported_supported,True
sepsis,terminal_90d_only,decision_transformer_adapter,3420,1,PDIS,historical_knn,20.0,reported_supported,True
sepsis,terminal_90d_only,decision_transformer_adapter,3420,1,WPDIS,historical_knn,20.0,reported_supported,True
sepsis,terminal_90d_only,decision_transformer_adapter,3420,1,CWPDIS,historical_knn,20.0,reported_supported,True
sepsis,terminal_90d_only,decision_transformer_adapter,3420,1,DR,historical_knn,20.0,reported_supported,True
sepsis,terminal_90d_only,decision_transformer_adapter,3420,1,WDR,historical_knn,20.0,reported_supported,True
sepsis,terminal_90d_only,decision_transformer_adapter,3420,1,FQE,historical_knn,20.0,reported_supported,True
sepsis,terminal_90d_only,decision_transformer_adapter,3420,1,support_restricted_WPDIS,historical_knn,20.0,reported_supported,True
sepsis,terminal_90d_only,decision_transformer_adapter,3420,1,IS,neural_classifier,none,reported_supported,True
sepsis,terminal_90d_only,decision_transformer_adapter,3420,1,WIS,neural_classifier,none,reported_supported,True
sepsis,terminal_90d_only,decision_transformer_adapter,3420,1,PDIS,neural_classifier,none,reported_supported,True
sepsis,terminal_90d_only,decision_transformer_adapter,3420,1,WPDIS,neural_classifier,none,reported_supported,True
sepsis,terminal_90d_only,decision_transformer_adapter,3420,1,CWPDIS,neural_classifier,none,reported_supported,True
sepsis,terminal_90d_only,decision_transformer_adapter,3420,1,DR,neural_classifier,none,reported_supported,True
sepsis,terminal_90d_only,decision_transformer_adapter,3420,1,WDR,neural_classifier,none,reported_supported,True
sepsis,terminal_90d_only,decision_transformer_adapter,3420,1,FQE,neural_classifier,none,reported_supported,True
sepsis,terminal_90d_only,decision_transformer_adapter,3420,1,support_restricted_WPDIS,neural_classifier,none,reported_supported,True
sepsis,terminal_90d_only,decision_transformer_adapter,3420,1,IS,neural_classifier,20.0,reported_supported,True
sepsis,terminal_90d_only,decision_transformer_adapter,3420,1,WIS,neural_classifier,20.0,reported_supported,True
sepsis,terminal_90d_only,decision_transformer_adapter,3420,1,PDIS,neural_classifier,20.0,reported_supported,True
sepsis,terminal_90d_only,decision_transformer_adapter,3420,1,WPDIS,neural_classifier,20.0,reported_supported,True
sepsis,terminal_90d_only,decision_transformer_adapter,3420,1,CWPDIS,neural_classifier,20.0,reported_supported,True
sepsis,terminal_90d_only,decision_transformer_adapter,3420,1,DR,neural_classifier,20.0,reported_supported,True
sepsis,terminal_90d_only,decision_transformer_adapter,3420,1,WDR,neural_classifier,20.0,reported_supported,True
sepsis,terminal_90d_only,decision_transformer_adapter,3420,1,FQE,neural_classifier,20.0,reported_supported,True
sepsis,terminal_90d_only,decision_transformer_adapter,3420,1,support_restricted_WPDIS,neural_classifier,20.0,reported_supported,True
sepsis,terminal_90d_only,decision_transformer_adapter,3420,4,IS,historical_knn,none,reported_support_fragile,True
sepsis,terminal_90d_only,decision_transformer_adapter,3420,4,WIS,historical_knn,none,reported_support_fragile,True
sepsis,terminal_90d_only,decision_transformer_adapter,3420,4,PDIS,historical_knn,none,reported_support_fragile,True
sepsis,terminal_90d_only,decision_transformer_adapter,3420,4,WPDIS,historical_knn,none,reported_support_fragile,True
sepsis,terminal_90d_only,decision_transformer_adapter,3420,4,CWPDIS,historical_knn,none,reported_support_fragile,True
sepsis,terminal_90d_only,decision_transformer_adapter,3420,4,DR,historical_knn,none,reported_support_fragile,True
sepsis,terminal_90d_only,decision_transformer_adapter,3420,4,WDR,historical_knn,none,reported_support_fragile,True
sepsis,terminal_90d_only,decision_transformer_adapter,3420,4,FQE,historical_knn,none,reported_support_fragile,True
sepsis,terminal_90d_only,decision_transformer_adapter,3420,4,support_restricted_WPDIS,historical_knn,none,reported_support_fragile,True
sepsis,terminal_90d_only,decision_transformer_adapter,3420,4,IS,historical_knn,20.0,reported_support_fragile,True
sepsis,terminal_90d_only,decision_transformer_adapter,3420,4,WIS,historical_knn,20.0,reported_support_fragile,True
sepsis,terminal_90d_only,decision_transformer_adapter,3420,4,PDIS,historical_knn,20.0,reported_support_fragile,True
sepsis,terminal_90d_only,decision_transformer_adapter,3420,4,WPDIS,historical_knn,20.0,reported_support_fragile,True
sepsis,terminal_90d_only,decision_transformer_adapter,3420,4,CWPDIS,historical_knn,20.0,reported_support_fragile,True
sepsis,terminal_90d_only,decision_transformer_adapter,3420,4,DR,historical_knn,20.0,reported_support_fragile,True
sepsis,terminal_90d_only,decision_transformer_adapter,3420,4,WDR,historical_knn,20.0,reported_support_fragile,True
sepsis,terminal_90d_only,decision_transformer_adapter,3420,4,FQE,historical_knn,20.0,reported_support_fragile,True
sepsis,terminal_90d_only,decision_transformer_adapter,3420,4,support_restricted_WPDIS,historical_knn,20.0,reported_support_fragile,True
sepsis,terminal_90d_only,decision_transformer_adapter,3420,4,IS,neural_classifier,none,reported_supported,True
sepsis,terminal_90d_only,decision_transformer_adapter,3420,4,WIS,neural_classifier,none,reported_supported,True
sepsis,terminal_90d_only,decision_transformer_adapter,3420,4,PDIS,neural_classifier,none,reported_supported,True
sepsis,terminal_90d_only,decision_transformer_adapter,3420,4,WPDIS,neural_classifier,none,reported_supported,True
sepsis,terminal_90d_only,decision_transformer_adapter,3420,4,CWPDIS,neural_classifier,none,reported_supported,True
sepsis,terminal_90d_only,decision_transformer_adapter,3420,4,DR,neural_classifier,none,reported_supported,True
sepsis,terminal_90d_only,decision_transformer_adapter,3420,4,WDR,neural_classifier,none,reported_supported,True
sepsis,terminal_90d_only,decision_transformer_adapter,3420,4,FQE,neural_classifier,none,reported_supported,True
sepsis,terminal_90d_only,decision_transformer_adapter,3420,4,support_restricted_WPDIS,neural_classifier,none,reported_supported,True
sepsis,terminal_90d_only,decision_transformer_adapter,3420,4,IS,neural_classifier,20.0,reported_supported,True
sepsis,terminal_90d_only,decision_transformer_adapter,3420,4,WIS,neural_classifier,20.0,reported_supported,True
sepsis,terminal_90d_only,decision_transformer_adapter,3420,4,PDIS,neural_classifier,20.0,reported_supported,True
sepsis,terminal_90d_only,decision_transformer_adapter,3420,4,WPDIS,neural_classifier,20.0,reported_supported,True
sepsis,terminal_90d_only,decision_transformer_adapter,3420,4,CWPDIS,neural_classifier,20.0,reported_supported,True
sepsis,terminal_90d_only,decision_transformer_adapter,3420,4,DR,neural_classifier,20.0,reported_supported,True
sepsis,terminal_90d_only,decision_transformer_adapter,3420,4,WDR,neural_classifier,20.0,reported_supported,True
sepsis,terminal_90d_only,decision_transformer_adapter,3420,4,FQE,neural_classifier,20.0,reported_supported,True
sepsis,terminal_90d_only,decision_transformer_adapter,3420,4,support_restricted_WPDIS,neural_classifier,20.0,reported_supported,True
sepsis,terminal_90d_only,decision_transformer_adapter,3420,8,IS,historical_knn,none,reported_support_fragile,True
sepsis,terminal_90d_only,decision_transformer_adapter,3420,8,WIS,historical_knn,none,reported_support_fragile,True
sepsis,terminal_90d_only,decision_transformer_adapter,3420,8,PDIS,historical_knn,none,reported_support_fragile,True
sepsis,terminal_90d_only,decision_transformer_adapter,3420,8,WPDIS,historical_knn,none,reported_support_fragile,True
sepsis,terminal_90d_only,decision_transformer_adapter,3420,8,CWPDIS,historical_knn,none,reported_support_fragile,True
sepsis,terminal_90d_only,decision_transformer_adapter,3420,8,DR,historical_knn,none,reported_support_fragile,True
sepsis,terminal_90d_only,decision_transformer_adapter,3420,8,WDR,historical_knn,none,reported_support_fragile,True
sepsis,terminal_90d_only,decision_transformer_adapter,3420,8,FQE,historical_knn,none,reported_support_fragile,True
sepsis,terminal_90d_only,decision_transformer_adapter,3420,8,support_restricted_WPDIS,historical_knn,none,reported_support_fragile,True
sepsis,terminal_90d_only,decision_transformer_adapter,3420,8,IS,historical_knn,20.0,reported_support_fragile,True
sepsis,terminal_90d_only,decision_transformer_adapter,3420,8,WIS,historical_knn,20.0,reported_support_fragile,True
sepsis,terminal_90d_only,decision_transformer_adapter,3420,8,PDIS,historical_knn,20.0,reported_support_fragile,True
sepsis,terminal_90d_only,decision_transformer_adapter,3420,8,WPDIS,historical_knn,20.0,reported_support_fragile,True
sepsis,terminal_90d_only,decision_transformer_adapter,3420,8,CWPDIS,historical_knn,20.0,reported_support_fragile,True
sepsis,terminal_90d_only,decision_transformer_adapter,3420,8,DR,historical_knn,20.0,reported_support_fragile,True
sepsis,terminal_90d_only,decision_transformer_adapter,3420,8,WDR,historical_knn,20.0,reported_support_fragile,True
sepsis,terminal_90d_only,decision_transformer_adapter,3420,8,FQE,historical_knn,20.0,reported_support_fragile,True
sepsis,terminal_90d_only,decision_transformer_adapter,3420,8,support_restricted_WPDIS,historical_knn,20.0,reported_support_fragile,True
sepsis,terminal_90d_only,decision_transformer_adapter,3420,8,IS,neural_classifier,none,reported_support_fragile,True
sepsis,terminal_90d_only,decision_transformer_adapter,3420,8,WIS,neural_classifier,none,reported_support_fragile,True
sepsis,terminal_90d_only,decision_transformer_adapter,3420,8,PDIS,neural_classifier,none,reported_support_fragile,True
sepsis,terminal_90d_only,decision_transformer_adapter,3420,8,WPDIS,neural_classifier,none,reported_support_fragile,True
sepsis,terminal_90d_only,decision_transformer_adapter,3420,8,CWPDIS,neural_classifier,none,reported_support_fragile,True
sepsis,terminal_90d_only,decision_transformer_adapter,3420,8,DR,neural_classifier,none,reported_support_fragile,True
sepsis,terminal_90d_only,decision_transformer_adapter,3420,8,WDR,neural_classifier,none,reported_support_fragile,True
sepsis,terminal_90d_only,decision_transformer_adapter,3420,8,FQE,neural_classifier,none,reported_support_fragile,True
sepsis,terminal_90d_only,decision_transformer_adapter,3420,8,support_restricted_WPDIS,neural_classifier,none,reported_support_fragile,True
sepsis,terminal_90d_only,decision_transformer_adapter,3420,8,IS,neural_classifier,20.0,reported_support_fragile,True
sepsis,terminal_90d_only,decision_transformer_adapter,3420,8,WIS,neural_classifier,20.0,reported_support_fragile,True
sepsis,terminal_90d_only,decision_transformer_adapter,3420,8,PDIS,neural_classifier,20.0,reported_support_fragile,True
sepsis,terminal_90d_only,decision_transformer_adapter,3420,8,WPDIS,neural_classifier,20.0,reported_support_fragile,True
sepsis,terminal_90d_only,decision_transformer_adapter,3420,8,CWPDIS,neural_classifier,20.0,reported_support_fragile,True
sepsis,terminal_90d_only,decision_transformer_adapter,3420,8,DR,neural_classifier,20.0,reported_support_fragile,True
sepsis,terminal_90d_only,decision_transformer_adapter,3420,8,WDR,neural_classifier,20.0,reported_support_fragile,True
sepsis,terminal_90d_only,decision_transformer_adapter,3420,8,FQE,neural_classifier,20.0,reported_support_fragile,True
sepsis,terminal_90d_only,decision_transformer_adapter,3420,8,support_restricted_WPDIS,neural_classifier,20.0,reported_support_fragile,True
sepsis,terminal_90d_plus_lactate,behavior_cloning,3408,1,IS,historical_knn,none,reported_support_fragile,True
sepsis,terminal_90d_plus_lactate,behavior_cloning,3408,1,WIS,historical_knn,none,reported_support_fragile,True
sepsis,terminal_90d_plus_lactate,behavior_cloning,3408,1,PDIS,historical_knn,none,reported_support_fragile,True
sepsis,terminal_90d_plus_lactate,behavior_cloning,3408,1,WPDIS,historical_knn,none,reported_support_fragile,True
sepsis,terminal_90d_plus_lactate,behavior_cloning,3408,1,CWPDIS,historical_knn,none,reported_support_fragile,True
sepsis,terminal_90d_plus_lactate,behavior_cloning,3408,1,DR,historical_knn,none,reported_support_fragile,True
sepsis,terminal_90d_plus_lactate,behavior_cloning,3408,1,WDR,historical_knn,none,reported_support_fragile,True
sepsis,terminal_90d_plus_lactate,behavior_cloning,3408,1,FQE,historical_knn,none,reported_support_fragile,True
sepsis,terminal_90d_plus_lactate,behavior_cloning,3408,1,support_restricted_WPDIS,historical_knn,none,reported_support_fragile,True
sepsis,terminal_90d_plus_lactate,behavior_cloning,3408,1,IS,historical_knn,20.0,reported_support_fragile,True
sepsis,terminal_90d_plus_lactate,behavior_cloning,3408,1,WIS,historical_knn,20.0,reported_support_fragile,True
sepsis,terminal_90d_plus_lactate,behavior_cloning,3408,1,PDIS,historical_knn,20.0,reported_support_fragile,True
sepsis,terminal_90d_plus_lactate,behavior_cloning,3408,1,WPDIS,historical_knn,20.0,reported_support_fragile,True
sepsis,terminal_90d_plus_lactate,behavior_cloning,3408,1,CWPDIS,historical_knn,20.0,reported_support_fragile,True
sepsis,terminal_90d_plus_lactate,behavior_cloning,3408,1,DR,historical_knn,20.0,reported_support_fragile,True
sepsis,terminal_90d_plus_lactate,behavior_cloning,3408,1,WDR,historical_knn,20.0,reported_support_fragile,True
sepsis,terminal_90d_plus_lactate,behavior_cloning,3408,1,FQE,historical_knn,20.0,reported_support_fragile,True
sepsis,terminal_90d_plus_lactate,behavior_cloning,3408,1,support_restricted_WPDIS,historical_knn,20.0,reported_support_fragile,True
sepsis,terminal_90d_plus_lactate,behavior_cloning,3408,1,IS,neural_classifier,none,reported_support_fragile,True
sepsis,terminal_90d_plus_lactate,behavior_cloning,3408,1,WIS,neural_classifier,none,reported_support_fragile,True
sepsis,terminal_90d_plus_lactate,behavior_cloning,3408,1,PDIS,neural_classifier,none,reported_support_fragile,True
sepsis,terminal_90d_plus_lactate,behavior_cloning,3408,1,WPDIS,neural_classifier,none,reported_support_fragile,True
sepsis,terminal_90d_plus_lactate,behavior_cloning,3408,1,CWPDIS,neural_classifier,none,reported_support_fragile,True
sepsis,terminal_90d_plus_lactate,behavior_cloning,3408,1,DR,neural_classifier,none,reported_support_fragile,True
sepsis,terminal_90d_plus_lactate,behavior_cloning,3408,1,WDR,neural_classifier,none,reported_support_fragile,True
sepsis,terminal_90d_plus_lactate,behavior_cloning,3408,1,FQE,neural_classifier,none,reported_support_fragile,True
sepsis,terminal_90d_plus_lactate,behavior_cloning,3408,1,support_restricted_WPDIS,neural_classifier,none,reported_support_fragile,True
sepsis,terminal_90d_plus_lactate,behavior_cloning,3408,1,IS,neural_classifier,20.0,reported_support_fragile,True
sepsis,terminal_90d_plus_lactate,behavior_cloning,3408,1,WIS,neural_classifier,20.0,reported_support_fragile,True
sepsis,terminal_90d_plus_lactate,behavior_cloning,3408,1,PDIS,neural_classifier,20.0,reported_support_fragile,True
sepsis,terminal_90d_plus_lactate,behavior_cloning,3408,1,WPDIS,neural_classifier,20.0,reported_support_fragile,True
sepsis,terminal_90d_plus_lactate,behavior_cloning,3408,1,CWPDIS,neural_classifier,20.0,reported_support_fragile,True
sepsis,terminal_90d_plus_lactate,behavior_cloning,3408,1,DR,neural_classifier,20.0,reported_support_fragile,True
sepsis,terminal_90d_plus_lactate,behavior_cloning,3408,1,WDR,neural_classifier,20.0,reported_support_fragile,True
sepsis,terminal_90d_plus_lactate,behavior_cloning,3408,1,FQE,neural_classifier,20.0,reported_support_fragile,True
sepsis,terminal_90d_plus_lactate,behavior_cloning,3408,1,support_restricted_WPDIS,neural_classifier,20.0,reported_support_fragile,True
sepsis,terminal_90d_plus_lactate,behavior_cloning,3408,4,IS,historical_knn,none,reported_support_fragile,True
sepsis,terminal_90d_plus_lactate,behavior_cloning,3408,4,WIS,historical_knn,none,reported_support_fragile,True
sepsis,terminal_90d_plus_lactate,behavior_cloning,3408,4,PDIS,historical_knn,none,reported_support_fragile,True
sepsis,terminal_90d_plus_lactate,behavior_cloning,3408,4,WPDIS,historical_knn,none,reported_support_fragile,True
sepsis,terminal_90d_plus_lactate,behavior_cloning,3408,4,CWPDIS,historical_knn,none,reported_support_fragile,True
sepsis,terminal_90d_plus_lactate,behavior_cloning,3408,4,DR,historical_knn,none,reported_support_fragile,True
sepsis,terminal_90d_plus_lactate,behavior_cloning,3408,4,WDR,historical_knn,none,reported_support_fragile,True
sepsis,terminal_90d_plus_lactate,behavior_cloning,3408,4,FQE,historical_knn,none,reported_support_fragile,True
sepsis,terminal_90d_plus_lactate,behavior_cloning,3408,4,support_restricted_WPDIS,historical_knn,none,reported_support_fragile,True
sepsis,terminal_90d_plus_lactate,behavior_cloning,3408,4,IS,historical_knn,20.0,reported_support_fragile,True
sepsis,terminal_90d_plus_lactate,behavior_cloning,3408,4,WIS,historical_knn,20.0,reported_support_fragile,True
sepsis,terminal_90d_plus_lactate,behavior_cloning,3408,4,PDIS,historical_knn,20.0,reported_support_fragile,True
sepsis,terminal_90d_plus_lactate,behavior_cloning,3408,4,WPDIS,historical_knn,20.0,reported_support_fragile,True
sepsis,terminal_90d_plus_lactate,behavior_cloning,3408,4,CWPDIS,historical_knn,20.0,reported_support_fragile,True
sepsis,terminal_90d_plus_lactate,behavior_cloning,3408,4,DR,historical_knn,20.0,reported_support_fragile,True
sepsis,terminal_90d_plus_lactate,behavior_cloning,3408,4,WDR,historical_knn,20.0,reported_support_fragile,True
sepsis,terminal_90d_plus_lactate,behavior_cloning,3408,4,FQE,historical_knn,20.0,reported_support_fragile,True
sepsis,terminal_90d_plus_lactate,behavior_cloning,3408,4,support_restricted_WPDIS,historical_knn,20.0,reported_support_fragile,True
sepsis,terminal_90d_plus_lactate,behavior_cloning,3408,4,IS,neural_classifier,none,reported_support_fragile,True
sepsis,terminal_90d_plus_lactate,behavior_cloning,3408,4,WIS,neural_classifier,none,reported_support_fragile,True
sepsis,terminal_90d_plus_lactate,behavior_cloning,3408,4,PDIS,neural_classifier,none,reported_support_fragile,True
sepsis,terminal_90d_plus_lactate,behavior_cloning,3408,4,WPDIS,neural_classifier,none,reported_support_fragile,True
sepsis,terminal_90d_plus_lactate,behavior_cloning,3408,4,CWPDIS,neural_classifier,none,reported_support_fragile,True
sepsis,terminal_90d_plus_lactate,behavior_cloning,3408,4,DR,neural_classifier,none,reported_support_fragile,True
sepsis,terminal_90d_plus_lactate,behavior_cloning,3408,4,WDR,neural_classifier,none,reported_support_fragile,True
sepsis,terminal_90d_plus_lactate,behavior_cloning,3408,4,FQE,neural_classifier,none,reported_support_fragile,True
sepsis,terminal_90d_plus_lactate,behavior_cloning,3408,4,support_restricted_WPDIS,neural_classifier,none,reported_support_fragile,True
sepsis,terminal_90d_plus_lactate,behavior_cloning,3408,4,IS,neural_classifier,20.0,reported_support_fragile,True
sepsis,terminal_90d_plus_lactate,behavior_cloning,3408,4,WIS,neural_classifier,20.0,reported_support_fragile,True
sepsis,terminal_90d_plus_lactate,behavior_cloning,3408,4,PDIS,neural_classifier,20.0,reported_support_fragile,True
sepsis,terminal_90d_plus_lactate,behavior_cloning,3408,4,WPDIS,neural_classifier,20.0,reported_support_fragile,True
sepsis,terminal_90d_plus_lactate,behavior_cloning,3408,4,CWPDIS,neural_classifier,20.0,reported_support_fragile,True
sepsis,terminal_90d_plus_lactate,behavior_cloning,3408,4,DR,neural_classifier,20.0,reported_support_fragile,True
sepsis,terminal_90d_plus_lactate,behavior_cloning,3408,4,WDR,neural_classifier,20.0,reported_support_fragile,True
sepsis,terminal_90d_plus_lactate,behavior_cloning,3408,4,FQE,neural_classifier,20.0,reported_support_fragile,True
sepsis,terminal_90d_plus_lactate,behavior_cloning,3408,4,support_restricted_WPDIS,neural_classifier,20.0,reported_support_fragile,True
sepsis,terminal_90d_plus_lactate,behavior_cloning,3408,8,IS,historical_knn,none,reported_support_fragile,True
sepsis,terminal_90d_plus_lactate,behavior_cloning,3408,8,WIS,historical_knn,none,reported_support_fragile,True
sepsis,terminal_90d_plus_lactate,behavior_cloning,3408,8,PDIS,historical_knn,none,reported_support_fragile,True
sepsis,terminal_90d_plus_lactate,behavior_cloning,3408,8,WPDIS,historical_knn,none,reported_support_fragile,True
sepsis,terminal_90d_plus_lactate,behavior_cloning,3408,8,CWPDIS,historical_knn,none,reported_support_fragile,True
sepsis,terminal_90d_plus_lactate,behavior_cloning,3408,8,DR,historical_knn,none,reported_support_fragile,True
sepsis,terminal_90d_plus_lactate,behavior_cloning,3408,8,WDR,historical_knn,none,reported_support_fragile,True
sepsis,terminal_90d_plus_lactate,behavior_cloning,3408,8,FQE,historical_knn,none,reported_support_fragile,True
sepsis,terminal_90d_plus_lactate,behavior_cloning,3408,8,support_restricted_WPDIS,historical_knn,none,reported_support_fragile,True
sepsis,terminal_90d_plus_lactate,behavior_cloning,3408,8,IS,historical_knn,20.0,reported_support_fragile,True
sepsis,terminal_90d_plus_lactate,behavior_cloning,3408,8,WIS,historical_knn,20.0,reported_support_fragile,True
sepsis,terminal_90d_plus_lactate,behavior_cloning,3408,8,PDIS,historical_knn,20.0,reported_support_fragile,True
sepsis,terminal_90d_plus_lactate,behavior_cloning,3408,8,WPDIS,historical_knn,20.0,reported_support_fragile,True
sepsis,terminal_90d_plus_lactate,behavior_cloning,3408,8,CWPDIS,historical_knn,20.0,reported_support_fragile,True
sepsis,terminal_90d_plus_lactate,behavior_cloning,3408,8,DR,historical_knn,20.0,reported_support_fragile,True
sepsis,terminal_90d_plus_lactate,behavior_cloning,3408,8,WDR,historical_knn,20.0,reported_support_fragile,True
sepsis,terminal_90d_plus_lactate,behavior_cloning,3408,8,FQE,historical_knn,20.0,reported_support_fragile,True
sepsis,terminal_90d_plus_lactate,behavior_cloning,3408,8,support_restricted_WPDIS,historical_knn,20.0,reported_support_fragile,True
sepsis,terminal_90d_plus_lactate,behavior_cloning,3408,8,IS,neural_classifier,none,reported_support_fragile,True
sepsis,terminal_90d_plus_lactate,behavior_cloning,3408,8,WIS,neural_classifier,none,reported_support_fragile,True
sepsis,terminal_90d_plus_lactate,behavior_cloning,3408,8,PDIS,neural_classifier,none,reported_support_fragile,True
sepsis,terminal_90d_plus_lactate,behavior_cloning,3408,8,WPDIS,neural_classifier,none,reported_support_fragile,True
sepsis,terminal_90d_plus_lactate,behavior_cloning,3408,8,CWPDIS,neural_classifier,none,reported_support_fragile,True
sepsis,terminal_90d_plus_lactate,behavior_cloning,3408,8,DR,neural_classifier,none,reported_support_fragile,True
sepsis,terminal_90d_plus_lactate,behavior_cloning,3408,8,WDR,neural_classifier,none,reported_support_fragile,True
sepsis,terminal_90d_plus_lactate,behavior_cloning,3408,8,FQE,neural_classifier,none,reported_support_fragile,True
sepsis,terminal_90d_plus_lactate,behavior_cloning,3408,8,support_restricted_WPDIS,neural_classifier,none,reported_support_fragile,True
sepsis,terminal_90d_plus_lactate,behavior_cloning,3408,8,IS,neural_classifier,20.0,reported_support_fragile,True
sepsis,terminal_90d_plus_lactate,behavior_cloning,3408,8,WIS,neural_classifier,20.0,reported_support_fragile,True
sepsis,terminal_90d_plus_lactate,behavior_cloning,3408,8,PDIS,neural_classifier,20.0,reported_support_fragile,True
sepsis,terminal_90d_plus_lactate,behavior_cloning,3408,8,WPDIS,neural_classifier,20.0,reported_support_fragile,True
sepsis,terminal_90d_plus_lactate,behavior_cloning,3408,8,CWPDIS,neural_classifier,20.0,reported_support_fragile,True
sepsis,terminal_90d_plus_lactate,behavior_cloning,3408,8,DR,neural_classifier,20.0,reported_support_fragile,True
sepsis,terminal_90d_plus_lactate,behavior_cloning,3408,8,WDR,neural_classifier,20.0,reported_support_fragile,True
sepsis,terminal_90d_plus_lactate,behavior_cloning,3408,8,FQE,neural_classifier,20.0,reported_support_fragile,True
sepsis,terminal_90d_plus_lactate,behavior_cloning,3408,8,support_restricted_WPDIS,neural_classifier,20.0,reported_support_fragile,True
sepsis,terminal_90d_plus_lactate,discrete_bcq,3408,1,IS,historical_knn,none,reported_support_fragile,True
sepsis,terminal_90d_plus_lactate,discrete_bcq,3408,1,WIS,historical_knn,none,reported_support_fragile,True
sepsis,terminal_90d_plus_lactate,discrete_bcq,3408,1,PDIS,historical_knn,none,reported_support_fragile,True
sepsis,terminal_90d_plus_lactate,discrete_bcq,3408,1,WPDIS,historical_knn,none,reported_support_fragile,True
sepsis,terminal_90d_plus_lactate,discrete_bcq,3408,1,CWPDIS,historical_knn,none,reported_support_fragile,True
sepsis,terminal_90d_plus_lactate,discrete_bcq,3408,1,DR,historical_knn,none,reported_support_fragile,True
sepsis,terminal_90d_plus_lactate,discrete_bcq,3408,1,WDR,historical_knn,none,reported_support_fragile,True
sepsis,terminal_90d_plus_lactate,discrete_bcq,3408,1,FQE,historical_knn,none,reported_support_fragile,True
sepsis,terminal_90d_plus_lactate,discrete_bcq,3408,1,support_restricted_WPDIS,historical_knn,none,reported_support_fragile,True
sepsis,terminal_90d_plus_lactate,discrete_bcq,3408,1,IS,historical_knn,20.0,reported_support_fragile,True
sepsis,terminal_90d_plus_lactate,discrete_bcq,3408,1,WIS,historical_knn,20.0,reported_support_fragile,True
sepsis,terminal_90d_plus_lactate,discrete_bcq,3408,1,PDIS,historical_knn,20.0,reported_support_fragile,True
sepsis,terminal_90d_plus_lactate,discrete_bcq,3408,1,WPDIS,historical_knn,20.0,reported_support_fragile,True
sepsis,terminal_90d_plus_lactate,discrete_bcq,3408,1,CWPDIS,historical_knn,20.0,reported_support_fragile,True
sepsis,terminal_90d_plus_lactate,discrete_bcq,3408,1,DR,historical_knn,20.0,reported_support_fragile,True
sepsis,terminal_90d_plus_lactate,discrete_bcq,3408,1,WDR,historical_knn,20.0,reported_support_fragile,True
sepsis,terminal_90d_plus_lactate,discrete_bcq,3408,1,FQE,historical_knn,20.0,reported_support_fragile,True
sepsis,terminal_90d_plus_lactate,discrete_bcq,3408,1,support_restricted_WPDIS,historical_knn,20.0,reported_support_fragile,True
sepsis,terminal_90d_plus_lactate,discrete_bcq,3408,1,IS,neural_classifier,none,reported_support_fragile,True
sepsis,terminal_90d_plus_lactate,discrete_bcq,3408,1,WIS,neural_classifier,none,reported_support_fragile,True
sepsis,terminal_90d_plus_lactate,discrete_bcq,3408,1,PDIS,neural_classifier,none,reported_support_fragile,True
sepsis,terminal_90d_plus_lactate,discrete_bcq,3408,1,WPDIS,neural_classifier,none,reported_support_fragile,True
sepsis,terminal_90d_plus_lactate,discrete_bcq,3408,1,CWPDIS,neural_classifier,none,reported_support_fragile,True
sepsis,terminal_90d_plus_lactate,discrete_bcq,3408,1,DR,neural_classifier,none,reported_support_fragile,True
sepsis,terminal_90d_plus_lactate,discrete_bcq,3408,1,WDR,neural_classifier,none,reported_support_fragile,True
sepsis,terminal_90d_plus_lactate,discrete_bcq,3408,1,FQE,neural_classifier,none,reported_support_fragile,True
sepsis,terminal_90d_plus_lactate,discrete_bcq,3408,1,support_restricted_WPDIS,neural_classifier,none,reported_support_fragile,True
sepsis,terminal_90d_plus_lactate,discrete_bcq,3408,1,IS,neural_classifier,20.0,reported_support_fragile,True
sepsis,terminal_90d_plus_lactate,discrete_bcq,3408,1,WIS,neural_classifier,20.0,reported_support_fragile,True
sepsis,terminal_90d_plus_lactate,discrete_bcq,3408,1,PDIS,neural_classifier,20.0,reported_support_fragile,True
sepsis,terminal_90d_plus_lactate,discrete_bcq,3408,1,WPDIS,neural_classifier,20.0,reported_support_fragile,True
sepsis,terminal_90d_plus_lactate,discrete_bcq,3408,1,CWPDIS,neural_classifier,20.0,reported_support_fragile,True
sepsis,terminal_90d_plus_lactate,discrete_bcq,3408,1,DR,neural_classifier,20.0,reported_support_fragile,True
sepsis,terminal_90d_plus_lactate,discrete_bcq,3408,1,WDR,neural_classifier,20.0,reported_support_fragile,True
sepsis,terminal_90d_plus_lactate,discrete_bcq,3408,1,FQE,neural_classifier,20.0,reported_support_fragile,True
sepsis,terminal_90d_plus_lactate,discrete_bcq,3408,1,support_restricted_WPDIS,neural_classifier,20.0,reported_support_fragile,True
sepsis,terminal_90d_plus_lactate,discrete_bcq,3408,4,IS,historical_knn,none,reported_support_fragile,True
sepsis,terminal_90d_plus_lactate,discrete_bcq,3408,4,WIS,historical_knn,none,reported_support_fragile,True
sepsis,terminal_90d_plus_lactate,discrete_bcq,3408,4,PDIS,historical_knn,none,reported_support_fragile,True
sepsis,terminal_90d_plus_lactate,discrete_bcq,3408,4,WPDIS,historical_knn,none,reported_support_fragile,True
sepsis,terminal_90d_plus_lactate,discrete_bcq,3408,4,CWPDIS,historical_knn,none,reported_support_fragile,True
sepsis,terminal_90d_plus_lactate,discrete_bcq,3408,4,DR,historical_knn,none,reported_support_fragile,True
sepsis,terminal_90d_plus_lactate,discrete_bcq,3408,4,WDR,historical_knn,none,reported_support_fragile,True
sepsis,terminal_90d_plus_lactate,discrete_bcq,3408,4,FQE,historical_knn,none,reported_support_fragile,True
sepsis,terminal_90d_plus_lactate,discrete_bcq,3408,4,support_restricted_WPDIS,historical_knn,none,reported_support_fragile,True
sepsis,terminal_90d_plus_lactate,discrete_bcq,3408,4,IS,historical_knn,20.0,reported_support_fragile,True
sepsis,terminal_90d_plus_lactate,discrete_bcq,3408,4,WIS,historical_knn,20.0,reported_support_fragile,True
sepsis,terminal_90d_plus_lactate,discrete_bcq,3408,4,PDIS,historical_knn,20.0,reported_support_fragile,True
sepsis,terminal_90d_plus_lactate,discrete_bcq,3408,4,WPDIS,historical_knn,20.0,reported_support_fragile,True
sepsis,terminal_90d_plus_lactate,discrete_bcq,3408,4,CWPDIS,historical_knn,20.0,reported_support_fragile,True
sepsis,terminal_90d_plus_lactate,discrete_bcq,3408,4,DR,historical_knn,20.0,reported_support_fragile,True
sepsis,terminal_90d_plus_lactate,discrete_bcq,3408,4,WDR,historical_knn,20.0,reported_support_fragile,True
sepsis,terminal_90d_plus_lactate,discrete_bcq,3408,4,FQE,historical_knn,20.0,reported_support_fragile,True
sepsis,terminal_90d_plus_lactate,discrete_bcq,3408,4,support_restricted_WPDIS,historical_knn,20.0,reported_support_fragile,True
sepsis,terminal_90d_plus_lactate,discrete_bcq,3408,4,IS,neural_classifier,none,reported_support_fragile,True
sepsis,terminal_90d_plus_lactate,discrete_bcq,3408,4,WIS,neural_classifier,none,reported_support_fragile,True
sepsis,terminal_90d_plus_lactate,discrete_bcq,3408,4,PDIS,neural_classifier,none,reported_support_fragile,True
sepsis,terminal_90d_plus_lactate,discrete_bcq,3408,4,WPDIS,neural_classifier,none,reported_support_fragile,True
sepsis,terminal_90d_plus_lactate,discrete_bcq,3408,4,CWPDIS,neural_classifier,none,reported_support_fragile,True
sepsis,terminal_90d_plus_lactate,discrete_bcq,3408,4,DR,neural_classifier,none,reported_support_fragile,True
sepsis,terminal_90d_plus_lactate,discrete_bcq,3408,4,WDR,neural_classifier,none,reported_support_fragile,True
sepsis,terminal_90d_plus_lactate,discrete_bcq,3408,4,FQE,neural_classifier,none,reported_support_fragile,True
sepsis,terminal_90d_plus_lactate,discrete_bcq,3408,4,support_restricted_WPDIS,neural_classifier,none,reported_support_fragile,True
sepsis,terminal_90d_plus_lactate,discrete_bcq,3408,4,IS,neural_classifier,20.0,reported_support_fragile,True
sepsis,terminal_90d_plus_lactate,discrete_bcq,3408,4,WIS,neural_classifier,20.0,reported_support_fragile,True
sepsis,terminal_90d_plus_lactate,discrete_bcq,3408,4,PDIS,neural_classifier,20.0,reported_support_fragile,True
sepsis,terminal_90d_plus_lactate,discrete_bcq,3408,4,WPDIS,neural_classifier,20.0,reported_support_fragile,True
sepsis,terminal_90d_plus_lactate,discrete_bcq,3408,4,CWPDIS,neural_classifier,20.0,reported_support_fragile,True
sepsis,terminal_90d_plus_lactate,discrete_bcq,3408,4,DR,neural_classifier,20.0,reported_support_fragile,True
sepsis,terminal_90d_plus_lactate,discrete_bcq,3408,4,WDR,neural_classifier,20.0,reported_support_fragile,True
sepsis,terminal_90d_plus_lactate,discrete_bcq,3408,4,FQE,neural_classifier,20.0,reported_support_fragile,True
sepsis,terminal_90d_plus_lactate,discrete_bcq,3408,4,support_restricted_WPDIS,neural_classifier,20.0,reported_support_fragile,True
sepsis,terminal_90d_plus_lactate,discrete_bcq,3408,8,IS,historical_knn,none,reported_support_fragile,True
sepsis,terminal_90d_plus_lactate,discrete_bcq,3408,8,WIS,historical_knn,none,reported_support_fragile,True
sepsis,terminal_90d_plus_lactate,discrete_bcq,3408,8,PDIS,historical_knn,none,reported_support_fragile,True
sepsis,terminal_90d_plus_lactate,discrete_bcq,3408,8,WPDIS,historical_knn,none,reported_support_fragile,True
sepsis,terminal_90d_plus_lactate,discrete_bcq,3408,8,CWPDIS,historical_knn,none,reported_support_fragile,True
sepsis,terminal_90d_plus_lactate,discrete_bcq,3408,8,DR,historical_knn,none,reported_support_fragile,True
sepsis,terminal_90d_plus_lactate,discrete_bcq,3408,8,WDR,historical_knn,none,reported_support_fragile,True
sepsis,terminal_90d_plus_lactate,discrete_bcq,3408,8,FQE,historical_knn,none,reported_support_fragile,True
sepsis,terminal_90d_plus_lactate,discrete_bcq,3408,8,support_restricted_WPDIS,historical_knn,none,reported_support_fragile,True
sepsis,terminal_90d_plus_lactate,discrete_bcq,3408,8,IS,historical_knn,20.0,reported_support_fragile,True
sepsis,terminal_90d_plus_lactate,discrete_bcq,3408,8,WIS,historical_knn,20.0,reported_support_fragile,True
sepsis,terminal_90d_plus_lactate,discrete_bcq,3408,8,PDIS,historical_knn,20.0,reported_support_fragile,True
sepsis,terminal_90d_plus_lactate,discrete_bcq,3408,8,WPDIS,historical_knn,20.0,reported_support_fragile,True
sepsis,terminal_90d_plus_lactate,discrete_bcq,3408,8,CWPDIS,historical_knn,20.0,reported_support_fragile,True
sepsis,terminal_90d_plus_lactate,discrete_bcq,3408,8,DR,historical_knn,20.0,reported_support_fragile,True
sepsis,terminal_90d_plus_lactate,discrete_bcq,3408,8,WDR,historical_knn,20.0,reported_support_fragile,True
sepsis,terminal_90d_plus_lactate,discrete_bcq,3408,8,FQE,historical_knn,20.0,reported_support_fragile,True
sepsis,terminal_90d_plus_lactate,discrete_bcq,3408,8,support_restricted_WPDIS,historical_knn,20.0,reported_support_fragile,True
sepsis,terminal_90d_plus_lactate,discrete_bcq,3408,8,IS,neural_classifier,none,reported_support_fragile,True
sepsis,terminal_90d_plus_lactate,discrete_bcq,3408,8,WIS,neural_classifier,none,reported_support_fragile,True
sepsis,terminal_90d_plus_lactate,discrete_bcq,3408,8,PDIS,neural_classifier,none,reported_support_fragile,True
sepsis,terminal_90d_plus_lactate,discrete_bcq,3408,8,WPDIS,neural_classifier,none,reported_support_fragile,True
sepsis,terminal_90d_plus_lactate,discrete_bcq,3408,8,CWPDIS,neural_classifier,none,reported_support_fragile,True
sepsis,terminal_90d_plus_lactate,discrete_bcq,3408,8,DR,neural_classifier,none,reported_support_fragile,True
sepsis,terminal_90d_plus_lactate,discrete_bcq,3408,8,WDR,neural_classifier,none,reported_support_fragile,True
sepsis,terminal_90d_plus_lactate,discrete_bcq,3408,8,FQE,neural_classifier,none,reported_support_fragile,True
sepsis,terminal_90d_plus_lactate,discrete_bcq,3408,8,support_restricted_WPDIS,neural_classifier,none,reported_support_fragile,True
sepsis,terminal_90d_plus_lactate,discrete_bcq,3408,8,IS,neural_classifier,20.0,reported_support_fragile,True
sepsis,terminal_90d_plus_lactate,discrete_bcq,3408,8,WIS,neural_classifier,20.0,reported_support_fragile,True
sepsis,terminal_90d_plus_lactate,discrete_bcq,3408,8,PDIS,neural_classifier,20.0,reported_support_fragile,True
sepsis,terminal_90d_plus_lactate,discrete_bcq,3408,8,WPDIS,neural_classifier,20.0,reported_support_fragile,True
sepsis,terminal_90d_plus_lactate,discrete_bcq,3408,8,CWPDIS,neural_classifier,20.0,reported_support_fragile,True
sepsis,terminal_90d_plus_lactate,discrete_bcq,3408,8,DR,neural_classifier,20.0,reported_support_fragile,True
sepsis,terminal_90d_plus_lactate,discrete_bcq,3408,8,WDR,neural_classifier,20.0,reported_support_fragile,True
sepsis,terminal_90d_plus_lactate,discrete_bcq,3408,8,FQE,neural_classifier,20.0,reported_support_fragile,True
sepsis,terminal_90d_plus_lactate,discrete_bcq,3408,8,support_restricted_WPDIS,neural_classifier,20.0,reported_support_fragile,True
sepsis,terminal_90d_plus_lactate,discrete_cql,3408,1,IS,historical_knn,none,reported_support_fragile,True
sepsis,terminal_90d_plus_lactate,discrete_cql,3408,1,WIS,historical_knn,none,reported_support_fragile,True
sepsis,terminal_90d_plus_lactate,discrete_cql,3408,1,PDIS,historical_knn,none,reported_support_fragile,True
sepsis,terminal_90d_plus_lactate,discrete_cql,3408,1,WPDIS,historical_knn,none,reported_support_fragile,True
sepsis,terminal_90d_plus_lactate,discrete_cql,3408,1,CWPDIS,historical_knn,none,reported_support_fragile,True
sepsis,terminal_90d_plus_lactate,discrete_cql,3408,1,DR,historical_knn,none,reported_support_fragile,True
sepsis,terminal_90d_plus_lactate,discrete_cql,3408,1,WDR,historical_knn,none,reported_support_fragile,True
sepsis,terminal_90d_plus_lactate,discrete_cql,3408,1,FQE,historical_knn,none,reported_support_fragile,True
sepsis,terminal_90d_plus_lactate,discrete_cql,3408,1,support_restricted_WPDIS,historical_knn,none,reported_support_fragile,True
sepsis,terminal_90d_plus_lactate,discrete_cql,3408,1,IS,historical_knn,20.0,reported_support_fragile,True
sepsis,terminal_90d_plus_lactate,discrete_cql,3408,1,WIS,historical_knn,20.0,reported_support_fragile,True
sepsis,terminal_90d_plus_lactate,discrete_cql,3408,1,PDIS,historical_knn,20.0,reported_support_fragile,True
sepsis,terminal_90d_plus_lactate,discrete_cql,3408,1,WPDIS,historical_knn,20.0,reported_support_fragile,True
sepsis,terminal_90d_plus_lactate,discrete_cql,3408,1,CWPDIS,historical_knn,20.0,reported_support_fragile,True
sepsis,terminal_90d_plus_lactate,discrete_cql,3408,1,DR,historical_knn,20.0,reported_support_fragile,True
sepsis,terminal_90d_plus_lactate,discrete_cql,3408,1,WDR,historical_knn,20.0,reported_support_fragile,True
sepsis,terminal_90d_plus_lactate,discrete_cql,3408,1,FQE,historical_knn,20.0,reported_support_fragile,True
sepsis,terminal_90d_plus_lactate,discrete_cql,3408,1,support_restricted_WPDIS,historical_knn,20.0,reported_support_fragile,True
sepsis,terminal_90d_plus_lactate,discrete_cql,3408,1,IS,neural_classifier,none,reported_support_fragile,True
sepsis,terminal_90d_plus_lactate,discrete_cql,3408,1,WIS,neural_classifier,none,reported_support_fragile,True
sepsis,terminal_90d_plus_lactate,discrete_cql,3408,1,PDIS,neural_classifier,none,reported_support_fragile,True
sepsis,terminal_90d_plus_lactate,discrete_cql,3408,1,WPDIS,neural_classifier,none,reported_support_fragile,True
sepsis,terminal_90d_plus_lactate,discrete_cql,3408,1,CWPDIS,neural_classifier,none,reported_support_fragile,True
sepsis,terminal_90d_plus_lactate,discrete_cql,3408,1,DR,neural_classifier,none,reported_support_fragile,True
sepsis,terminal_90d_plus_lactate,discrete_cql,3408,1,WDR,neural_classifier,none,reported_support_fragile,True
sepsis,terminal_90d_plus_lactate,discrete_cql,3408,1,FQE,neural_classifier,none,reported_support_fragile,True
sepsis,terminal_90d_plus_lactate,discrete_cql,3408,1,support_restricted_WPDIS,neural_classifier,none,reported_support_fragile,True
sepsis,terminal_90d_plus_lactate,discrete_cql,3408,1,IS,neural_classifier,20.0,reported_support_fragile,True
sepsis,terminal_90d_plus_lactate,discrete_cql,3408,1,WIS,neural_classifier,20.0,reported_support_fragile,True
sepsis,terminal_90d_plus_lactate,discrete_cql,3408,1,PDIS,neural_classifier,20.0,reported_support_fragile,True
sepsis,terminal_90d_plus_lactate,discrete_cql,3408,1,WPDIS,neural_classifier,20.0,reported_support_fragile,True
sepsis,terminal_90d_plus_lactate,discrete_cql,3408,1,CWPDIS,neural_classifier,20.0,reported_support_fragile,True
sepsis,terminal_90d_plus_lactate,discrete_cql,3408,1,DR,neural_classifier,20.0,reported_support_fragile,True
sepsis,terminal_90d_plus_lactate,discrete_cql,3408,1,WDR,neural_classifier,20.0,reported_support_fragile,True
sepsis,terminal_90d_plus_lactate,discrete_cql,3408,1,FQE,neural_classifier,20.0,reported_support_fragile,True
sepsis,terminal_90d_plus_lactate,discrete_cql,3408,1,support_restricted_WPDIS,neural_classifier,20.0,reported_support_fragile,True
sepsis,terminal_90d_plus_lactate,discrete_cql,3408,4,IS,historical_knn,none,reported_support_fragile,True
sepsis,terminal_90d_plus_lactate,discrete_cql,3408,4,WIS,historical_knn,none,reported_support_fragile,True
sepsis,terminal_90d_plus_lactate,discrete_cql,3408,4,PDIS,historical_knn,none,reported_support_fragile,True
sepsis,terminal_90d_plus_lactate,discrete_cql,3408,4,WPDIS,historical_knn,none,reported_support_fragile,True
sepsis,terminal_90d_plus_lactate,discrete_cql,3408,4,CWPDIS,historical_knn,none,reported_support_fragile,True
sepsis,terminal_90d_plus_lactate,discrete_cql,3408,4,DR,historical_knn,none,reported_support_fragile,True
sepsis,terminal_90d_plus_lactate,discrete_cql,3408,4,WDR,historical_knn,none,reported_support_fragile,True
sepsis,terminal_90d_plus_lactate,discrete_cql,3408,4,FQE,historical_knn,none,reported_support_fragile,True
sepsis,terminal_90d_plus_lactate,discrete_cql,3408,4,support_restricted_WPDIS,historical_knn,none,reported_support_fragile,True
sepsis,terminal_90d_plus_lactate,discrete_cql,3408,4,IS,historical_knn,20.0,reported_support_fragile,True
sepsis,terminal_90d_plus_lactate,discrete_cql,3408,4,WIS,historical_knn,20.0,reported_support_fragile,True
sepsis,terminal_90d_plus_lactate,discrete_cql,3408,4,PDIS,historical_knn,20.0,reported_support_fragile,True
sepsis,terminal_90d_plus_lactate,discrete_cql,3408,4,WPDIS,historical_knn,20.0,reported_support_fragile,True
sepsis,terminal_90d_plus_lactate,discrete_cql,3408,4,CWPDIS,historical_knn,20.0,reported_support_fragile,True
sepsis,terminal_90d_plus_lactate,discrete_cql,3408,4,DR,historical_knn,20.0,reported_support_fragile,True
sepsis,terminal_90d_plus_lactate,discrete_cql,3408,4,WDR,historical_knn,20.0,reported_support_fragile,True
sepsis,terminal_90d_plus_lactate,discrete_cql,3408,4,FQE,historical_knn,20.0,reported_support_fragile,True
sepsis,terminal_90d_plus_lactate,discrete_cql,3408,4,support_restricted_WPDIS,historical_knn,20.0,reported_support_fragile,True
sepsis,terminal_90d_plus_lactate,discrete_cql,3408,4,IS,neural_classifier,none,reported_support_fragile,True
sepsis,terminal_90d_plus_lactate,discrete_cql,3408,4,WIS,neural_classifier,none,reported_support_fragile,True
sepsis,terminal_90d_plus_lactate,discrete_cql,3408,4,PDIS,neural_classifier,none,reported_support_fragile,True
sepsis,terminal_90d_plus_lactate,discrete_cql,3408,4,WPDIS,neural_classifier,none,reported_support_fragile,True
sepsis,terminal_90d_plus_lactate,discrete_cql,3408,4,CWPDIS,neural_classifier,none,reported_support_fragile,True
sepsis,terminal_90d_plus_lactate,discrete_cql,3408,4,DR,neural_classifier,none,reported_support_fragile,True
sepsis,terminal_90d_plus_lactate,discrete_cql,3408,4,WDR,neural_classifier,none,reported_support_fragile,True
sepsis,terminal_90d_plus_lactate,discrete_cql,3408,4,FQE,neural_classifier,none,reported_support_fragile,True
sepsis,terminal_90d_plus_lactate,discrete_cql,3408,4,support_restricted_WPDIS,neural_classifier,none,reported_support_fragile,True
sepsis,terminal_90d_plus_lactate,discrete_cql,3408,4,IS,neural_classifier,20.0,reported_support_fragile,True
sepsis,terminal_90d_plus_lactate,discrete_cql,3408,4,WIS,neural_classifier,20.0,reported_support_fragile,True
sepsis,terminal_90d_plus_lactate,discrete_cql,3408,4,PDIS,neural_classifier,20.0,reported_support_fragile,True
sepsis,terminal_90d_plus_lactate,discrete_cql,3408,4,WPDIS,neural_classifier,20.0,reported_support_fragile,True
sepsis,terminal_90d_plus_lactate,discrete_cql,3408,4,CWPDIS,neural_classifier,20.0,reported_support_fragile,True
sepsis,terminal_90d_plus_lactate,discrete_cql,3408,4,DR,neural_classifier,20.0,reported_support_fragile,True
sepsis,terminal_90d_plus_lactate,discrete_cql,3408,4,WDR,neural_classifier,20.0,reported_support_fragile,True
sepsis,terminal_90d_plus_lactate,discrete_cql,3408,4,FQE,neural_classifier,20.0,reported_support_fragile,True
sepsis,terminal_90d_plus_lactate,discrete_cql,3408,4,support_restricted_WPDIS,neural_classifier,20.0,reported_support_fragile,True
sepsis,terminal_90d_plus_lactate,discrete_cql,3408,8,IS,historical_knn,none,reported_support_fragile,True
sepsis,terminal_90d_plus_lactate,discrete_cql,3408,8,WIS,historical_knn,none,reported_support_fragile,True
sepsis,terminal_90d_plus_lactate,discrete_cql,3408,8,PDIS,historical_knn,none,reported_support_fragile,True
sepsis,terminal_90d_plus_lactate,discrete_cql,3408,8,WPDIS,historical_knn,none,reported_support_fragile,True
sepsis,terminal_90d_plus_lactate,discrete_cql,3408,8,CWPDIS,historical_knn,none,reported_support_fragile,True
sepsis,terminal_90d_plus_lactate,discrete_cql,3408,8,DR,historical_knn,none,reported_support_fragile,True
sepsis,terminal_90d_plus_lactate,discrete_cql,3408,8,WDR,historical_knn,none,reported_support_fragile,True
sepsis,terminal_90d_plus_lactate,discrete_cql,3408,8,FQE,historical_knn,none,reported_support_fragile,True
sepsis,terminal_90d_plus_lactate,discrete_cql,3408,8,support_restricted_WPDIS,historical_knn,none,reported_support_fragile,True
sepsis,terminal_90d_plus_lactate,discrete_cql,3408,8,IS,historical_knn,20.0,reported_support_fragile,True
sepsis,terminal_90d_plus_lactate,discrete_cql,3408,8,WIS,historical_knn,20.0,reported_support_fragile,True
sepsis,terminal_90d_plus_lactate,discrete_cql,3408,8,PDIS,historical_knn,20.0,reported_support_fragile,True
sepsis,terminal_90d_plus_lactate,discrete_cql,3408,8,WPDIS,historical_knn,20.0,reported_support_fragile,True
sepsis,terminal_90d_plus_lactate,discrete_cql,3408,8,CWPDIS,historical_knn,20.0,reported_support_fragile,True
sepsis,terminal_90d_plus_lactate,discrete_cql,3408,8,DR,historical_knn,20.0,reported_support_fragile,True
sepsis,terminal_90d_plus_lactate,discrete_cql,3408,8,WDR,historical_knn,20.0,reported_support_fragile,True
sepsis,terminal_90d_plus_lactate,discrete_cql,3408,8,FQE,historical_knn,20.0,reported_support_fragile,True
sepsis,terminal_90d_plus_lactate,discrete_cql,3408,8,support_restricted_WPDIS,historical_knn,20.0,reported_support_fragile,True
sepsis,terminal_90d_plus_lactate,discrete_cql,3408,8,IS,neural_classifier,none,reported_support_fragile,True
sepsis,terminal_90d_plus_lactate,discrete_cql,3408,8,WIS,neural_classifier,none,reported_support_fragile,True
sepsis,terminal_90d_plus_lactate,discrete_cql,3408,8,PDIS,neural_classifier,none,reported_support_fragile,True
sepsis,terminal_90d_plus_lactate,discrete_cql,3408,8,WPDIS,neural_classifier,none,reported_support_fragile,True
sepsis,terminal_90d_plus_lactate,discrete_cql,3408,8,CWPDIS,neural_classifier,none,reported_support_fragile,True
sepsis,terminal_90d_plus_lactate,discrete_cql,3408,8,DR,neural_classifier,none,reported_support_fragile,True
sepsis,terminal_90d_plus_lactate,discrete_cql,3408,8,WDR,neural_classifier,none,reported_support_fragile,True
sepsis,terminal_90d_plus_lactate,discrete_cql,3408,8,FQE,neural_classifier,none,reported_support_fragile,True
sepsis,terminal_90d_plus_lactate,discrete_cql,3408,8,support_restricted_WPDIS,neural_classifier,none,reported_support_fragile,True
sepsis,terminal_90d_plus_lactate,discrete_cql,3408,8,IS,neural_classifier,20.0,reported_support_fragile,True
sepsis,terminal_90d_plus_lactate,discrete_cql,3408,8,WIS,neural_classifier,20.0,reported_support_fragile,True
sepsis,terminal_90d_plus_lactate,discrete_cql,3408,8,PDIS,neural_classifier,20.0,reported_support_fragile,True
sepsis,terminal_90d_plus_lactate,discrete_cql,3408,8,WPDIS,neural_classifier,20.0,reported_support_fragile,True
sepsis,terminal_90d_plus_lactate,discrete_cql,3408,8,CWPDIS,neural_classifier,20.0,reported_support_fragile,True
sepsis,terminal_90d_plus_lactate,discrete_cql,3408,8,DR,neural_classifier,20.0,reported_support_fragile,True
sepsis,terminal_90d_plus_lactate,discrete_cql,3408,8,WDR,neural_classifier,20.0,reported_support_fragile,True
sepsis,terminal_90d_plus_lactate,discrete_cql,3408,8,FQE,neural_classifier,20.0,reported_support_fragile,True
sepsis,terminal_90d_plus_lactate,discrete_cql,3408,8,support_restricted_WPDIS,neural_classifier,20.0,reported_support_fragile,True
sepsis,terminal_90d_plus_lactate,soft_spibb,3408,1,IS,historical_knn,none,reported_support_fragile,True
sepsis,terminal_90d_plus_lactate,soft_spibb,3408,1,WIS,historical_knn,none,reported_support_fragile,True
sepsis,terminal_90d_plus_lactate,soft_spibb,3408,1,PDIS,historical_knn,none,reported_support_fragile,True
sepsis,terminal_90d_plus_lactate,soft_spibb,3408,1,WPDIS,historical_knn,none,reported_support_fragile,True
sepsis,terminal_90d_plus_lactate,soft_spibb,3408,1,CWPDIS,historical_knn,none,reported_support_fragile,True
sepsis,terminal_90d_plus_lactate,soft_spibb,3408,1,DR,historical_knn,none,reported_support_fragile,True
sepsis,terminal_90d_plus_lactate,soft_spibb,3408,1,WDR,historical_knn,none,reported_support_fragile,True
sepsis,terminal_90d_plus_lactate,soft_spibb,3408,1,FQE,historical_knn,none,reported_support_fragile,True
sepsis,terminal_90d_plus_lactate,soft_spibb,3408,1,support_restricted_WPDIS,historical_knn,none,reported_support_fragile,True
sepsis,terminal_90d_plus_lactate,soft_spibb,3408,1,IS,historical_knn,20.0,reported_support_fragile,True
sepsis,terminal_90d_plus_lactate,soft_spibb,3408,1,WIS,historical_knn,20.0,reported_support_fragile,True
sepsis,terminal_90d_plus_lactate,soft_spibb,3408,1,PDIS,historical_knn,20.0,reported_support_fragile,True
sepsis,terminal_90d_plus_lactate,soft_spibb,3408,1,WPDIS,historical_knn,20.0,reported_support_fragile,True
sepsis,terminal_90d_plus_lactate,soft_spibb,3408,1,CWPDIS,historical_knn,20.0,reported_support_fragile,True
sepsis,terminal_90d_plus_lactate,soft_spibb,3408,1,DR,historical_knn,20.0,reported_support_fragile,True
sepsis,terminal_90d_plus_lactate,soft_spibb,3408,1,WDR,historical_knn,20.0,reported_support_fragile,True
sepsis,terminal_90d_plus_lactate,soft_spibb,3408,1,FQE,historical_knn,20.0,reported_support_fragile,True
sepsis,terminal_90d_plus_lactate,soft_spibb,3408,1,support_restricted_WPDIS,historical_knn,20.0,reported_support_fragile,True
sepsis,terminal_90d_plus_lactate,soft_spibb,3408,1,IS,neural_classifier,none,reported_support_fragile,True
sepsis,terminal_90d_plus_lactate,soft_spibb,3408,1,WIS,neural_classifier,none,reported_support_fragile,True
sepsis,terminal_90d_plus_lactate,soft_spibb,3408,1,PDIS,neural_classifier,none,reported_support_fragile,True
sepsis,terminal_90d_plus_lactate,soft_spibb,3408,1,WPDIS,neural_classifier,none,reported_support_fragile,True
sepsis,terminal_90d_plus_lactate,soft_spibb,3408,1,CWPDIS,neural_classifier,none,reported_support_fragile,True
sepsis,terminal_90d_plus_lactate,soft_spibb,3408,1,DR,neural_classifier,none,reported_support_fragile,True
sepsis,terminal_90d_plus_lactate,soft_spibb,3408,1,WDR,neural_classifier,none,reported_support_fragile,True
sepsis,terminal_90d_plus_lactate,soft_spibb,3408,1,FQE,neural_classifier,none,reported_support_fragile,True
sepsis,terminal_90d_plus_lactate,soft_spibb,3408,1,support_restricted_WPDIS,neural_classifier,none,reported_support_fragile,True
sepsis,terminal_90d_plus_lactate,soft_spibb,3408,1,IS,neural_classifier,20.0,reported_support_fragile,True
sepsis,terminal_90d_plus_lactate,soft_spibb,3408,1,WIS,neural_classifier,20.0,reported_support_fragile,True
sepsis,terminal_90d_plus_lactate,soft_spibb,3408,1,PDIS,neural_classifier,20.0,reported_support_fragile,True
sepsis,terminal_90d_plus_lactate,soft_spibb,3408,1,WPDIS,neural_classifier,20.0,reported_support_fragile,True
sepsis,terminal_90d_plus_lactate,soft_spibb,3408,1,CWPDIS,neural_classifier,20.0,reported_support_fragile,True
sepsis,terminal_90d_plus_lactate,soft_spibb,3408,1,DR,neural_classifier,20.0,reported_support_fragile,True
sepsis,terminal_90d_plus_lactate,soft_spibb,3408,1,WDR,neural_classifier,20.0,reported_support_fragile,True
sepsis,terminal_90d_plus_lactate,soft_spibb,3408,1,FQE,neural_classifier,20.0,reported_support_fragile,True
sepsis,terminal_90d_plus_lactate,soft_spibb,3408,1,support_restricted_WPDIS,neural_classifier,20.0,reported_support_fragile,True
sepsis,terminal_90d_plus_lactate,soft_spibb,3408,4,IS,historical_knn,none,reported_support_fragile,True
sepsis,terminal_90d_plus_lactate,soft_spibb,3408,4,WIS,historical_knn,none,reported_support_fragile,True
sepsis,terminal_90d_plus_lactate,soft_spibb,3408,4,PDIS,historical_knn,none,reported_support_fragile,True
sepsis,terminal_90d_plus_lactate,soft_spibb,3408,4,WPDIS,historical_knn,none,reported_support_fragile,True
sepsis,terminal_90d_plus_lactate,soft_spibb,3408,4,CWPDIS,historical_knn,none,reported_support_fragile,True
sepsis,terminal_90d_plus_lactate,soft_spibb,3408,4,DR,historical_knn,none,reported_support_fragile,True
sepsis,terminal_90d_plus_lactate,soft_spibb,3408,4,WDR,historical_knn,none,reported_support_fragile,True
sepsis,terminal_90d_plus_lactate,soft_spibb,3408,4,FQE,historical_knn,none,reported_support_fragile,True
sepsis,terminal_90d_plus_lactate,soft_spibb,3408,4,support_restricted_WPDIS,historical_knn,none,reported_support_fragile,True
sepsis,terminal_90d_plus_lactate,soft_spibb,3408,4,IS,historical_knn,20.0,reported_support_fragile,True
sepsis,terminal_90d_plus_lactate,soft_spibb,3408,4,WIS,historical_knn,20.0,reported_support_fragile,True
sepsis,terminal_90d_plus_lactate,soft_spibb,3408,4,PDIS,historical_knn,20.0,reported_support_fragile,True
sepsis,terminal_90d_plus_lactate,soft_spibb,3408,4,WPDIS,historical_knn,20.0,reported_support_fragile,True
sepsis,terminal_90d_plus_lactate,soft_spibb,3408,4,CWPDIS,historical_knn,20.0,reported_support_fragile,True
sepsis,terminal_90d_plus_lactate,soft_spibb,3408,4,DR,historical_knn,20.0,reported_support_fragile,True
sepsis,terminal_90d_plus_lactate,soft_spibb,3408,4,WDR,historical_knn,20.0,reported_support_fragile,True
sepsis,terminal_90d_plus_lactate,soft_spibb,3408,4,FQE,historical_knn,20.0,reported_support_fragile,True
sepsis,terminal_90d_plus_lactate,soft_spibb,3408,4,support_restricted_WPDIS,historical_knn,20.0,reported_support_fragile,True
sepsis,terminal_90d_plus_lactate,soft_spibb,3408,4,IS,neural_classifier,none,reported_support_fragile,True
sepsis,terminal_90d_plus_lactate,soft_spibb,3408,4,WIS,neural_classifier,none,reported_support_fragile,True
sepsis,terminal_90d_plus_lactate,soft_spibb,3408,4,PDIS,neural_classifier,none,reported_support_fragile,True
sepsis,terminal_90d_plus_lactate,soft_spibb,3408,4,WPDIS,neural_classifier,none,reported_support_fragile,True
sepsis,terminal_90d_plus_lactate,soft_spibb,3408,4,CWPDIS,neural_classifier,none,reported_support_fragile,True
sepsis,terminal_90d_plus_lactate,soft_spibb,3408,4,DR,neural_classifier,none,reported_support_fragile,True
sepsis,terminal_90d_plus_lactate,soft_spibb,3408,4,WDR,neural_classifier,none,reported_support_fragile,True
sepsis,terminal_90d_plus_lactate,soft_spibb,3408,4,FQE,neural_classifier,none,reported_support_fragile,True
sepsis,terminal_90d_plus_lactate,soft_spibb,3408,4,support_restricted_WPDIS,neural_classifier,none,reported_support_fragile,True
sepsis,terminal_90d_plus_lactate,soft_spibb,3408,4,IS,neural_classifier,20.0,reported_support_fragile,True
sepsis,terminal_90d_plus_lactate,soft_spibb,3408,4,WIS,neural_classifier,20.0,reported_support_fragile,True
sepsis,terminal_90d_plus_lactate,soft_spibb,3408,4,PDIS,neural_classifier,20.0,reported_support_fragile,True
sepsis,terminal_90d_plus_lactate,soft_spibb,3408,4,WPDIS,neural_classifier,20.0,reported_support_fragile,True
sepsis,terminal_90d_plus_lactate,soft_spibb,3408,4,CWPDIS,neural_classifier,20.0,reported_support_fragile,True
sepsis,terminal_90d_plus_lactate,soft_spibb,3408,4,DR,neural_classifier,20.0,reported_support_fragile,True
sepsis,terminal_90d_plus_lactate,soft_spibb,3408,4,WDR,neural_classifier,20.0,reported_support_fragile,True
sepsis,terminal_90d_plus_lactate,soft_spibb,3408,4,FQE,neural_classifier,20.0,reported_support_fragile,True
sepsis,terminal_90d_plus_lactate,soft_spibb,3408,4,support_restricted_WPDIS,neural_classifier,20.0,reported_support_fragile,True
sepsis,terminal_90d_plus_lactate,soft_spibb,3408,8,IS,historical_knn,none,reported_support_fragile,True
sepsis,terminal_90d_plus_lactate,soft_spibb,3408,8,WIS,historical_knn,none,reported_support_fragile,True
sepsis,terminal_90d_plus_lactate,soft_spibb,3408,8,PDIS,historical_knn,none,reported_support_fragile,True
sepsis,terminal_90d_plus_lactate,soft_spibb,3408,8,WPDIS,historical_knn,none,reported_support_fragile,True
sepsis,terminal_90d_plus_lactate,soft_spibb,3408,8,CWPDIS,historical_knn,none,reported_support_fragile,True
sepsis,terminal_90d_plus_lactate,soft_spibb,3408,8,DR,historical_knn,none,reported_support_fragile,True
sepsis,terminal_90d_plus_lactate,soft_spibb,3408,8,WDR,historical_knn,none,reported_support_fragile,True
sepsis,terminal_90d_plus_lactate,soft_spibb,3408,8,FQE,historical_knn,none,reported_support_fragile,True
sepsis,terminal_90d_plus_lactate,soft_spibb,3408,8,support_restricted_WPDIS,historical_knn,none,reported_support_fragile,True
sepsis,terminal_90d_plus_lactate,soft_spibb,3408,8,IS,historical_knn,20.0,reported_support_fragile,True
sepsis,terminal_90d_plus_lactate,soft_spibb,3408,8,WIS,historical_knn,20.0,reported_support_fragile,True
sepsis,terminal_90d_plus_lactate,soft_spibb,3408,8,PDIS,historical_knn,20.0,reported_support_fragile,True
sepsis,terminal_90d_plus_lactate,soft_spibb,3408,8,WPDIS,historical_knn,20.0,reported_support_fragile,True
sepsis,terminal_90d_plus_lactate,soft_spibb,3408,8,CWPDIS,historical_knn,20.0,reported_support_fragile,True
sepsis,terminal_90d_plus_lactate,soft_spibb,3408,8,DR,historical_knn,20.0,reported_support_fragile,True
sepsis,terminal_90d_plus_lactate,soft_spibb,3408,8,WDR,historical_knn,20.0,reported_support_fragile,True
sepsis,terminal_90d_plus_lactate,soft_spibb,3408,8,FQE,historical_knn,20.0,reported_support_fragile,True
sepsis,terminal_90d_plus_lactate,soft_spibb,3408,8,support_restricted_WPDIS,historical_knn,20.0,reported_support_fragile,True
sepsis,terminal_90d_plus_lactate,soft_spibb,3408,8,IS,neural_classifier,none,reported_support_fragile,True
sepsis,terminal_90d_plus_lactate,soft_spibb,3408,8,WIS,neural_classifier,none,reported_support_fragile,True
sepsis,terminal_90d_plus_lactate,soft_spibb,3408,8,PDIS,neural_classifier,none,reported_support_fragile,True
sepsis,terminal_90d_plus_lactate,soft_spibb,3408,8,WPDIS,neural_classifier,none,reported_support_fragile,True
sepsis,terminal_90d_plus_lactate,soft_spibb,3408,8,CWPDIS,neural_classifier,none,reported_support_fragile,True
sepsis,terminal_90d_plus_lactate,soft_spibb,3408,8,DR,neural_classifier,none,reported_support_fragile,True
sepsis,terminal_90d_plus_lactate,soft_spibb,3408,8,WDR,neural_classifier,none,reported_support_fragile,True
sepsis,terminal_90d_plus_lactate,soft_spibb,3408,8,FQE,neural_classifier,none,reported_support_fragile,True
sepsis,terminal_90d_plus_lactate,soft_spibb,3408,8,support_restricted_WPDIS,neural_classifier,none,reported_support_fragile,True
sepsis,terminal_90d_plus_lactate,soft_spibb,3408,8,IS,neural_classifier,20.0,reported_support_fragile,True
sepsis,terminal_90d_plus_lactate,soft_spibb,3408,8,WIS,neural_classifier,20.0,reported_support_fragile,True
sepsis,terminal_90d_plus_lactate,soft_spibb,3408,8,PDIS,neural_classifier,20.0,reported_support_fragile,True
sepsis,terminal_90d_plus_lactate,soft_spibb,3408,8,WPDIS,neural_classifier,20.0,reported_support_fragile,True
sepsis,terminal_90d_plus_lactate,soft_spibb,3408,8,CWPDIS,neural_classifier,20.0,reported_support_fragile,True
sepsis,terminal_90d_plus_lactate,soft_spibb,3408,8,DR,neural_classifier,20.0,reported_support_fragile,True
sepsis,terminal_90d_plus_lactate,soft_spibb,3408,8,WDR,neural_classifier,20.0,reported_support_fragile,True
sepsis,terminal_90d_plus_lactate,soft_spibb,3408,8,FQE,neural_classifier,20.0,reported_support_fragile,True
sepsis,terminal_90d_plus_lactate,soft_spibb,3408,8,support_restricted_WPDIS,neural_classifier,20.0,reported_support_fragile,True
sepsis,terminal_90d_plus_lactate,decision_transformer_adapter,3408,1,IS,historical_knn,none,reported_support_fragile,True
sepsis,terminal_90d_plus_lactate,decision_transformer_adapter,3408,1,WIS,historical_knn,none,reported_support_fragile,True
sepsis,terminal_90d_plus_lactate,decision_transformer_adapter,3408,1,PDIS,historical_knn,none,reported_support_fragile,True
sepsis,terminal_90d_plus_lactate,decision_transformer_adapter,3408,1,WPDIS,historical_knn,none,reported_support_fragile,True
sepsis,terminal_90d_plus_lactate,decision_transformer_adapter,3408,1,CWPDIS,historical_knn,none,reported_support_fragile,True
sepsis,terminal_90d_plus_lactate,decision_transformer_adapter,3408,1,DR,historical_knn,none,reported_support_fragile,True
sepsis,terminal_90d_plus_lactate,decision_transformer_adapter,3408,1,WDR,historical_knn,none,reported_support_fragile,True
sepsis,terminal_90d_plus_lactate,decision_transformer_adapter,3408,1,FQE,historical_knn,none,reported_support_fragile,True
sepsis,terminal_90d_plus_lactate,decision_transformer_adapter,3408,1,support_restricted_WPDIS,historical_knn,none,reported_support_fragile,True
sepsis,terminal_90d_plus_lactate,decision_transformer_adapter,3408,1,IS,historical_knn,20.0,reported_support_fragile,True
sepsis,terminal_90d_plus_lactate,decision_transformer_adapter,3408,1,WIS,historical_knn,20.0,reported_support_fragile,True
sepsis,terminal_90d_plus_lactate,decision_transformer_adapter,3408,1,PDIS,historical_knn,20.0,reported_support_fragile,True
sepsis,terminal_90d_plus_lactate,decision_transformer_adapter,3408,1,WPDIS,historical_knn,20.0,reported_support_fragile,True
sepsis,terminal_90d_plus_lactate,decision_transformer_adapter,3408,1,CWPDIS,historical_knn,20.0,reported_support_fragile,True
sepsis,terminal_90d_plus_lactate,decision_transformer_adapter,3408,1,DR,historical_knn,20.0,reported_support_fragile,True
sepsis,terminal_90d_plus_lactate,decision_transformer_adapter,3408,1,WDR,historical_knn,20.0,reported_support_fragile,True
sepsis,terminal_90d_plus_lactate,decision_transformer_adapter,3408,1,FQE,historical_knn,20.0,reported_support_fragile,True
sepsis,terminal_90d_plus_lactate,decision_transformer_adapter,3408,1,support_restricted_WPDIS,historical_knn,20.0,reported_support_fragile,True
sepsis,terminal_90d_plus_lactate,decision_transformer_adapter,3408,1,IS,neural_classifier,none,reported_support_fragile,True
sepsis,terminal_90d_plus_lactate,decision_transformer_adapter,3408,1,WIS,neural_classifier,none,reported_support_fragile,True
sepsis,terminal_90d_plus_lactate,decision_transformer_adapter,3408,1,PDIS,neural_classifier,none,reported_support_fragile,True
sepsis,terminal_90d_plus_lactate,decision_transformer_adapter,3408,1,WPDIS,neural_classifier,none,reported_support_fragile,True
sepsis,terminal_90d_plus_lactate,decision_transformer_adapter,3408,1,CWPDIS,neural_classifier,none,reported_support_fragile,True
sepsis,terminal_90d_plus_lactate,decision_transformer_adapter,3408,1,DR,neural_classifier,none,reported_support_fragile,True
sepsis,terminal_90d_plus_lactate,decision_transformer_adapter,3408,1,WDR,neural_classifier,none,reported_support_fragile,True
sepsis,terminal_90d_plus_lactate,decision_transformer_adapter,3408,1,FQE,neural_classifier,none,reported_support_fragile,True
sepsis,terminal_90d_plus_lactate,decision_transformer_adapter,3408,1,support_restricted_WPDIS,neural_classifier,none,reported_support_fragile,True
sepsis,terminal_90d_plus_lactate,decision_transformer_adapter,3408,1,IS,neural_classifier,20.0,reported_support_fragile,True
sepsis,terminal_90d_plus_lactate,decision_transformer_adapter,3408,1,WIS,neural_classifier,20.0,reported_support_fragile,True
sepsis,terminal_90d_plus_lactate,decision_transformer_adapter,3408,1,PDIS,neural_classifier,20.0,reported_support_fragile,True
sepsis,terminal_90d_plus_lactate,decision_transformer_adapter,3408,1,WPDIS,neural_classifier,20.0,reported_support_fragile,True
sepsis,terminal_90d_plus_lactate,decision_transformer_adapter,3408,1,CWPDIS,neural_classifier,20.0,reported_support_fragile,True
sepsis,terminal_90d_plus_lactate,decision_transformer_adapter,3408,1,DR,neural_classifier,20.0,reported_support_fragile,True
sepsis,terminal_90d_plus_lactate,decision_transformer_adapter,3408,1,WDR,neural_classifier,20.0,reported_support_fragile,True
sepsis,terminal_90d_plus_lactate,decision_transformer_adapter,3408,1,FQE,neural_classifier,20.0,reported_support_fragile,True
sepsis,terminal_90d_plus_lactate,decision_transformer_adapter,3408,1,support_restricted_WPDIS,neural_classifier,20.0,reported_support_fragile,True
sepsis,terminal_90d_plus_lactate,decision_transformer_adapter,3408,4,IS,historical_knn,none,reported_support_fragile,True
sepsis,terminal_90d_plus_lactate,decision_transformer_adapter,3408,4,WIS,historical_knn,none,reported_support_fragile,True
sepsis,terminal_90d_plus_lactate,decision_transformer_adapter,3408,4,PDIS,historical_knn,none,reported_support_fragile,True
sepsis,terminal_90d_plus_lactate,decision_transformer_adapter,3408,4,WPDIS,historical_knn,none,reported_support_fragile,True
sepsis,terminal_90d_plus_lactate,decision_transformer_adapter,3408,4,CWPDIS,historical_knn,none,reported_support_fragile,True
sepsis,terminal_90d_plus_lactate,decision_transformer_adapter,3408,4,DR,historical_knn,none,reported_support_fragile,True
sepsis,terminal_90d_plus_lactate,decision_transformer_adapter,3408,4,WDR,historical_knn,none,reported_support_fragile,True
sepsis,terminal_90d_plus_lactate,decision_transformer_adapter,3408,4,FQE,historical_knn,none,reported_support_fragile,True
sepsis,terminal_90d_plus_lactate,decision_transformer_adapter,3408,4,support_restricted_WPDIS,historical_knn,none,reported_support_fragile,True
sepsis,terminal_90d_plus_lactate,decision_transformer_adapter,3408,4,IS,historical_knn,20.0,reported_support_fragile,True
sepsis,terminal_90d_plus_lactate,decision_transformer_adapter,3408,4,WIS,historical_knn,20.0,reported_support_fragile,True
sepsis,terminal_90d_plus_lactate,decision_transformer_adapter,3408,4,PDIS,historical_knn,20.0,reported_support_fragile,True
sepsis,terminal_90d_plus_lactate,decision_transformer_adapter,3408,4,WPDIS,historical_knn,20.0,reported_support_fragile,True
sepsis,terminal_90d_plus_lactate,decision_transformer_adapter,3408,4,CWPDIS,historical_knn,20.0,reported_support_fragile,True
sepsis,terminal_90d_plus_lactate,decision_transformer_adapter,3408,4,DR,historical_knn,20.0,reported_support_fragile,True
sepsis,terminal_90d_plus_lactate,decision_transformer_adapter,3408,4,WDR,historical_knn,20.0,reported_support_fragile,True
sepsis,terminal_90d_plus_lactate,decision_transformer_adapter,3408,4,FQE,historical_knn,20.0,reported_support_fragile,True
sepsis,terminal_90d_plus_lactate,decision_transformer_adapter,3408,4,support_restricted_WPDIS,historical_knn,20.0,reported_support_fragile,True
sepsis,terminal_90d_plus_lactate,decision_transformer_adapter,3408,4,IS,neural_classifier,none,reported_support_fragile,True
sepsis,terminal_90d_plus_lactate,decision_transformer_adapter,3408,4,WIS,neural_classifier,none,reported_support_fragile,True
sepsis,terminal_90d_plus_lactate,decision_transformer_adapter,3408,4,PDIS,neural_classifier,none,reported_support_fragile,True
sepsis,terminal_90d_plus_lactate,decision_transformer_adapter,3408,4,WPDIS,neural_classifier,none,reported_support_fragile,True
sepsis,terminal_90d_plus_lactate,decision_transformer_adapter,3408,4,CWPDIS,neural_classifier,none,reported_support_fragile,True
sepsis,terminal_90d_plus_lactate,decision_transformer_adapter,3408,4,DR,neural_classifier,none,reported_support_fragile,True
sepsis,terminal_90d_plus_lactate,decision_transformer_adapter,3408,4,WDR,neural_classifier,none,reported_support_fragile,True
sepsis,terminal_90d_plus_lactate,decision_transformer_adapter,3408,4,FQE,neural_classifier,none,reported_support_fragile,True
sepsis,terminal_90d_plus_lactate,decision_transformer_adapter,3408,4,support_restricted_WPDIS,neural_classifier,none,reported_support_fragile,True
sepsis,terminal_90d_plus_lactate,decision_transformer_adapter,3408,4,IS,neural_classifier,20.0,reported_support_fragile,True
sepsis,terminal_90d_plus_lactate,decision_transformer_adapter,3408,4,WIS,neural_classifier,20.0,reported_support_fragile,True
sepsis,terminal_90d_plus_lactate,decision_transformer_adapter,3408,4,PDIS,neural_classifier,20.0,reported_support_fragile,True
sepsis,terminal_90d_plus_lactate,decision_transformer_adapter,3408,4,WPDIS,neural_classifier,20.0,reported_support_fragile,True
sepsis,terminal_90d_plus_lactate,decision_transformer_adapter,3408,4,CWPDIS,neural_classifier,20.0,reported_support_fragile,True
sepsis,terminal_90d_plus_lactate,decision_transformer_adapter,3408,4,DR,neural_classifier,20.0,reported_support_fragile,True
sepsis,terminal_90d_plus_lactate,decision_transformer_adapter,3408,4,WDR,neural_classifier,20.0,reported_support_fragile,True
sepsis,terminal_90d_plus_lactate,decision_transformer_adapter,3408,4,FQE,neural_classifier,20.0,reported_support_fragile,True
sepsis,terminal_90d_plus_lactate,decision_transformer_adapter,3408,4,support_restricted_WPDIS,neural_classifier,20.0,reported_support_fragile,True
sepsis,terminal_90d_plus_lactate,decision_transformer_adapter,3408,8,IS,historical_knn,none,reported_support_fragile,True
sepsis,terminal_90d_plus_lactate,decision_transformer_adapter,3408,8,WIS,historical_knn,none,reported_support_fragile,True
sepsis,terminal_90d_plus_lactate,decision_transformer_adapter,3408,8,PDIS,historical_knn,none,reported_support_fragile,True
sepsis,terminal_90d_plus_lactate,decision_transformer_adapter,3408,8,WPDIS,historical_knn,none,reported_support_fragile,True
sepsis,terminal_90d_plus_lactate,decision_transformer_adapter,3408,8,CWPDIS,historical_knn,none,reported_support_fragile,True
sepsis,terminal_90d_plus_lactate,decision_transformer_adapter,3408,8,DR,historical_knn,none,reported_support_fragile,True
sepsis,terminal_90d_plus_lactate,decision_transformer_adapter,3408,8,WDR,historical_knn,none,reported_support_fragile,True
sepsis,terminal_90d_plus_lactate,decision_transformer_adapter,3408,8,FQE,historical_knn,none,reported_support_fragile,True
sepsis,terminal_90d_plus_lactate,decision_transformer_adapter,3408,8,support_restricted_WPDIS,historical_knn,none,reported_support_fragile,True
sepsis,terminal_90d_plus_lactate,decision_transformer_adapter,3408,8,IS,historical_knn,20.0,reported_support_fragile,True
sepsis,terminal_90d_plus_lactate,decision_transformer_adapter,3408,8,WIS,historical_knn,20.0,reported_support_fragile,True
sepsis,terminal_90d_plus_lactate,decision_transformer_adapter,3408,8,PDIS,historical_knn,20.0,reported_support_fragile,True
sepsis,terminal_90d_plus_lactate,decision_transformer_adapter,3408,8,WPDIS,historical_knn,20.0,reported_support_fragile,True
sepsis,terminal_90d_plus_lactate,decision_transformer_adapter,3408,8,CWPDIS,historical_knn,20.0,reported_support_fragile,True
sepsis,terminal_90d_plus_lactate,decision_transformer_adapter,3408,8,DR,historical_knn,20.0,reported_support_fragile,True
sepsis,terminal_90d_plus_lactate,decision_transformer_adapter,3408,8,WDR,historical_knn,20.0,reported_support_fragile,True
sepsis,terminal_90d_plus_lactate,decision_transformer_adapter,3408,8,FQE,historical_knn,20.0,reported_support_fragile,True
sepsis,terminal_90d_plus_lactate,decision_transformer_adapter,3408,8,support_restricted_WPDIS,historical_knn,20.0,reported_support_fragile,True
sepsis,terminal_90d_plus_lactate,decision_transformer_adapter,3408,8,IS,neural_classifier,none,reported_support_fragile,True
sepsis,terminal_90d_plus_lactate,decision_transformer_adapter,3408,8,WIS,neural_classifier,none,reported_support_fragile,True
sepsis,terminal_90d_plus_lactate,decision_transformer_adapter,3408,8,PDIS,neural_classifier,none,reported_support_fragile,True
sepsis,terminal_90d_plus_lactate,decision_transformer_adapter,3408,8,WPDIS,neural_classifier,none,reported_support_fragile,True
sepsis,terminal_90d_plus_lactate,decision_transformer_adapter,3408,8,CWPDIS,neural_classifier,none,reported_support_fragile,True
sepsis,terminal_90d_plus_lactate,decision_transformer_adapter,3408,8,DR,neural_classifier,none,reported_support_fragile,True
sepsis,terminal_90d_plus_lactate,decision_transformer_adapter,3408,8,WDR,neural_classifier,none,reported_support_fragile,True
sepsis,terminal_90d_plus_lactate,decision_transformer_adapter,3408,8,FQE,neural_classifier,none,reported_support_fragile,True
sepsis,terminal_90d_plus_lactate,decision_transformer_adapter,3408,8,support_restricted_WPDIS,neural_classifier,none,reported_support_fragile,True
sepsis,terminal_90d_plus_lactate,decision_transformer_adapter,3408,8,IS,neural_classifier,20.0,reported_support_fragile,True
sepsis,terminal_90d_plus_lactate,decision_transformer_adapter,3408,8,WIS,neural_classifier,20.0,reported_support_fragile,True
sepsis,terminal_90d_plus_lactate,decision_transformer_adapter,3408,8,PDIS,neural_classifier,20.0,reported_support_fragile,True
sepsis,terminal_90d_plus_lactate,decision_transformer_adapter,3408,8,WPDIS,neural_classifier,20.0,reported_support_fragile,True
sepsis,terminal_90d_plus_lactate,decision_transformer_adapter,3408,8,CWPDIS,neural_classifier,20.0,reported_support_fragile,True
sepsis,terminal_90d_plus_lactate,decision_transformer_adapter,3408,8,DR,neural_classifier,20.0,reported_support_fragile,True
sepsis,terminal_90d_plus_lactate,decision_transformer_adapter,3408,8,WDR,neural_classifier,20.0,reported_support_fragile,True
sepsis,terminal_90d_plus_lactate,decision_transformer_adapter,3408,8,FQE,neural_classifier,20.0,reported_support_fragile,True
sepsis,terminal_90d_plus_lactate,decision_transformer_adapter,3408,8,support_restricted_WPDIS,neural_classifier,20.0,reported_support_fragile,True
sepsis,terminal_90d_plus_lactate,behavior_cloning,3411,1,IS,historical_knn,none,reported_support_fragile,True
sepsis,terminal_90d_plus_lactate,behavior_cloning,3411,1,WIS,historical_knn,none,reported_support_fragile,True
sepsis,terminal_90d_plus_lactate,behavior_cloning,3411,1,PDIS,historical_knn,none,reported_support_fragile,True
sepsis,terminal_90d_plus_lactate,behavior_cloning,3411,1,WPDIS,historical_knn,none,reported_support_fragile,True
sepsis,terminal_90d_plus_lactate,behavior_cloning,3411,1,CWPDIS,historical_knn,none,reported_support_fragile,True
sepsis,terminal_90d_plus_lactate,behavior_cloning,3411,1,DR,historical_knn,none,reported_support_fragile,True
sepsis,terminal_90d_plus_lactate,behavior_cloning,3411,1,WDR,historical_knn,none,reported_support_fragile,True
sepsis,terminal_90d_plus_lactate,behavior_cloning,3411,1,FQE,historical_knn,none,reported_support_fragile,True
sepsis,terminal_90d_plus_lactate,behavior_cloning,3411,1,support_restricted_WPDIS,historical_knn,none,reported_support_fragile,True
sepsis,terminal_90d_plus_lactate,behavior_cloning,3411,1,IS,historical_knn,20.0,reported_support_fragile,True
sepsis,terminal_90d_plus_lactate,behavior_cloning,3411,1,WIS,historical_knn,20.0,reported_support_fragile,True
sepsis,terminal_90d_plus_lactate,behavior_cloning,3411,1,PDIS,historical_knn,20.0,reported_support_fragile,True
sepsis,terminal_90d_plus_lactate,behavior_cloning,3411,1,WPDIS,historical_knn,20.0,reported_support_fragile,True
sepsis,terminal_90d_plus_lactate,behavior_cloning,3411,1,CWPDIS,historical_knn,20.0,reported_support_fragile,True
sepsis,terminal_90d_plus_lactate,behavior_cloning,3411,1,DR,historical_knn,20.0,reported_support_fragile,True
sepsis,terminal_90d_plus_lactate,behavior_cloning,3411,1,WDR,historical_knn,20.0,reported_support_fragile,True
sepsis,terminal_90d_plus_lactate,behavior_cloning,3411,1,FQE,historical_knn,20.0,reported_support_fragile,True
sepsis,terminal_90d_plus_lactate,behavior_cloning,3411,1,support_restricted_WPDIS,historical_knn,20.0,reported_support_fragile,True
sepsis,terminal_90d_plus_lactate,behavior_cloning,3411,1,IS,neural_classifier,none,reported_support_fragile,True
sepsis,terminal_90d_plus_lactate,behavior_cloning,3411,1,WIS,neural_classifier,none,reported_support_fragile,True
sepsis,terminal_90d_plus_lactate,behavior_cloning,3411,1,PDIS,neural_classifier,none,reported_support_fragile,True
sepsis,terminal_90d_plus_lactate,behavior_cloning,3411,1,WPDIS,neural_classifier,none,reported_support_fragile,True
sepsis,terminal_90d_plus_lactate,behavior_cloning,3411,1,CWPDIS,neural_classifier,none,reported_support_fragile,True
sepsis,terminal_90d_plus_lactate,behavior_cloning,3411,1,DR,neural_classifier,none,reported_support_fragile,True
sepsis,terminal_90d_plus_lactate,behavior_cloning,3411,1,WDR,neural_classifier,none,reported_support_fragile,True
sepsis,terminal_90d_plus_lactate,behavior_cloning,3411,1,FQE,neural_classifier,none,reported_support_fragile,True
sepsis,terminal_90d_plus_lactate,behavior_cloning,3411,1,support_restricted_WPDIS,neural_classifier,none,reported_support_fragile,True
sepsis,terminal_90d_plus_lactate,behavior_cloning,3411,1,IS,neural_classifier,20.0,reported_support_fragile,True
sepsis,terminal_90d_plus_lactate,behavior_cloning,3411,1,WIS,neural_classifier,20.0,reported_support_fragile,True
sepsis,terminal_90d_plus_lactate,behavior_cloning,3411,1,PDIS,neural_classifier,20.0,reported_support_fragile,True
sepsis,terminal_90d_plus_lactate,behavior_cloning,3411,1,WPDIS,neural_classifier,20.0,reported_support_fragile,True
sepsis,terminal_90d_plus_lactate,behavior_cloning,3411,1,CWPDIS,neural_classifier,20.0,reported_support_fragile,True
sepsis,terminal_90d_plus_lactate,behavior_cloning,3411,1,DR,neural_classifier,20.0,reported_support_fragile,True
sepsis,terminal_90d_plus_lactate,behavior_cloning,3411,1,WDR,neural_classifier,20.0,reported_support_fragile,True
sepsis,terminal_90d_plus_lactate,behavior_cloning,3411,1,FQE,neural_classifier,20.0,reported_support_fragile,True
sepsis,terminal_90d_plus_lactate,behavior_cloning,3411,1,support_restricted_WPDIS,neural_classifier,20.0,reported_support_fragile,True
sepsis,terminal_90d_plus_lactate,behavior_cloning,3411,4,IS,historical_knn,none,reported_support_fragile,True
sepsis,terminal_90d_plus_lactate,behavior_cloning,3411,4,WIS,historical_knn,none,reported_support_fragile,True
sepsis,terminal_90d_plus_lactate,behavior_cloning,3411,4,PDIS,historical_knn,none,reported_support_fragile,True
sepsis,terminal_90d_plus_lactate,behavior_cloning,3411,4,WPDIS,historical_knn,none,reported_support_fragile,True
sepsis,terminal_90d_plus_lactate,behavior_cloning,3411,4,CWPDIS,historical_knn,none,reported_support_fragile,True
sepsis,terminal_90d_plus_lactate,behavior_cloning,3411,4,DR,historical_knn,none,reported_support_fragile,True
sepsis,terminal_90d_plus_lactate,behavior_cloning,3411,4,WDR,historical_knn,none,reported_support_fragile,True
sepsis,terminal_90d_plus_lactate,behavior_cloning,3411,4,FQE,historical_knn,none,reported_support_fragile,True
sepsis,terminal_90d_plus_lactate,behavior_cloning,3411,4,support_restricted_WPDIS,historical_knn,none,reported_support_fragile,True
sepsis,terminal_90d_plus_lactate,behavior_cloning,3411,4,IS,historical_knn,20.0,reported_support_fragile,True
sepsis,terminal_90d_plus_lactate,behavior_cloning,3411,4,WIS,historical_knn,20.0,reported_support_fragile,True
sepsis,terminal_90d_plus_lactate,behavior_cloning,3411,4,PDIS,historical_knn,20.0,reported_support_fragile,True
sepsis,terminal_90d_plus_lactate,behavior_cloning,3411,4,WPDIS,historical_knn,20.0,reported_support_fragile,True
sepsis,terminal_90d_plus_lactate,behavior_cloning,3411,4,CWPDIS,historical_knn,20.0,reported_support_fragile,True
sepsis,terminal_90d_plus_lactate,behavior_cloning,3411,4,DR,historical_knn,20.0,reported_support_fragile,True
sepsis,terminal_90d_plus_lactate,behavior_cloning,3411,4,WDR,historical_knn,20.0,reported_support_fragile,True
sepsis,terminal_90d_plus_lactate,behavior_cloning,3411,4,FQE,historical_knn,20.0,reported_support_fragile,True
sepsis,terminal_90d_plus_lactate,behavior_cloning,3411,4,support_restricted_WPDIS,historical_knn,20.0,reported_support_fragile,True
sepsis,terminal_90d_plus_lactate,behavior_cloning,3411,4,IS,neural_classifier,none,reported_support_fragile,True
sepsis,terminal_90d_plus_lactate,behavior_cloning,3411,4,WIS,neural_classifier,none,reported_support_fragile,True
sepsis,terminal_90d_plus_lactate,behavior_cloning,3411,4,PDIS,neural_classifier,none,reported_support_fragile,True
sepsis,terminal_90d_plus_lactate,behavior_cloning,3411,4,WPDIS,neural_classifier,none,reported_support_fragile,True
sepsis,terminal_90d_plus_lactate,behavior_cloning,3411,4,CWPDIS,neural_classifier,none,reported_support_fragile,True
sepsis,terminal_90d_plus_lactate,behavior_cloning,3411,4,DR,neural_classifier,none,reported_support_fragile,True
sepsis,terminal_90d_plus_lactate,behavior_cloning,3411,4,WDR,neural_classifier,none,reported_support_fragile,True
sepsis,terminal_90d_plus_lactate,behavior_cloning,3411,4,FQE,neural_classifier,none,reported_support_fragile,True
sepsis,terminal_90d_plus_lactate,behavior_cloning,3411,4,support_restricted_WPDIS,neural_classifier,none,reported_support_fragile,True
sepsis,terminal_90d_plus_lactate,behavior_cloning,3411,4,IS,neural_classifier,20.0,reported_support_fragile,True
sepsis,terminal_90d_plus_lactate,behavior_cloning,3411,4,WIS,neural_classifier,20.0,reported_support_fragile,True
sepsis,terminal_90d_plus_lactate,behavior_cloning,3411,4,PDIS,neural_classifier,20.0,reported_support_fragile,True
sepsis,terminal_90d_plus_lactate,behavior_cloning,3411,4,WPDIS,neural_classifier,20.0,reported_support_fragile,True
sepsis,terminal_90d_plus_lactate,behavior_cloning,3411,4,CWPDIS,neural_classifier,20.0,reported_support_fragile,True
sepsis,terminal_90d_plus_lactate,behavior_cloning,3411,4,DR,neural_classifier,20.0,reported_support_fragile,True
sepsis,terminal_90d_plus_lactate,behavior_cloning,3411,4,WDR,neural_classifier,20.0,reported_support_fragile,True
sepsis,terminal_90d_plus_lactate,behavior_cloning,3411,4,FQE,neural_classifier,20.0,reported_support_fragile,True
sepsis,terminal_90d_plus_lactate,behavior_cloning,3411,4,support_restricted_WPDIS,neural_classifier,20.0,reported_support_fragile,True
sepsis,terminal_90d_plus_lactate,behavior_cloning,3411,8,IS,historical_knn,none,reported_support_fragile,True
sepsis,terminal_90d_plus_lactate,behavior_cloning,3411,8,WIS,historical_knn,none,reported_support_fragile,True
sepsis,terminal_90d_plus_lactate,behavior_cloning,3411,8,PDIS,historical_knn,none,reported_support_fragile,True
sepsis,terminal_90d_plus_lactate,behavior_cloning,3411,8,WPDIS,historical_knn,none,reported_support_fragile,True
sepsis,terminal_90d_plus_lactate,behavior_cloning,3411,8,CWPDIS,historical_knn,none,reported_support_fragile,True
sepsis,terminal_90d_plus_lactate,behavior_cloning,3411,8,DR,historical_knn,none,reported_support_fragile,True
sepsis,terminal_90d_plus_lactate,behavior_cloning,3411,8,WDR,historical_knn,none,reported_support_fragile,True
sepsis,terminal_90d_plus_lactate,behavior_cloning,3411,8,FQE,historical_knn,none,reported_support_fragile,True
sepsis,terminal_90d_plus_lactate,behavior_cloning,3411,8,support_restricted_WPDIS,historical_knn,none,reported_support_fragile,True
sepsis,terminal_90d_plus_lactate,behavior_cloning,3411,8,IS,historical_knn,20.0,reported_support_fragile,True
sepsis,terminal_90d_plus_lactate,behavior_cloning,3411,8,WIS,historical_knn,20.0,reported_support_fragile,True
sepsis,terminal_90d_plus_lactate,behavior_cloning,3411,8,PDIS,historical_knn,20.0,reported_support_fragile,True
sepsis,terminal_90d_plus_lactate,behavior_cloning,3411,8,WPDIS,historical_knn,20.0,reported_support_fragile,True
sepsis,terminal_90d_plus_lactate,behavior_cloning,3411,8,CWPDIS,historical_knn,20.0,reported_support_fragile,True
sepsis,terminal_90d_plus_lactate,behavior_cloning,3411,8,DR,historical_knn,20.0,reported_support_fragile,True
sepsis,terminal_90d_plus_lactate,behavior_cloning,3411,8,WDR,historical_knn,20.0,reported_support_fragile,True
sepsis,terminal_90d_plus_lactate,behavior_cloning,3411,8,FQE,historical_knn,20.0,reported_support_fragile,True
sepsis,terminal_90d_plus_lactate,behavior_cloning,3411,8,support_restricted_WPDIS,historical_knn,20.0,reported_support_fragile,True
sepsis,terminal_90d_plus_lactate,behavior_cloning,3411,8,IS,neural_classifier,none,reported_support_fragile,True
sepsis,terminal_90d_plus_lactate,behavior_cloning,3411,8,WIS,neural_classifier,none,reported_support_fragile,True
sepsis,terminal_90d_plus_lactate,behavior_cloning,3411,8,PDIS,neural_classifier,none,reported_support_fragile,True
sepsis,terminal_90d_plus_lactate,behavior_cloning,3411,8,WPDIS,neural_classifier,none,reported_support_fragile,True
sepsis,terminal_90d_plus_lactate,behavior_cloning,3411,8,CWPDIS,neural_classifier,none,reported_support_fragile,True
sepsis,terminal_90d_plus_lactate,behavior_cloning,3411,8,DR,neural_classifier,none,reported_support_fragile,True
sepsis,terminal_90d_plus_lactate,behavior_cloning,3411,8,WDR,neural_classifier,none,reported_support_fragile,True
sepsis,terminal_90d_plus_lactate,behavior_cloning,3411,8,FQE,neural_classifier,none,reported_support_fragile,True
sepsis,terminal_90d_plus_lactate,behavior_cloning,3411,8,support_restricted_WPDIS,neural_classifier,none,reported_support_fragile,True
sepsis,terminal_90d_plus_lactate,behavior_cloning,3411,8,IS,neural_classifier,20.0,reported_support_fragile,True
sepsis,terminal_90d_plus_lactate,behavior_cloning,3411,8,WIS,neural_classifier,20.0,reported_support_fragile,True
sepsis,terminal_90d_plus_lactate,behavior_cloning,3411,8,PDIS,neural_classifier,20.0,reported_support_fragile,True
sepsis,terminal_90d_plus_lactate,behavior_cloning,3411,8,WPDIS,neural_classifier,20.0,reported_support_fragile,True
sepsis,terminal_90d_plus_lactate,behavior_cloning,3411,8,CWPDIS,neural_classifier,20.0,reported_support_fragile,True
sepsis,terminal_90d_plus_lactate,behavior_cloning,3411,8,DR,neural_classifier,20.0,reported_support_fragile,True
sepsis,terminal_90d_plus_lactate,behavior_cloning,3411,8,WDR,neural_classifier,20.0,reported_support_fragile,True
sepsis,terminal_90d_plus_lactate,behavior_cloning,3411,8,FQE,neural_classifier,20.0,reported_support_fragile,True
sepsis,terminal_90d_plus_lactate,behavior_cloning,3411,8,support_restricted_WPDIS,neural_classifier,20.0,reported_support_fragile,True
sepsis,terminal_90d_plus_lactate,discrete_bcq,3411,1,IS,historical_knn,none,reported_support_fragile,True
sepsis,terminal_90d_plus_lactate,discrete_bcq,3411,1,WIS,historical_knn,none,reported_support_fragile,True
sepsis,terminal_90d_plus_lactate,discrete_bcq,3411,1,PDIS,historical_knn,none,reported_support_fragile,True
sepsis,terminal_90d_plus_lactate,discrete_bcq,3411,1,WPDIS,historical_knn,none,reported_support_fragile,True
sepsis,terminal_90d_plus_lactate,discrete_bcq,3411,1,CWPDIS,historical_knn,none,reported_support_fragile,True
sepsis,terminal_90d_plus_lactate,discrete_bcq,3411,1,DR,historical_knn,none,reported_support_fragile,True
sepsis,terminal_90d_plus_lactate,discrete_bcq,3411,1,WDR,historical_knn,none,reported_support_fragile,True
sepsis,terminal_90d_plus_lactate,discrete_bcq,3411,1,FQE,historical_knn,none,reported_support_fragile,True
sepsis,terminal_90d_plus_lactate,discrete_bcq,3411,1,support_restricted_WPDIS,historical_knn,none,reported_support_fragile,True
sepsis,terminal_90d_plus_lactate,discrete_bcq,3411,1,IS,historical_knn,20.0,reported_support_fragile,True
sepsis,terminal_90d_plus_lactate,discrete_bcq,3411,1,WIS,historical_knn,20.0,reported_support_fragile,True
sepsis,terminal_90d_plus_lactate,discrete_bcq,3411,1,PDIS,historical_knn,20.0,reported_support_fragile,True
sepsis,terminal_90d_plus_lactate,discrete_bcq,3411,1,WPDIS,historical_knn,20.0,reported_support_fragile,True
sepsis,terminal_90d_plus_lactate,discrete_bcq,3411,1,CWPDIS,historical_knn,20.0,reported_support_fragile,True
sepsis,terminal_90d_plus_lactate,discrete_bcq,3411,1,DR,historical_knn,20.0,reported_support_fragile,True
sepsis,terminal_90d_plus_lactate,discrete_bcq,3411,1,WDR,historical_knn,20.0,reported_support_fragile,True
sepsis,terminal_90d_plus_lactate,discrete_bcq,3411,1,FQE,historical_knn,20.0,reported_support_fragile,True
sepsis,terminal_90d_plus_lactate,discrete_bcq,3411,1,support_restricted_WPDIS,historical_knn,20.0,reported_support_fragile,True
sepsis,terminal_90d_plus_lactate,discrete_bcq,3411,1,IS,neural_classifier,none,reported_support_fragile,True
sepsis,terminal_90d_plus_lactate,discrete_bcq,3411,1,WIS,neural_classifier,none,reported_support_fragile,True
sepsis,terminal_90d_plus_lactate,discrete_bcq,3411,1,PDIS,neural_classifier,none,reported_support_fragile,True
sepsis,terminal_90d_plus_lactate,discrete_bcq,3411,1,WPDIS,neural_classifier,none,reported_support_fragile,True
sepsis,terminal_90d_plus_lactate,discrete_bcq,3411,1,CWPDIS,neural_classifier,none,reported_support_fragile,True
sepsis,terminal_90d_plus_lactate,discrete_bcq,3411,1,DR,neural_classifier,none,reported_support_fragile,True
sepsis,terminal_90d_plus_lactate,discrete_bcq,3411,1,WDR,neural_classifier,none,reported_support_fragile,True
sepsis,terminal_90d_plus_lactate,discrete_bcq,3411,1,FQE,neural_classifier,none,reported_support_fragile,True
sepsis,terminal_90d_plus_lactate,discrete_bcq,3411,1,support_restricted_WPDIS,neural_classifier,none,reported_support_fragile,True
sepsis,terminal_90d_plus_lactate,discrete_bcq,3411,1,IS,neural_classifier,20.0,reported_support_fragile,True
sepsis,terminal_90d_plus_lactate,discrete_bcq,3411,1,WIS,neural_classifier,20.0,reported_support_fragile,True
sepsis,terminal_90d_plus_lactate,discrete_bcq,3411,1,PDIS,neural_classifier,20.0,reported_support_fragile,True
sepsis,terminal_90d_plus_lactate,discrete_bcq,3411,1,WPDIS,neural_classifier,20.0,reported_support_fragile,True
sepsis,terminal_90d_plus_lactate,discrete_bcq,3411,1,CWPDIS,neural_classifier,20.0,reported_support_fragile,True
sepsis,terminal_90d_plus_lactate,discrete_bcq,3411,1,DR,neural_classifier,20.0,reported_support_fragile,True
sepsis,terminal_90d_plus_lactate,discrete_bcq,3411,1,WDR,neural_classifier,20.0,reported_support_fragile,True
sepsis,terminal_90d_plus_lactate,discrete_bcq,3411,1,FQE,neural_classifier,20.0,reported_support_fragile,True
sepsis,terminal_90d_plus_lactate,discrete_bcq,3411,1,support_restricted_WPDIS,neural_classifier,20.0,reported_support_fragile,True
sepsis,terminal_90d_plus_lactate,discrete_bcq,3411,4,IS,historical_knn,none,reported_support_fragile,True
sepsis,terminal_90d_plus_lactate,discrete_bcq,3411,4,WIS,historical_knn,none,reported_support_fragile,True
sepsis,terminal_90d_plus_lactate,discrete_bcq,3411,4,PDIS,historical_knn,none,reported_support_fragile,True
sepsis,terminal_90d_plus_lactate,discrete_bcq,3411,4,WPDIS,historical_knn,none,reported_support_fragile,True
sepsis,terminal_90d_plus_lactate,discrete_bcq,3411,4,CWPDIS,historical_knn,none,reported_support_fragile,True
sepsis,terminal_90d_plus_lactate,discrete_bcq,3411,4,DR,historical_knn,none,reported_support_fragile,True
sepsis,terminal_90d_plus_lactate,discrete_bcq,3411,4,WDR,historical_knn,none,reported_support_fragile,True
sepsis,terminal_90d_plus_lactate,discrete_bcq,3411,4,FQE,historical_knn,none,reported_support_fragile,True
sepsis,terminal_90d_plus_lactate,discrete_bcq,3411,4,support_restricted_WPDIS,historical_knn,none,reported_support_fragile,True
sepsis,terminal_90d_plus_lactate,discrete_bcq,3411,4,IS,historical_knn,20.0,reported_support_fragile,True
sepsis,terminal_90d_plus_lactate,discrete_bcq,3411,4,WIS,historical_knn,20.0,reported_support_fragile,True
sepsis,terminal_90d_plus_lactate,discrete_bcq,3411,4,PDIS,historical_knn,20.0,reported_support_fragile,True
sepsis,terminal_90d_plus_lactate,discrete_bcq,3411,4,WPDIS,historical_knn,20.0,reported_support_fragile,True
sepsis,terminal_90d_plus_lactate,discrete_bcq,3411,4,CWPDIS,historical_knn,20.0,reported_support_fragile,True
sepsis,terminal_90d_plus_lactate,discrete_bcq,3411,4,DR,historical_knn,20.0,reported_support_fragile,True
sepsis,terminal_90d_plus_lactate,discrete_bcq,3411,4,WDR,historical_knn,20.0,reported_support_fragile,True
sepsis,terminal_90d_plus_lactate,discrete_bcq,3411,4,FQE,historical_knn,20.0,reported_support_fragile,True
sepsis,terminal_90d_plus_lactate,discrete_bcq,3411,4,support_restricted_WPDIS,historical_knn,20.0,reported_support_fragile,True
sepsis,terminal_90d_plus_lactate,discrete_bcq,3411,4,IS,neural_classifier,none,reported_support_fragile,True
sepsis,terminal_90d_plus_lactate,discrete_bcq,3411,4,WIS,neural_classifier,none,reported_support_fragile,True
sepsis,terminal_90d_plus_lactate,discrete_bcq,3411,4,PDIS,neural_classifier,none,reported_support_fragile,True
sepsis,terminal_90d_plus_lactate,discrete_bcq,3411,4,WPDIS,neural_classifier,none,reported_support_fragile,True
sepsis,terminal_90d_plus_lactate,discrete_bcq,3411,4,CWPDIS,neural_classifier,none,reported_support_fragile,True
sepsis,terminal_90d_plus_lactate,discrete_bcq,3411,4,DR,neural_classifier,none,reported_support_fragile,True
sepsis,terminal_90d_plus_lactate,discrete_bcq,3411,4,WDR,neural_classifier,none,reported_support_fragile,True
sepsis,terminal_90d_plus_lactate,discrete_bcq,3411,4,FQE,neural_classifier,none,reported_support_fragile,True
sepsis,terminal_90d_plus_lactate,discrete_bcq,3411,4,support_restricted_WPDIS,neural_classifier,none,reported_support_fragile,True
sepsis,terminal_90d_plus_lactate,discrete_bcq,3411,4,IS,neural_classifier,20.0,reported_support_fragile,True
sepsis,terminal_90d_plus_lactate,discrete_bcq,3411,4,WIS,neural_classifier,20.0,reported_support_fragile,True
sepsis,terminal_90d_plus_lactate,discrete_bcq,3411,4,PDIS,neural_classifier,20.0,reported_support_fragile,True
sepsis,terminal_90d_plus_lactate,discrete_bcq,3411,4,WPDIS,neural_classifier,20.0,reported_support_fragile,True
sepsis,terminal_90d_plus_lactate,discrete_bcq,3411,4,CWPDIS,neural_classifier,20.0,reported_support_fragile,True
sepsis,terminal_90d_plus_lactate,discrete_bcq,3411,4,DR,neural_classifier,20.0,reported_support_fragile,True
sepsis,terminal_90d_plus_lactate,discrete_bcq,3411,4,WDR,neural_classifier,20.0,reported_support_fragile,True
sepsis,terminal_90d_plus_lactate,discrete_bcq,3411,4,FQE,neural_classifier,20.0,reported_support_fragile,True
sepsis,terminal_90d_plus_lactate,discrete_bcq,3411,4,support_restricted_WPDIS,neural_classifier,20.0,reported_support_fragile,True
sepsis,terminal_90d_plus_lactate,discrete_bcq,3411,8,IS,historical_knn,none,reported_support_fragile,True
sepsis,terminal_90d_plus_lactate,discrete_bcq,3411,8,WIS,historical_knn,none,reported_support_fragile,True
sepsis,terminal_90d_plus_lactate,discrete_bcq,3411,8,PDIS,historical_knn,none,reported_support_fragile,True
sepsis,terminal_90d_plus_lactate,discrete_bcq,3411,8,WPDIS,historical_knn,none,reported_support_fragile,True
sepsis,terminal_90d_plus_lactate,discrete_bcq,3411,8,CWPDIS,historical_knn,none,reported_support_fragile,True
sepsis,terminal_90d_plus_lactate,discrete_bcq,3411,8,DR,historical_knn,none,reported_support_fragile,True
sepsis,terminal_90d_plus_lactate,discrete_bcq,3411,8,WDR,historical_knn,none,reported_support_fragile,True
sepsis,terminal_90d_plus_lactate,discrete_bcq,3411,8,FQE,historical_knn,none,reported_support_fragile,True
sepsis,terminal_90d_plus_lactate,discrete_bcq,3411,8,support_restricted_WPDIS,historical_knn,none,reported_support_fragile,True
sepsis,terminal_90d_plus_lactate,discrete_bcq,3411,8,IS,historical_knn,20.0,reported_support_fragile,True
sepsis,terminal_90d_plus_lactate,discrete_bcq,3411,8,WIS,historical_knn,20.0,reported_support_fragile,True
sepsis,terminal_90d_plus_lactate,discrete_bcq,3411,8,PDIS,historical_knn,20.0,reported_support_fragile,True
sepsis,terminal_90d_plus_lactate,discrete_bcq,3411,8,WPDIS,historical_knn,20.0,reported_support_fragile,True
sepsis,terminal_90d_plus_lactate,discrete_bcq,3411,8,CWPDIS,historical_knn,20.0,reported_support_fragile,True
sepsis,terminal_90d_plus_lactate,discrete_bcq,3411,8,DR,historical_knn,20.0,reported_support_fragile,True
sepsis,terminal_90d_plus_lactate,discrete_bcq,3411,8,WDR,historical_knn,20.0,reported_support_fragile,True
sepsis,terminal_90d_plus_lactate,discrete_bcq,3411,8,FQE,historical_knn,20.0,reported_support_fragile,True
sepsis,terminal_90d_plus_lactate,discrete_bcq,3411,8,support_restricted_WPDIS,historical_knn,20.0,reported_support_fragile,True
sepsis,terminal_90d_plus_lactate,discrete_bcq,3411,8,IS,neural_classifier,none,reported_support_fragile,True
sepsis,terminal_90d_plus_lactate,discrete_bcq,3411,8,WIS,neural_classifier,none,reported_support_fragile,True
sepsis,terminal_90d_plus_lactate,discrete_bcq,3411,8,PDIS,neural_classifier,none,reported_support_fragile,True
sepsis,terminal_90d_plus_lactate,discrete_bcq,3411,8,WPDIS,neural_classifier,none,reported_support_fragile,True
sepsis,terminal_90d_plus_lactate,discrete_bcq,3411,8,CWPDIS,neural_classifier,none,reported_support_fragile,True
sepsis,terminal_90d_plus_lactate,discrete_bcq,3411,8,DR,neural_classifier,none,reported_support_fragile,True
sepsis,terminal_90d_plus_lactate,discrete_bcq,3411,8,WDR,neural_classifier,none,reported_support_fragile,True
sepsis,terminal_90d_plus_lactate,discrete_bcq,3411,8,FQE,neural_classifier,none,reported_support_fragile,True
sepsis,terminal_90d_plus_lactate,discrete_bcq,3411,8,support_restricted_WPDIS,neural_classifier,none,reported_support_fragile,True
sepsis,terminal_90d_plus_lactate,discrete_bcq,3411,8,IS,neural_classifier,20.0,reported_support_fragile,True
sepsis,terminal_90d_plus_lactate,discrete_bcq,3411,8,WIS,neural_classifier,20.0,reported_support_fragile,True
sepsis,terminal_90d_plus_lactate,discrete_bcq,3411,8,PDIS,neural_classifier,20.0,reported_support_fragile,True
sepsis,terminal_90d_plus_lactate,discrete_bcq,3411,8,WPDIS,neural_classifier,20.0,reported_support_fragile,True
sepsis,terminal_90d_plus_lactate,discrete_bcq,3411,8,CWPDIS,neural_classifier,20.0,reported_support_fragile,True
sepsis,terminal_90d_plus_lactate,discrete_bcq,3411,8,DR,neural_classifier,20.0,reported_support_fragile,True
sepsis,terminal_90d_plus_lactate,discrete_bcq,3411,8,WDR,neural_classifier,20.0,reported_support_fragile,True
sepsis,terminal_90d_plus_lactate,discrete_bcq,3411,8,FQE,neural_classifier,20.0,reported_support_fragile,True
sepsis,terminal_90d_plus_lactate,discrete_bcq,3411,8,support_restricted_WPDIS,neural_classifier,20.0,reported_support_fragile,True
sepsis,terminal_90d_plus_lactate,discrete_cql,3411,1,IS,historical_knn,none,reported_support_fragile,True
sepsis,terminal_90d_plus_lactate,discrete_cql,3411,1,WIS,historical_knn,none,reported_support_fragile,True
sepsis,terminal_90d_plus_lactate,discrete_cql,3411,1,PDIS,historical_knn,none,reported_support_fragile,True
sepsis,terminal_90d_plus_lactate,discrete_cql,3411,1,WPDIS,historical_knn,none,reported_support_fragile,True
sepsis,terminal_90d_plus_lactate,discrete_cql,3411,1,CWPDIS,historical_knn,none,reported_support_fragile,True
sepsis,terminal_90d_plus_lactate,discrete_cql,3411,1,DR,historical_knn,none,reported_support_fragile,True
sepsis,terminal_90d_plus_lactate,discrete_cql,3411,1,WDR,historical_knn,none,reported_support_fragile,True
sepsis,terminal_90d_plus_lactate,discrete_cql,3411,1,FQE,historical_knn,none,reported_support_fragile,True
sepsis,terminal_90d_plus_lactate,discrete_cql,3411,1,support_restricted_WPDIS,historical_knn,none,reported_support_fragile,True
sepsis,terminal_90d_plus_lactate,discrete_cql,3411,1,IS,historical_knn,20.0,reported_support_fragile,True
sepsis,terminal_90d_plus_lactate,discrete_cql,3411,1,WIS,historical_knn,20.0,reported_support_fragile,True
sepsis,terminal_90d_plus_lactate,discrete_cql,3411,1,PDIS,historical_knn,20.0,reported_support_fragile,True
sepsis,terminal_90d_plus_lactate,discrete_cql,3411,1,WPDIS,historical_knn,20.0,reported_support_fragile,True
sepsis,terminal_90d_plus_lactate,discrete_cql,3411,1,CWPDIS,historical_knn,20.0,reported_support_fragile,True
sepsis,terminal_90d_plus_lactate,discrete_cql,3411,1,DR,historical_knn,20.0,reported_support_fragile,True
sepsis,terminal_90d_plus_lactate,discrete_cql,3411,1,WDR,historical_knn,20.0,reported_support_fragile,True
sepsis,terminal_90d_plus_lactate,discrete_cql,3411,1,FQE,historical_knn,20.0,reported_support_fragile,True
sepsis,terminal_90d_plus_lactate,discrete_cql,3411,1,support_restricted_WPDIS,historical_knn,20.0,reported_support_fragile,True
sepsis,terminal_90d_plus_lactate,discrete_cql,3411,1,IS,neural_classifier,none,reported_support_fragile,True
sepsis,terminal_90d_plus_lactate,discrete_cql,3411,1,WIS,neural_classifier,none,reported_support_fragile,True
sepsis,terminal_90d_plus_lactate,discrete_cql,3411,1,PDIS,neural_classifier,none,reported_support_fragile,True
sepsis,terminal_90d_plus_lactate,discrete_cql,3411,1,WPDIS,neural_classifier,none,reported_support_fragile,True
sepsis,terminal_90d_plus_lactate,discrete_cql,3411,1,CWPDIS,neural_classifier,none,reported_support_fragile,True
sepsis,terminal_90d_plus_lactate,discrete_cql,3411,1,DR,neural_classifier,none,reported_support_fragile,True
sepsis,terminal_90d_plus_lactate,discrete_cql,3411,1,WDR,neural_classifier,none,reported_support_fragile,True
sepsis,terminal_90d_plus_lactate,discrete_cql,3411,1,FQE,neural_classifier,none,reported_support_fragile,True
sepsis,terminal_90d_plus_lactate,discrete_cql,3411,1,support_restricted_WPDIS,neural_classifier,none,reported_support_fragile,True
sepsis,terminal_90d_plus_lactate,discrete_cql,3411,1,IS,neural_classifier,20.0,reported_support_fragile,True
sepsis,terminal_90d_plus_lactate,discrete_cql,3411,1,WIS,neural_classifier,20.0,reported_support_fragile,True
sepsis,terminal_90d_plus_lactate,discrete_cql,3411,1,PDIS,neural_classifier,20.0,reported_support_fragile,True
sepsis,terminal_90d_plus_lactate,discrete_cql,3411,1,WPDIS,neural_classifier,20.0,reported_support_fragile,True
sepsis,terminal_90d_plus_lactate,discrete_cql,3411,1,CWPDIS,neural_classifier,20.0,reported_support_fragile,True
sepsis,terminal_90d_plus_lactate,discrete_cql,3411,1,DR,neural_classifier,20.0,reported_support_fragile,True
sepsis,terminal_90d_plus_lactate,discrete_cql,3411,1,WDR,neural_classifier,20.0,reported_support_fragile,True
sepsis,terminal_90d_plus_lactate,discrete_cql,3411,1,FQE,neural_classifier,20.0,reported_support_fragile,True
sepsis,terminal_90d_plus_lactate,discrete_cql,3411,1,support_restricted_WPDIS,neural_classifier,20.0,reported_support_fragile,True
sepsis,terminal_90d_plus_lactate,discrete_cql,3411,4,IS,historical_knn,none,reported_support_fragile,True
sepsis,terminal_90d_plus_lactate,discrete_cql,3411,4,WIS,historical_knn,none,reported_support_fragile,True
sepsis,terminal_90d_plus_lactate,discrete_cql,3411,4,PDIS,historical_knn,none,reported_support_fragile,True
sepsis,terminal_90d_plus_lactate,discrete_cql,3411,4,WPDIS,historical_knn,none,reported_support_fragile,True
sepsis,terminal_90d_plus_lactate,discrete_cql,3411,4,CWPDIS,historical_knn,none,reported_support_fragile,True
sepsis,terminal_90d_plus_lactate,discrete_cql,3411,4,DR,historical_knn,none,reported_support_fragile,True
sepsis,terminal_90d_plus_lactate,discrete_cql,3411,4,WDR,historical_knn,none,reported_support_fragile,True
sepsis,terminal_90d_plus_lactate,discrete_cql,3411,4,FQE,historical_knn,none,reported_support_fragile,True
sepsis,terminal_90d_plus_lactate,discrete_cql,3411,4,support_restricted_WPDIS,historical_knn,none,reported_support_fragile,True
sepsis,terminal_90d_plus_lactate,discrete_cql,3411,4,IS,historical_knn,20.0,reported_support_fragile,True
sepsis,terminal_90d_plus_lactate,discrete_cql,3411,4,WIS,historical_knn,20.0,reported_support_fragile,True
sepsis,terminal_90d_plus_lactate,discrete_cql,3411,4,PDIS,historical_knn,20.0,reported_support_fragile,True
sepsis,terminal_90d_plus_lactate,discrete_cql,3411,4,WPDIS,historical_knn,20.0,reported_support_fragile,True
sepsis,terminal_90d_plus_lactate,discrete_cql,3411,4,CWPDIS,historical_knn,20.0,reported_support_fragile,True
sepsis,terminal_90d_plus_lactate,discrete_cql,3411,4,DR,historical_knn,20.0,reported_support_fragile,True
sepsis,terminal_90d_plus_lactate,discrete_cql,3411,4,WDR,historical_knn,20.0,reported_support_fragile,True
sepsis,terminal_90d_plus_lactate,discrete_cql,3411,4,FQE,historical_knn,20.0,reported_support_fragile,True
sepsis,terminal_90d_plus_lactate,discrete_cql,3411,4,support_restricted_WPDIS,historical_knn,20.0,reported_support_fragile,True
sepsis,terminal_90d_plus_lactate,discrete_cql,3411,4,IS,neural_classifier,none,reported_support_fragile,True
sepsis,terminal_90d_plus_lactate,discrete_cql,3411,4,WIS,neural_classifier,none,reported_support_fragile,True
sepsis,terminal_90d_plus_lactate,discrete_cql,3411,4,PDIS,neural_classifier,none,reported_support_fragile,True
sepsis,terminal_90d_plus_lactate,discrete_cql,3411,4,WPDIS,neural_classifier,none,reported_support_fragile,True
sepsis,terminal_90d_plus_lactate,discrete_cql,3411,4,CWPDIS,neural_classifier,none,reported_support_fragile,True
sepsis,terminal_90d_plus_lactate,discrete_cql,3411,4,DR,neural_classifier,none,reported_support_fragile,True
sepsis,terminal_90d_plus_lactate,discrete_cql,3411,4,WDR,neural_classifier,none,reported_support_fragile,True
sepsis,terminal_90d_plus_lactate,discrete_cql,3411,4,FQE,neural_classifier,none,reported_support_fragile,True
sepsis,terminal_90d_plus_lactate,discrete_cql,3411,4,support_restricted_WPDIS,neural_classifier,none,reported_support_fragile,True
sepsis,terminal_90d_plus_lactate,discrete_cql,3411,4,IS,neural_classifier,20.0,reported_support_fragile,True
sepsis,terminal_90d_plus_lactate,discrete_cql,3411,4,WIS,neural_classifier,20.0,reported_support_fragile,True
sepsis,terminal_90d_plus_lactate,discrete_cql,3411,4,PDIS,neural_classifier,20.0,reported_support_fragile,True
sepsis,terminal_90d_plus_lactate,discrete_cql,3411,4,WPDIS,neural_classifier,20.0,reported_support_fragile,True
sepsis,terminal_90d_plus_lactate,discrete_cql,3411,4,CWPDIS,neural_classifier,20.0,reported_support_fragile,True
sepsis,terminal_90d_plus_lactate,discrete_cql,3411,4,DR,neural_classifier,20.0,reported_support_fragile,True
sepsis,terminal_90d_plus_lactate,discrete_cql,3411,4,WDR,neural_classifier,20.0,reported_support_fragile,True
sepsis,terminal_90d_plus_lactate,discrete_cql,3411,4,FQE,neural_classifier,20.0,reported_support_fragile,True
sepsis,terminal_90d_plus_lactate,discrete_cql,3411,4,support_restricted_WPDIS,neural_classifier,20.0,reported_support_fragile,True
sepsis,terminal_90d_plus_lactate,discrete_cql,3411,8,IS,historical_knn,none,reported_support_fragile,True
sepsis,terminal_90d_plus_lactate,discrete_cql,3411,8,WIS,historical_knn,none,reported_support_fragile,True
sepsis,terminal_90d_plus_lactate,discrete_cql,3411,8,PDIS,historical_knn,none,reported_support_fragile,True
sepsis,terminal_90d_plus_lactate,discrete_cql,3411,8,WPDIS,historical_knn,none,reported_support_fragile,True
sepsis,terminal_90d_plus_lactate,discrete_cql,3411,8,CWPDIS,historical_knn,none,reported_support_fragile,True
sepsis,terminal_90d_plus_lactate,discrete_cql,3411,8,DR,historical_knn,none,reported_support_fragile,True
sepsis,terminal_90d_plus_lactate,discrete_cql,3411,8,WDR,historical_knn,none,reported_support_fragile,True
sepsis,terminal_90d_plus_lactate,discrete_cql,3411,8,FQE,historical_knn,none,reported_support_fragile,True
sepsis,terminal_90d_plus_lactate,discrete_cql,3411,8,support_restricted_WPDIS,historical_knn,none,reported_support_fragile,True
sepsis,terminal_90d_plus_lactate,discrete_cql,3411,8,IS,historical_knn,20.0,reported_support_fragile,True
sepsis,terminal_90d_plus_lactate,discrete_cql,3411,8,WIS,historical_knn,20.0,reported_support_fragile,True
sepsis,terminal_90d_plus_lactate,discrete_cql,3411,8,PDIS,historical_knn,20.0,reported_support_fragile,True
sepsis,terminal_90d_plus_lactate,discrete_cql,3411,8,WPDIS,historical_knn,20.0,reported_support_fragile,True
sepsis,terminal_90d_plus_lactate,discrete_cql,3411,8,CWPDIS,historical_knn,20.0,reported_support_fragile,True
sepsis,terminal_90d_plus_lactate,discrete_cql,3411,8,DR,historical_knn,20.0,reported_support_fragile,True
sepsis,terminal_90d_plus_lactate,discrete_cql,3411,8,WDR,historical_knn,20.0,reported_support_fragile,True
sepsis,terminal_90d_plus_lactate,discrete_cql,3411,8,FQE,historical_knn,20.0,reported_support_fragile,True
sepsis,terminal_90d_plus_lactate,discrete_cql,3411,8,support_restricted_WPDIS,historical_knn,20.0,reported_support_fragile,True
sepsis,terminal_90d_plus_lactate,discrete_cql,3411,8,IS,neural_classifier,none,reported_support_fragile,True
sepsis,terminal_90d_plus_lactate,discrete_cql,3411,8,WIS,neural_classifier,none,reported_support_fragile,True
sepsis,terminal_90d_plus_lactate,discrete_cql,3411,8,PDIS,neural_classifier,none,reported_support_fragile,True
sepsis,terminal_90d_plus_lactate,discrete_cql,3411,8,WPDIS,neural_classifier,none,reported_support_fragile,True
sepsis,terminal_90d_plus_lactate,discrete_cql,3411,8,CWPDIS,neural_classifier,none,reported_support_fragile,True
sepsis,terminal_90d_plus_lactate,discrete_cql,3411,8,DR,neural_classifier,none,reported_support_fragile,True
sepsis,terminal_90d_plus_lactate,discrete_cql,3411,8,WDR,neural_classifier,none,reported_support_fragile,True
sepsis,terminal_90d_plus_lactate,discrete_cql,3411,8,FQE,neural_classifier,none,reported_support_fragile,True
sepsis,terminal_90d_plus_lactate,discrete_cql,3411,8,support_restricted_WPDIS,neural_classifier,none,reported_support_fragile,True
sepsis,terminal_90d_plus_lactate,discrete_cql,3411,8,IS,neural_classifier,20.0,reported_support_fragile,True
sepsis,terminal_90d_plus_lactate,discrete_cql,3411,8,WIS,neural_classifier,20.0,reported_support_fragile,True
sepsis,terminal_90d_plus_lactate,discrete_cql,3411,8,PDIS,neural_classifier,20.0,reported_support_fragile,True
sepsis,terminal_90d_plus_lactate,discrete_cql,3411,8,WPDIS,neural_classifier,20.0,reported_support_fragile,True
sepsis,terminal_90d_plus_lactate,discrete_cql,3411,8,CWPDIS,neural_classifier,20.0,reported_support_fragile,True
sepsis,terminal_90d_plus_lactate,discrete_cql,3411,8,DR,neural_classifier,20.0,reported_support_fragile,True
sepsis,terminal_90d_plus_lactate,discrete_cql,3411,8,WDR,neural_classifier,20.0,reported_support_fragile,True
sepsis,terminal_90d_plus_lactate,discrete_cql,3411,8,FQE,neural_classifier,20.0,reported_support_fragile,True
sepsis,terminal_90d_plus_lactate,discrete_cql,3411,8,support_restricted_WPDIS,neural_classifier,20.0,reported_support_fragile,True
sepsis,terminal_90d_plus_lactate,soft_spibb,3411,1,IS,historical_knn,none,reported_support_fragile,True
sepsis,terminal_90d_plus_lactate,soft_spibb,3411,1,WIS,historical_knn,none,reported_support_fragile,True
sepsis,terminal_90d_plus_lactate,soft_spibb,3411,1,PDIS,historical_knn,none,reported_support_fragile,True
sepsis,terminal_90d_plus_lactate,soft_spibb,3411,1,WPDIS,historical_knn,none,reported_support_fragile,True
sepsis,terminal_90d_plus_lactate,soft_spibb,3411,1,CWPDIS,historical_knn,none,reported_support_fragile,True
sepsis,terminal_90d_plus_lactate,soft_spibb,3411,1,DR,historical_knn,none,reported_support_fragile,True
sepsis,terminal_90d_plus_lactate,soft_spibb,3411,1,WDR,historical_knn,none,reported_support_fragile,True
sepsis,terminal_90d_plus_lactate,soft_spibb,3411,1,FQE,historical_knn,none,reported_support_fragile,True
sepsis,terminal_90d_plus_lactate,soft_spibb,3411,1,support_restricted_WPDIS,historical_knn,none,reported_support_fragile,True
sepsis,terminal_90d_plus_lactate,soft_spibb,3411,1,IS,historical_knn,20.0,reported_support_fragile,True
sepsis,terminal_90d_plus_lactate,soft_spibb,3411,1,WIS,historical_knn,20.0,reported_support_fragile,True
sepsis,terminal_90d_plus_lactate,soft_spibb,3411,1,PDIS,historical_knn,20.0,reported_support_fragile,True
sepsis,terminal_90d_plus_lactate,soft_spibb,3411,1,WPDIS,historical_knn,20.0,reported_support_fragile,True
sepsis,terminal_90d_plus_lactate,soft_spibb,3411,1,CWPDIS,historical_knn,20.0,reported_support_fragile,True
sepsis,terminal_90d_plus_lactate,soft_spibb,3411,1,DR,historical_knn,20.0,reported_support_fragile,True
sepsis,terminal_90d_plus_lactate,soft_spibb,3411,1,WDR,historical_knn,20.0,reported_support_fragile,True
sepsis,terminal_90d_plus_lactate,soft_spibb,3411,1,FQE,historical_knn,20.0,reported_support_fragile,True
sepsis,terminal_90d_plus_lactate,soft_spibb,3411,1,support_restricted_WPDIS,historical_knn,20.0,reported_support_fragile,True
sepsis,terminal_90d_plus_lactate,soft_spibb,3411,1,IS,neural_classifier,none,reported_support_fragile,True
sepsis,terminal_90d_plus_lactate,soft_spibb,3411,1,WIS,neural_classifier,none,reported_support_fragile,True
sepsis,terminal_90d_plus_lactate,soft_spibb,3411,1,PDIS,neural_classifier,none,reported_support_fragile,True
sepsis,terminal_90d_plus_lactate,soft_spibb,3411,1,WPDIS,neural_classifier,none,reported_support_fragile,True
sepsis,terminal_90d_plus_lactate,soft_spibb,3411,1,CWPDIS,neural_classifier,none,reported_support_fragile,True
sepsis,terminal_90d_plus_lactate,soft_spibb,3411,1,DR,neural_classifier,none,reported_support_fragile,True
sepsis,terminal_90d_plus_lactate,soft_spibb,3411,1,WDR,neural_classifier,none,reported_support_fragile,True
sepsis,terminal_90d_plus_lactate,soft_spibb,3411,1,FQE,neural_classifier,none,reported_support_fragile,True
sepsis,terminal_90d_plus_lactate,soft_spibb,3411,1,support_restricted_WPDIS,neural_classifier,none,reported_support_fragile,True
sepsis,terminal_90d_plus_lactate,soft_spibb,3411,1,IS,neural_classifier,20.0,reported_support_fragile,True
sepsis,terminal_90d_plus_lactate,soft_spibb,3411,1,WIS,neural_classifier,20.0,reported_support_fragile,True
sepsis,terminal_90d_plus_lactate,soft_spibb,3411,1,PDIS,neural_classifier,20.0,reported_support_fragile,True
sepsis,terminal_90d_plus_lactate,soft_spibb,3411,1,WPDIS,neural_classifier,20.0,reported_support_fragile,True
sepsis,terminal_90d_plus_lactate,soft_spibb,3411,1,CWPDIS,neural_classifier,20.0,reported_support_fragile,True
sepsis,terminal_90d_plus_lactate,soft_spibb,3411,1,DR,neural_classifier,20.0,reported_support_fragile,True
sepsis,terminal_90d_plus_lactate,soft_spibb,3411,1,WDR,neural_classifier,20.0,reported_support_fragile,True
sepsis,terminal_90d_plus_lactate,soft_spibb,3411,1,FQE,neural_classifier,20.0,reported_support_fragile,True
sepsis,terminal_90d_plus_lactate,soft_spibb,3411,1,support_restricted_WPDIS,neural_classifier,20.0,reported_support_fragile,True
sepsis,terminal_90d_plus_lactate,soft_spibb,3411,4,IS,historical_knn,none,reported_support_fragile,True
sepsis,terminal_90d_plus_lactate,soft_spibb,3411,4,WIS,historical_knn,none,reported_support_fragile,True
sepsis,terminal_90d_plus_lactate,soft_spibb,3411,4,PDIS,historical_knn,none,reported_support_fragile,True
sepsis,terminal_90d_plus_lactate,soft_spibb,3411,4,WPDIS,historical_knn,none,reported_support_fragile,True
sepsis,terminal_90d_plus_lactate,soft_spibb,3411,4,CWPDIS,historical_knn,none,reported_support_fragile,True
sepsis,terminal_90d_plus_lactate,soft_spibb,3411,4,DR,historical_knn,none,reported_support_fragile,True
sepsis,terminal_90d_plus_lactate,soft_spibb,3411,4,WDR,historical_knn,none,reported_support_fragile,True
sepsis,terminal_90d_plus_lactate,soft_spibb,3411,4,FQE,historical_knn,none,reported_support_fragile,True
sepsis,terminal_90d_plus_lactate,soft_spibb,3411,4,support_restricted_WPDIS,historical_knn,none,reported_support_fragile,True
sepsis,terminal_90d_plus_lactate,soft_spibb,3411,4,IS,historical_knn,20.0,reported_support_fragile,True
sepsis,terminal_90d_plus_lactate,soft_spibb,3411,4,WIS,historical_knn,20.0,reported_support_fragile,True
sepsis,terminal_90d_plus_lactate,soft_spibb,3411,4,PDIS,historical_knn,20.0,reported_support_fragile,True
sepsis,terminal_90d_plus_lactate,soft_spibb,3411,4,WPDIS,historical_knn,20.0,reported_support_fragile,True
sepsis,terminal_90d_plus_lactate,soft_spibb,3411,4,CWPDIS,historical_knn,20.0,reported_support_fragile,True
sepsis,terminal_90d_plus_lactate,soft_spibb,3411,4,DR,historical_knn,20.0,reported_support_fragile,True
sepsis,terminal_90d_plus_lactate,soft_spibb,3411,4,WDR,historical_knn,20.0,reported_support_fragile,True
sepsis,terminal_90d_plus_lactate,soft_spibb,3411,4,FQE,historical_knn,20.0,reported_support_fragile,True
sepsis,terminal_90d_plus_lactate,soft_spibb,3411,4,support_restricted_WPDIS,historical_knn,20.0,reported_support_fragile,True
sepsis,terminal_90d_plus_lactate,soft_spibb,3411,4,IS,neural_classifier,none,reported_support_fragile,True
sepsis,terminal_90d_plus_lactate,soft_spibb,3411,4,WIS,neural_classifier,none,reported_support_fragile,True
sepsis,terminal_90d_plus_lactate,soft_spibb,3411,4,PDIS,neural_classifier,none,reported_support_fragile,True
sepsis,terminal_90d_plus_lactate,soft_spibb,3411,4,WPDIS,neural_classifier,none,reported_support_fragile,True
sepsis,terminal_90d_plus_lactate,soft_spibb,3411,4,CWPDIS,neural_classifier,none,reported_support_fragile,True
sepsis,terminal_90d_plus_lactate,soft_spibb,3411,4,DR,neural_classifier,none,reported_support_fragile,True
sepsis,terminal_90d_plus_lactate,soft_spibb,3411,4,WDR,neural_classifier,none,reported_support_fragile,True
sepsis,terminal_90d_plus_lactate,soft_spibb,3411,4,FQE,neural_classifier,none,reported_support_fragile,True
sepsis,terminal_90d_plus_lactate,soft_spibb,3411,4,support_restricted_WPDIS,neural_classifier,none,reported_support_fragile,True
sepsis,terminal_90d_plus_lactate,soft_spibb,3411,4,IS,neural_classifier,20.0,reported_support_fragile,True
sepsis,terminal_90d_plus_lactate,soft_spibb,3411,4,WIS,neural_classifier,20.0,reported_support_fragile,True
sepsis,terminal_90d_plus_lactate,soft_spibb,3411,4,PDIS,neural_classifier,20.0,reported_support_fragile,True
sepsis,terminal_90d_plus_lactate,soft_spibb,3411,4,WPDIS,neural_classifier,20.0,reported_support_fragile,True
sepsis,terminal_90d_plus_lactate,soft_spibb,3411,4,CWPDIS,neural_classifier,20.0,reported_support_fragile,True
sepsis,terminal_90d_plus_lactate,soft_spibb,3411,4,DR,neural_classifier,20.0,reported_support_fragile,True
sepsis,terminal_90d_plus_lactate,soft_spibb,3411,4,WDR,neural_classifier,20.0,reported_support_fragile,True
sepsis,terminal_90d_plus_lactate,soft_spibb,3411,4,FQE,neural_classifier,20.0,reported_support_fragile,True
sepsis,terminal_90d_plus_lactate,soft_spibb,3411,4,support_restricted_WPDIS,neural_classifier,20.0,reported_support_fragile,True
sepsis,terminal_90d_plus_lactate,soft_spibb,3411,8,IS,historical_knn,none,reported_support_fragile,True
sepsis,terminal_90d_plus_lactate,soft_spibb,3411,8,WIS,historical_knn,none,reported_support_fragile,True
sepsis,terminal_90d_plus_lactate,soft_spibb,3411,8,PDIS,historical_knn,none,reported_support_fragile,True
sepsis,terminal_90d_plus_lactate,soft_spibb,3411,8,WPDIS,historical_knn,none,reported_support_fragile,True
sepsis,terminal_90d_plus_lactate,soft_spibb,3411,8,CWPDIS,historical_knn,none,reported_support_fragile,True
sepsis,terminal_90d_plus_lactate,soft_spibb,3411,8,DR,historical_knn,none,reported_support_fragile,True
sepsis,terminal_90d_plus_lactate,soft_spibb,3411,8,WDR,historical_knn,none,reported_support_fragile,True
sepsis,terminal_90d_plus_lactate,soft_spibb,3411,8,FQE,historical_knn,none,reported_support_fragile,True
sepsis,terminal_90d_plus_lactate,soft_spibb,3411,8,support_restricted_WPDIS,historical_knn,none,reported_support_fragile,True
sepsis,terminal_90d_plus_lactate,soft_spibb,3411,8,IS,historical_knn,20.0,reported_support_fragile,True
sepsis,terminal_90d_plus_lactate,soft_spibb,3411,8,WIS,historical_knn,20.0,reported_support_fragile,True
sepsis,terminal_90d_plus_lactate,soft_spibb,3411,8,PDIS,historical_knn,20.0,reported_support_fragile,True
sepsis,terminal_90d_plus_lactate,soft_spibb,3411,8,WPDIS,historical_knn,20.0,reported_support_fragile,True
sepsis,terminal_90d_plus_lactate,soft_spibb,3411,8,CWPDIS,historical_knn,20.0,reported_support_fragile,True
sepsis,terminal_90d_plus_lactate,soft_spibb,3411,8,DR,historical_knn,20.0,reported_support_fragile,True
sepsis,terminal_90d_plus_lactate,soft_spibb,3411,8,WDR,historical_knn,20.0,reported_support_fragile,True
sepsis,terminal_90d_plus_lactate,soft_spibb,3411,8,FQE,historical_knn,20.0,reported_support_fragile,True
sepsis,terminal_90d_plus_lactate,soft_spibb,3411,8,support_restricted_WPDIS,historical_knn,20.0,reported_support_fragile,True
sepsis,terminal_90d_plus_lactate,soft_spibb,3411,8,IS,neural_classifier,none,reported_support_fragile,True
sepsis,terminal_90d_plus_lactate,soft_spibb,3411,8,WIS,neural_classifier,none,reported_support_fragile,True
sepsis,terminal_90d_plus_lactate,soft_spibb,3411,8,PDIS,neural_classifier,none,reported_support_fragile,True
sepsis,terminal_90d_plus_lactate,soft_spibb,3411,8,WPDIS,neural_classifier,none,reported_support_fragile,True
sepsis,terminal_90d_plus_lactate,soft_spibb,3411,8,CWPDIS,neural_classifier,none,reported_support_fragile,True
sepsis,terminal_90d_plus_lactate,soft_spibb,3411,8,DR,neural_classifier,none,reported_support_fragile,True
sepsis,terminal_90d_plus_lactate,soft_spibb,3411,8,WDR,neural_classifier,none,reported_support_fragile,True
sepsis,terminal_90d_plus_lactate,soft_spibb,3411,8,FQE,neural_classifier,none,reported_support_fragile,True
sepsis,terminal_90d_plus_lactate,soft_spibb,3411,8,support_restricted_WPDIS,neural_classifier,none,reported_support_fragile,True
sepsis,terminal_90d_plus_lactate,soft_spibb,3411,8,IS,neural_classifier,20.0,reported_support_fragile,True
sepsis,terminal_90d_plus_lactate,soft_spibb,3411,8,WIS,neural_classifier,20.0,reported_support_fragile,True
sepsis,terminal_90d_plus_lactate,soft_spibb,3411,8,PDIS,neural_classifier,20.0,reported_support_fragile,True
sepsis,terminal_90d_plus_lactate,soft_spibb,3411,8,WPDIS,neural_classifier,20.0,reported_support_fragile,True
sepsis,terminal_90d_plus_lactate,soft_spibb,3411,8,CWPDIS,neural_classifier,20.0,reported_support_fragile,True
sepsis,terminal_90d_plus_lactate,soft_spibb,3411,8,DR,neural_classifier,20.0,reported_support_fragile,True
sepsis,terminal_90d_plus_lactate,soft_spibb,3411,8,WDR,neural_classifier,20.0,reported_support_fragile,True
sepsis,terminal_90d_plus_lactate,soft_spibb,3411,8,FQE,neural_classifier,20.0,reported_support_fragile,True
sepsis,terminal_90d_plus_lactate,soft_spibb,3411,8,support_restricted_WPDIS,neural_classifier,20.0,reported_support_fragile,True
sepsis,terminal_90d_plus_lactate,decision_transformer_adapter,3411,1,IS,historical_knn,none,reported_support_fragile,True
sepsis,terminal_90d_plus_lactate,decision_transformer_adapter,3411,1,WIS,historical_knn,none,reported_support_fragile,True
sepsis,terminal_90d_plus_lactate,decision_transformer_adapter,3411,1,PDIS,historical_knn,none,reported_support_fragile,True
sepsis,terminal_90d_plus_lactate,decision_transformer_adapter,3411,1,WPDIS,historical_knn,none,reported_support_fragile,True
sepsis,terminal_90d_plus_lactate,decision_transformer_adapter,3411,1,CWPDIS,historical_knn,none,reported_support_fragile,True
sepsis,terminal_90d_plus_lactate,decision_transformer_adapter,3411,1,DR,historical_knn,none,reported_support_fragile,True
sepsis,terminal_90d_plus_lactate,decision_transformer_adapter,3411,1,WDR,historical_knn,none,reported_support_fragile,True
sepsis,terminal_90d_plus_lactate,decision_transformer_adapter,3411,1,FQE,historical_knn,none,reported_support_fragile,True
sepsis,terminal_90d_plus_lactate,decision_transformer_adapter,3411,1,support_restricted_WPDIS,historical_knn,none,reported_support_fragile,True
sepsis,terminal_90d_plus_lactate,decision_transformer_adapter,3411,1,IS,historical_knn,20.0,reported_support_fragile,True
sepsis,terminal_90d_plus_lactate,decision_transformer_adapter,3411,1,WIS,historical_knn,20.0,reported_support_fragile,True
sepsis,terminal_90d_plus_lactate,decision_transformer_adapter,3411,1,PDIS,historical_knn,20.0,reported_support_fragile,True
sepsis,terminal_90d_plus_lactate,decision_transformer_adapter,3411,1,WPDIS,historical_knn,20.0,reported_support_fragile,True
sepsis,terminal_90d_plus_lactate,decision_transformer_adapter,3411,1,CWPDIS,historical_knn,20.0,reported_support_fragile,True
sepsis,terminal_90d_plus_lactate,decision_transformer_adapter,3411,1,DR,historical_knn,20.0,reported_support_fragile,True
sepsis,terminal_90d_plus_lactate,decision_transformer_adapter,3411,1,WDR,historical_knn,20.0,reported_support_fragile,True
sepsis,terminal_90d_plus_lactate,decision_transformer_adapter,3411,1,FQE,historical_knn,20.0,reported_support_fragile,True
sepsis,terminal_90d_plus_lactate,decision_transformer_adapter,3411,1,support_restricted_WPDIS,historical_knn,20.0,reported_support_fragile,True
sepsis,terminal_90d_plus_lactate,decision_transformer_adapter,3411,1,IS,neural_classifier,none,reported_support_fragile,True
sepsis,terminal_90d_plus_lactate,decision_transformer_adapter,3411,1,WIS,neural_classifier,none,reported_support_fragile,True
sepsis,terminal_90d_plus_lactate,decision_transformer_adapter,3411,1,PDIS,neural_classifier,none,reported_support_fragile,True
sepsis,terminal_90d_plus_lactate,decision_transformer_adapter,3411,1,WPDIS,neural_classifier,none,reported_support_fragile,True
sepsis,terminal_90d_plus_lactate,decision_transformer_adapter,3411,1,CWPDIS,neural_classifier,none,reported_support_fragile,True
sepsis,terminal_90d_plus_lactate,decision_transformer_adapter,3411,1,DR,neural_classifier,none,reported_support_fragile,True
sepsis,terminal_90d_plus_lactate,decision_transformer_adapter,3411,1,WDR,neural_classifier,none,reported_support_fragile,True
sepsis,terminal_90d_plus_lactate,decision_transformer_adapter,3411,1,FQE,neural_classifier,none,reported_support_fragile,True
sepsis,terminal_90d_plus_lactate,decision_transformer_adapter,3411,1,support_restricted_WPDIS,neural_classifier,none,reported_support_fragile,True
sepsis,terminal_90d_plus_lactate,decision_transformer_adapter,3411,1,IS,neural_classifier,20.0,reported_support_fragile,True
sepsis,terminal_90d_plus_lactate,decision_transformer_adapter,3411,1,WIS,neural_classifier,20.0,reported_support_fragile,True
sepsis,terminal_90d_plus_lactate,decision_transformer_adapter,3411,1,PDIS,neural_classifier,20.0,reported_support_fragile,True
sepsis,terminal_90d_plus_lactate,decision_transformer_adapter,3411,1,WPDIS,neural_classifier,20.0,reported_support_fragile,True
sepsis,terminal_90d_plus_lactate,decision_transformer_adapter,3411,1,CWPDIS,neural_classifier,20.0,reported_support_fragile,True
sepsis,terminal_90d_plus_lactate,decision_transformer_adapter,3411,1,DR,neural_classifier,20.0,reported_support_fragile,True
sepsis,terminal_90d_plus_lactate,decision_transformer_adapter,3411,1,WDR,neural_classifier,20.0,reported_support_fragile,True
sepsis,terminal_90d_plus_lactate,decision_transformer_adapter,3411,1,FQE,neural_classifier,20.0,reported_support_fragile,True
sepsis,terminal_90d_plus_lactate,decision_transformer_adapter,3411,1,support_restricted_WPDIS,neural_classifier,20.0,reported_support_fragile,True
sepsis,terminal_90d_plus_lactate,decision_transformer_adapter,3411,4,IS,historical_knn,none,reported_support_fragile,True
sepsis,terminal_90d_plus_lactate,decision_transformer_adapter,3411,4,WIS,historical_knn,none,reported_support_fragile,True
sepsis,terminal_90d_plus_lactate,decision_transformer_adapter,3411,4,PDIS,historical_knn,none,reported_support_fragile,True
sepsis,terminal_90d_plus_lactate,decision_transformer_adapter,3411,4,WPDIS,historical_knn,none,reported_support_fragile,True
sepsis,terminal_90d_plus_lactate,decision_transformer_adapter,3411,4,CWPDIS,historical_knn,none,reported_support_fragile,True
sepsis,terminal_90d_plus_lactate,decision_transformer_adapter,3411,4,DR,historical_knn,none,reported_support_fragile,True
sepsis,terminal_90d_plus_lactate,decision_transformer_adapter,3411,4,WDR,historical_knn,none,reported_support_fragile,True
sepsis,terminal_90d_plus_lactate,decision_transformer_adapter,3411,4,FQE,historical_knn,none,reported_support_fragile,True
sepsis,terminal_90d_plus_lactate,decision_transformer_adapter,3411,4,support_restricted_WPDIS,historical_knn,none,reported_support_fragile,True
sepsis,terminal_90d_plus_lactate,decision_transformer_adapter,3411,4,IS,historical_knn,20.0,reported_support_fragile,True
sepsis,terminal_90d_plus_lactate,decision_transformer_adapter,3411,4,WIS,historical_knn,20.0,reported_support_fragile,True
sepsis,terminal_90d_plus_lactate,decision_transformer_adapter,3411,4,PDIS,historical_knn,20.0,reported_support_fragile,True
sepsis,terminal_90d_plus_lactate,decision_transformer_adapter,3411,4,WPDIS,historical_knn,20.0,reported_support_fragile,True
sepsis,terminal_90d_plus_lactate,decision_transformer_adapter,3411,4,CWPDIS,historical_knn,20.0,reported_support_fragile,True
sepsis,terminal_90d_plus_lactate,decision_transformer_adapter,3411,4,DR,historical_knn,20.0,reported_support_fragile,True
sepsis,terminal_90d_plus_lactate,decision_transformer_adapter,3411,4,WDR,historical_knn,20.0,reported_support_fragile,True
sepsis,terminal_90d_plus_lactate,decision_transformer_adapter,3411,4,FQE,historical_knn,20.0,reported_support_fragile,True
sepsis,terminal_90d_plus_lactate,decision_transformer_adapter,3411,4,support_restricted_WPDIS,historical_knn,20.0,reported_support_fragile,True
sepsis,terminal_90d_plus_lactate,decision_transformer_adapter,3411,4,IS,neural_classifier,none,reported_support_fragile,True
sepsis,terminal_90d_plus_lactate,decision_transformer_adapter,3411,4,WIS,neural_classifier,none,reported_support_fragile,True
sepsis,terminal_90d_plus_lactate,decision_transformer_adapter,3411,4,PDIS,neural_classifier,none,reported_support_fragile,True
sepsis,terminal_90d_plus_lactate,decision_transformer_adapter,3411,4,WPDIS,neural_classifier,none,reported_support_fragile,True
sepsis,terminal_90d_plus_lactate,decision_transformer_adapter,3411,4,CWPDIS,neural_classifier,none,reported_support_fragile,True
sepsis,terminal_90d_plus_lactate,decision_transformer_adapter,3411,4,DR,neural_classifier,none,reported_support_fragile,True
sepsis,terminal_90d_plus_lactate,decision_transformer_adapter,3411,4,WDR,neural_classifier,none,reported_support_fragile,True
sepsis,terminal_90d_plus_lactate,decision_transformer_adapter,3411,4,FQE,neural_classifier,none,reported_support_fragile,True
sepsis,terminal_90d_plus_lactate,decision_transformer_adapter,3411,4,support_restricted_WPDIS,neural_classifier,none,reported_support_fragile,True
sepsis,terminal_90d_plus_lactate,decision_transformer_adapter,3411,4,IS,neural_classifier,20.0,reported_support_fragile,True
sepsis,terminal_90d_plus_lactate,decision_transformer_adapter,3411,4,WIS,neural_classifier,20.0,reported_support_fragile,True
sepsis,terminal_90d_plus_lactate,decision_transformer_adapter,3411,4,PDIS,neural_classifier,20.0,reported_support_fragile,True
sepsis,terminal_90d_plus_lactate,decision_transformer_adapter,3411,4,WPDIS,neural_classifier,20.0,reported_support_fragile,True
sepsis,terminal_90d_plus_lactate,decision_transformer_adapter,3411,4,CWPDIS,neural_classifier,20.0,reported_support_fragile,True
sepsis,terminal_90d_plus_lactate,decision_transformer_adapter,3411,4,DR,neural_classifier,20.0,reported_support_fragile,True
sepsis,terminal_90d_plus_lactate,decision_transformer_adapter,3411,4,WDR,neural_classifier,20.0,reported_support_fragile,True
sepsis,terminal_90d_plus_lactate,decision_transformer_adapter,3411,4,FQE,neural_classifier,20.0,reported_support_fragile,True
sepsis,terminal_90d_plus_lactate,decision_transformer_adapter,3411,4,support_restricted_WPDIS,neural_classifier,20.0,reported_support_fragile,True
sepsis,terminal_90d_plus_lactate,decision_transformer_adapter,3411,8,IS,historical_knn,none,reported_support_fragile,True
sepsis,terminal_90d_plus_lactate,decision_transformer_adapter,3411,8,WIS,historical_knn,none,reported_support_fragile,True
sepsis,terminal_90d_plus_lactate,decision_transformer_adapter,3411,8,PDIS,historical_knn,none,reported_support_fragile,True
sepsis,terminal_90d_plus_lactate,decision_transformer_adapter,3411,8,WPDIS,historical_knn,none,reported_support_fragile,True
sepsis,terminal_90d_plus_lactate,decision_transformer_adapter,3411,8,CWPDIS,historical_knn,none,reported_support_fragile,True
sepsis,terminal_90d_plus_lactate,decision_transformer_adapter,3411,8,DR,historical_knn,none,reported_support_fragile,True
sepsis,terminal_90d_plus_lactate,decision_transformer_adapter,3411,8,WDR,historical_knn,none,reported_support_fragile,True
sepsis,terminal_90d_plus_lactate,decision_transformer_adapter,3411,8,FQE,historical_knn,none,reported_support_fragile,True
sepsis,terminal_90d_plus_lactate,decision_transformer_adapter,3411,8,support_restricted_WPDIS,historical_knn,none,reported_support_fragile,True
sepsis,terminal_90d_plus_lactate,decision_transformer_adapter,3411,8,IS,historical_knn,20.0,reported_support_fragile,True
sepsis,terminal_90d_plus_lactate,decision_transformer_adapter,3411,8,WIS,historical_knn,20.0,reported_support_fragile,True
sepsis,terminal_90d_plus_lactate,decision_transformer_adapter,3411,8,PDIS,historical_knn,20.0,reported_support_fragile,True
sepsis,terminal_90d_plus_lactate,decision_transformer_adapter,3411,8,WPDIS,historical_knn,20.0,reported_support_fragile,True
sepsis,terminal_90d_plus_lactate,decision_transformer_adapter,3411,8,CWPDIS,historical_knn,20.0,reported_support_fragile,True
sepsis,terminal_90d_plus_lactate,decision_transformer_adapter,3411,8,DR,historical_knn,20.0,reported_support_fragile,True
sepsis,terminal_90d_plus_lactate,decision_transformer_adapter,3411,8,WDR,historical_knn,20.0,reported_support_fragile,True
sepsis,terminal_90d_plus_lactate,decision_transformer_adapter,3411,8,FQE,historical_knn,20.0,reported_support_fragile,True
sepsis,terminal_90d_plus_lactate,decision_transformer_adapter,3411,8,support_restricted_WPDIS,historical_knn,20.0,reported_support_fragile,True
sepsis,terminal_90d_plus_lactate,decision_transformer_adapter,3411,8,IS,neural_classifier,none,reported_support_fragile,True
sepsis,terminal_90d_plus_lactate,decision_transformer_adapter,3411,8,WIS,neural_classifier,none,reported_support_fragile,True
sepsis,terminal_90d_plus_lactate,decision_transformer_adapter,3411,8,PDIS,neural_classifier,none,reported_support_fragile,True
sepsis,terminal_90d_plus_lactate,decision_transformer_adapter,3411,8,WPDIS,neural_classifier,none,reported_support_fragile,True
sepsis,terminal_90d_plus_lactate,decision_transformer_adapter,3411,8,CWPDIS,neural_classifier,none,reported_support_fragile,True
sepsis,terminal_90d_plus_lactate,decision_transformer_adapter,3411,8,DR,neural_classifier,none,reported_support_fragile,True
sepsis,terminal_90d_plus_lactate,decision_transformer_adapter,3411,8,WDR,neural_classifier,none,reported_support_fragile,True
sepsis,terminal_90d_plus_lactate,decision_transformer_adapter,3411,8,FQE,neural_classifier,none,reported_support_fragile,True
sepsis,terminal_90d_plus_lactate,decision_transformer_adapter,3411,8,support_restricted_WPDIS,neural_classifier,none,reported_support_fragile,True
sepsis,terminal_90d_plus_lactate,decision_transformer_adapter,3411,8,IS,neural_classifier,20.0,reported_support_fragile,True
sepsis,terminal_90d_plus_lactate,decision_transformer_adapter,3411,8,WIS,neural_classifier,20.0,reported_support_fragile,True
sepsis,terminal_90d_plus_lactate,decision_transformer_adapter,3411,8,PDIS,neural_classifier,20.0,reported_support_fragile,True
sepsis,terminal_90d_plus_lactate,decision_transformer_adapter,3411,8,WPDIS,neural_classifier,20.0,reported_support_fragile,True
sepsis,terminal_90d_plus_lactate,decision_transformer_adapter,3411,8,CWPDIS,neural_classifier,20.0,reported_support_fragile,True
sepsis,terminal_90d_plus_lactate,decision_transformer_adapter,3411,8,DR,neural_classifier,20.0,reported_support_fragile,True
sepsis,terminal_90d_plus_lactate,decision_transformer_adapter,3411,8,WDR,neural_classifier,20.0,reported_support_fragile,True
sepsis,terminal_90d_plus_lactate,decision_transformer_adapter,3411,8,FQE,neural_classifier,20.0,reported_support_fragile,True
sepsis,terminal_90d_plus_lactate,decision_transformer_adapter,3411,8,support_restricted_WPDIS,neural_classifier,20.0,reported_support_fragile,True
sepsis,terminal_90d_plus_lactate,behavior_cloning,3414,1,IS,historical_knn,none,reported_support_fragile,True
sepsis,terminal_90d_plus_lactate,behavior_cloning,3414,1,WIS,historical_knn,none,reported_support_fragile,True
sepsis,terminal_90d_plus_lactate,behavior_cloning,3414,1,PDIS,historical_knn,none,reported_support_fragile,True
sepsis,terminal_90d_plus_lactate,behavior_cloning,3414,1,WPDIS,historical_knn,none,reported_support_fragile,True
sepsis,terminal_90d_plus_lactate,behavior_cloning,3414,1,CWPDIS,historical_knn,none,reported_support_fragile,True
sepsis,terminal_90d_plus_lactate,behavior_cloning,3414,1,DR,historical_knn,none,reported_support_fragile,True
sepsis,terminal_90d_plus_lactate,behavior_cloning,3414,1,WDR,historical_knn,none,reported_support_fragile,True
sepsis,terminal_90d_plus_lactate,behavior_cloning,3414,1,FQE,historical_knn,none,reported_support_fragile,True
sepsis,terminal_90d_plus_lactate,behavior_cloning,3414,1,support_restricted_WPDIS,historical_knn,none,reported_support_fragile,True
sepsis,terminal_90d_plus_lactate,behavior_cloning,3414,1,IS,historical_knn,20.0,reported_support_fragile,True
sepsis,terminal_90d_plus_lactate,behavior_cloning,3414,1,WIS,historical_knn,20.0,reported_support_fragile,True
sepsis,terminal_90d_plus_lactate,behavior_cloning,3414,1,PDIS,historical_knn,20.0,reported_support_fragile,True
sepsis,terminal_90d_plus_lactate,behavior_cloning,3414,1,WPDIS,historical_knn,20.0,reported_support_fragile,True
sepsis,terminal_90d_plus_lactate,behavior_cloning,3414,1,CWPDIS,historical_knn,20.0,reported_support_fragile,True
sepsis,terminal_90d_plus_lactate,behavior_cloning,3414,1,DR,historical_knn,20.0,reported_support_fragile,True
sepsis,terminal_90d_plus_lactate,behavior_cloning,3414,1,WDR,historical_knn,20.0,reported_support_fragile,True
sepsis,terminal_90d_plus_lactate,behavior_cloning,3414,1,FQE,historical_knn,20.0,reported_support_fragile,True
sepsis,terminal_90d_plus_lactate,behavior_cloning,3414,1,support_restricted_WPDIS,historical_knn,20.0,reported_support_fragile,True
sepsis,terminal_90d_plus_lactate,behavior_cloning,3414,1,IS,neural_classifier,none,reported_support_fragile,True
sepsis,terminal_90d_plus_lactate,behavior_cloning,3414,1,WIS,neural_classifier,none,reported_support_fragile,True
sepsis,terminal_90d_plus_lactate,behavior_cloning,3414,1,PDIS,neural_classifier,none,reported_support_fragile,True
sepsis,terminal_90d_plus_lactate,behavior_cloning,3414,1,WPDIS,neural_classifier,none,reported_support_fragile,True
sepsis,terminal_90d_plus_lactate,behavior_cloning,3414,1,CWPDIS,neural_classifier,none,reported_support_fragile,True
sepsis,terminal_90d_plus_lactate,behavior_cloning,3414,1,DR,neural_classifier,none,reported_support_fragile,True
sepsis,terminal_90d_plus_lactate,behavior_cloning,3414,1,WDR,neural_classifier,none,reported_support_fragile,True
sepsis,terminal_90d_plus_lactate,behavior_cloning,3414,1,FQE,neural_classifier,none,reported_support_fragile,True
sepsis,terminal_90d_plus_lactate,behavior_cloning,3414,1,support_restricted_WPDIS,neural_classifier,none,reported_support_fragile,True
sepsis,terminal_90d_plus_lactate,behavior_cloning,3414,1,IS,neural_classifier,20.0,reported_support_fragile,True
sepsis,terminal_90d_plus_lactate,behavior_cloning,3414,1,WIS,neural_classifier,20.0,reported_support_fragile,True
sepsis,terminal_90d_plus_lactate,behavior_cloning,3414,1,PDIS,neural_classifier,20.0,reported_support_fragile,True
sepsis,terminal_90d_plus_lactate,behavior_cloning,3414,1,WPDIS,neural_classifier,20.0,reported_support_fragile,True
sepsis,terminal_90d_plus_lactate,behavior_cloning,3414,1,CWPDIS,neural_classifier,20.0,reported_support_fragile,True
sepsis,terminal_90d_plus_lactate,behavior_cloning,3414,1,DR,neural_classifier,20.0,reported_support_fragile,True
sepsis,terminal_90d_plus_lactate,behavior_cloning,3414,1,WDR,neural_classifier,20.0,reported_support_fragile,True
sepsis,terminal_90d_plus_lactate,behavior_cloning,3414,1,FQE,neural_classifier,20.0,reported_support_fragile,True
sepsis,terminal_90d_plus_lactate,behavior_cloning,3414,1,support_restricted_WPDIS,neural_classifier,20.0,reported_support_fragile,True
sepsis,terminal_90d_plus_lactate,behavior_cloning,3414,4,IS,historical_knn,none,reported_support_fragile,True
sepsis,terminal_90d_plus_lactate,behavior_cloning,3414,4,WIS,historical_knn,none,reported_support_fragile,True
sepsis,terminal_90d_plus_lactate,behavior_cloning,3414,4,PDIS,historical_knn,none,reported_support_fragile,True
sepsis,terminal_90d_plus_lactate,behavior_cloning,3414,4,WPDIS,historical_knn,none,reported_support_fragile,True
sepsis,terminal_90d_plus_lactate,behavior_cloning,3414,4,CWPDIS,historical_knn,none,reported_support_fragile,True
sepsis,terminal_90d_plus_lactate,behavior_cloning,3414,4,DR,historical_knn,none,reported_support_fragile,True
sepsis,terminal_90d_plus_lactate,behavior_cloning,3414,4,WDR,historical_knn,none,reported_support_fragile,True
sepsis,terminal_90d_plus_lactate,behavior_cloning,3414,4,FQE,historical_knn,none,reported_support_fragile,True
sepsis,terminal_90d_plus_lactate,behavior_cloning,3414,4,support_restricted_WPDIS,historical_knn,none,reported_support_fragile,True
sepsis,terminal_90d_plus_lactate,behavior_cloning,3414,4,IS,historical_knn,20.0,reported_support_fragile,True
sepsis,terminal_90d_plus_lactate,behavior_cloning,3414,4,WIS,historical_knn,20.0,reported_support_fragile,True
sepsis,terminal_90d_plus_lactate,behavior_cloning,3414,4,PDIS,historical_knn,20.0,reported_support_fragile,True
sepsis,terminal_90d_plus_lactate,behavior_cloning,3414,4,WPDIS,historical_knn,20.0,reported_support_fragile,True
sepsis,terminal_90d_plus_lactate,behavior_cloning,3414,4,CWPDIS,historical_knn,20.0,reported_support_fragile,True
sepsis,terminal_90d_plus_lactate,behavior_cloning,3414,4,DR,historical_knn,20.0,reported_support_fragile,True
sepsis,terminal_90d_plus_lactate,behavior_cloning,3414,4,WDR,historical_knn,20.0,reported_support_fragile,True
sepsis,terminal_90d_plus_lactate,behavior_cloning,3414,4,FQE,historical_knn,20.0,reported_support_fragile,True
sepsis,terminal_90d_plus_lactate,behavior_cloning,3414,4,support_restricted_WPDIS,historical_knn,20.0,reported_support_fragile,True
sepsis,terminal_90d_plus_lactate,behavior_cloning,3414,4,IS,neural_classifier,none,reported_support_fragile,True
sepsis,terminal_90d_plus_lactate,behavior_cloning,3414,4,WIS,neural_classifier,none,reported_support_fragile,True
sepsis,terminal_90d_plus_lactate,behavior_cloning,3414,4,PDIS,neural_classifier,none,reported_support_fragile,True
sepsis,terminal_90d_plus_lactate,behavior_cloning,3414,4,WPDIS,neural_classifier,none,reported_support_fragile,True
sepsis,terminal_90d_plus_lactate,behavior_cloning,3414,4,CWPDIS,neural_classifier,none,reported_support_fragile,True
sepsis,terminal_90d_plus_lactate,behavior_cloning,3414,4,DR,neural_classifier,none,reported_support_fragile,True
sepsis,terminal_90d_plus_lactate,behavior_cloning,3414,4,WDR,neural_classifier,none,reported_support_fragile,True
sepsis,terminal_90d_plus_lactate,behavior_cloning,3414,4,FQE,neural_classifier,none,reported_support_fragile,True
sepsis,terminal_90d_plus_lactate,behavior_cloning,3414,4,support_restricted_WPDIS,neural_classifier,none,reported_support_fragile,True
sepsis,terminal_90d_plus_lactate,behavior_cloning,3414,4,IS,neural_classifier,20.0,reported_support_fragile,True
sepsis,terminal_90d_plus_lactate,behavior_cloning,3414,4,WIS,neural_classifier,20.0,reported_support_fragile,True
sepsis,terminal_90d_plus_lactate,behavior_cloning,3414,4,PDIS,neural_classifier,20.0,reported_support_fragile,True
sepsis,terminal_90d_plus_lactate,behavior_cloning,3414,4,WPDIS,neural_classifier,20.0,reported_support_fragile,True
sepsis,terminal_90d_plus_lactate,behavior_cloning,3414,4,CWPDIS,neural_classifier,20.0,reported_support_fragile,True
sepsis,terminal_90d_plus_lactate,behavior_cloning,3414,4,DR,neural_classifier,20.0,reported_support_fragile,True
sepsis,terminal_90d_plus_lactate,behavior_cloning,3414,4,WDR,neural_classifier,20.0,reported_support_fragile,True
sepsis,terminal_90d_plus_lactate,behavior_cloning,3414,4,FQE,neural_classifier,20.0,reported_support_fragile,True
sepsis,terminal_90d_plus_lactate,behavior_cloning,3414,4,support_restricted_WPDIS,neural_classifier,20.0,reported_support_fragile,True
sepsis,terminal_90d_plus_lactate,behavior_cloning,3414,8,IS,historical_knn,none,reported_support_fragile,True
sepsis,terminal_90d_plus_lactate,behavior_cloning,3414,8,WIS,historical_knn,none,reported_support_fragile,True
sepsis,terminal_90d_plus_lactate,behavior_cloning,3414,8,PDIS,historical_knn,none,reported_support_fragile,True
sepsis,terminal_90d_plus_lactate,behavior_cloning,3414,8,WPDIS,historical_knn,none,reported_support_fragile,True
sepsis,terminal_90d_plus_lactate,behavior_cloning,3414,8,CWPDIS,historical_knn,none,reported_support_fragile,True
sepsis,terminal_90d_plus_lactate,behavior_cloning,3414,8,DR,historical_knn,none,reported_support_fragile,True
sepsis,terminal_90d_plus_lactate,behavior_cloning,3414,8,WDR,historical_knn,none,reported_support_fragile,True
sepsis,terminal_90d_plus_lactate,behavior_cloning,3414,8,FQE,historical_knn,none,reported_support_fragile,True
sepsis,terminal_90d_plus_lactate,behavior_cloning,3414,8,support_restricted_WPDIS,historical_knn,none,reported_support_fragile,True
sepsis,terminal_90d_plus_lactate,behavior_cloning,3414,8,IS,historical_knn,20.0,reported_support_fragile,True
sepsis,terminal_90d_plus_lactate,behavior_cloning,3414,8,WIS,historical_knn,20.0,reported_support_fragile,True
sepsis,terminal_90d_plus_lactate,behavior_cloning,3414,8,PDIS,historical_knn,20.0,reported_support_fragile,True
sepsis,terminal_90d_plus_lactate,behavior_cloning,3414,8,WPDIS,historical_knn,20.0,reported_support_fragile,True
sepsis,terminal_90d_plus_lactate,behavior_cloning,3414,8,CWPDIS,historical_knn,20.0,reported_support_fragile,True
sepsis,terminal_90d_plus_lactate,behavior_cloning,3414,8,DR,historical_knn,20.0,reported_support_fragile,True
sepsis,terminal_90d_plus_lactate,behavior_cloning,3414,8,WDR,historical_knn,20.0,reported_support_fragile,True
sepsis,terminal_90d_plus_lactate,behavior_cloning,3414,8,FQE,historical_knn,20.0,reported_support_fragile,True
sepsis,terminal_90d_plus_lactate,behavior_cloning,3414,8,support_restricted_WPDIS,historical_knn,20.0,reported_support_fragile,True
sepsis,terminal_90d_plus_lactate,behavior_cloning,3414,8,IS,neural_classifier,none,reported_support_fragile,True
sepsis,terminal_90d_plus_lactate,behavior_cloning,3414,8,WIS,neural_classifier,none,reported_support_fragile,True
sepsis,terminal_90d_plus_lactate,behavior_cloning,3414,8,PDIS,neural_classifier,none,reported_support_fragile,True
sepsis,terminal_90d_plus_lactate,behavior_cloning,3414,8,WPDIS,neural_classifier,none,reported_support_fragile,True
sepsis,terminal_90d_plus_lactate,behavior_cloning,3414,8,CWPDIS,neural_classifier,none,reported_support_fragile,True
sepsis,terminal_90d_plus_lactate,behavior_cloning,3414,8,DR,neural_classifier,none,reported_support_fragile,True
sepsis,terminal_90d_plus_lactate,behavior_cloning,3414,8,WDR,neural_classifier,none,reported_support_fragile,True
sepsis,terminal_90d_plus_lactate,behavior_cloning,3414,8,FQE,neural_classifier,none,reported_support_fragile,True
sepsis,terminal_90d_plus_lactate,behavior_cloning,3414,8,support_restricted_WPDIS,neural_classifier,none,reported_support_fragile,True
sepsis,terminal_90d_plus_lactate,behavior_cloning,3414,8,IS,neural_classifier,20.0,reported_support_fragile,True
sepsis,terminal_90d_plus_lactate,behavior_cloning,3414,8,WIS,neural_classifier,20.0,reported_support_fragile,True
sepsis,terminal_90d_plus_lactate,behavior_cloning,3414,8,PDIS,neural_classifier,20.0,reported_support_fragile,True
sepsis,terminal_90d_plus_lactate,behavior_cloning,3414,8,WPDIS,neural_classifier,20.0,reported_support_fragile,True
sepsis,terminal_90d_plus_lactate,behavior_cloning,3414,8,CWPDIS,neural_classifier,20.0,reported_support_fragile,True
sepsis,terminal_90d_plus_lactate,behavior_cloning,3414,8,DR,neural_classifier,20.0,reported_support_fragile,True
sepsis,terminal_90d_plus_lactate,behavior_cloning,3414,8,WDR,neural_classifier,20.0,reported_support_fragile,True
sepsis,terminal_90d_plus_lactate,behavior_cloning,3414,8,FQE,neural_classifier,20.0,reported_support_fragile,True
sepsis,terminal_90d_plus_lactate,behavior_cloning,3414,8,support_restricted_WPDIS,neural_classifier,20.0,reported_support_fragile,True
sepsis,terminal_90d_plus_lactate,discrete_bcq,3414,1,IS,historical_knn,none,reported_support_fragile,True
sepsis,terminal_90d_plus_lactate,discrete_bcq,3414,1,WIS,historical_knn,none,reported_support_fragile,True
sepsis,terminal_90d_plus_lactate,discrete_bcq,3414,1,PDIS,historical_knn,none,reported_support_fragile,True
sepsis,terminal_90d_plus_lactate,discrete_bcq,3414,1,WPDIS,historical_knn,none,reported_support_fragile,True
sepsis,terminal_90d_plus_lactate,discrete_bcq,3414,1,CWPDIS,historical_knn,none,reported_support_fragile,True
sepsis,terminal_90d_plus_lactate,discrete_bcq,3414,1,DR,historical_knn,none,reported_support_fragile,True
sepsis,terminal_90d_plus_lactate,discrete_bcq,3414,1,WDR,historical_knn,none,reported_support_fragile,True
sepsis,terminal_90d_plus_lactate,discrete_bcq,3414,1,FQE,historical_knn,none,reported_support_fragile,True
sepsis,terminal_90d_plus_lactate,discrete_bcq,3414,1,support_restricted_WPDIS,historical_knn,none,reported_support_fragile,True
sepsis,terminal_90d_plus_lactate,discrete_bcq,3414,1,IS,historical_knn,20.0,reported_support_fragile,True
sepsis,terminal_90d_plus_lactate,discrete_bcq,3414,1,WIS,historical_knn,20.0,reported_support_fragile,True
sepsis,terminal_90d_plus_lactate,discrete_bcq,3414,1,PDIS,historical_knn,20.0,reported_support_fragile,True
sepsis,terminal_90d_plus_lactate,discrete_bcq,3414,1,WPDIS,historical_knn,20.0,reported_support_fragile,True
sepsis,terminal_90d_plus_lactate,discrete_bcq,3414,1,CWPDIS,historical_knn,20.0,reported_support_fragile,True
sepsis,terminal_90d_plus_lactate,discrete_bcq,3414,1,DR,historical_knn,20.0,reported_support_fragile,True
sepsis,terminal_90d_plus_lactate,discrete_bcq,3414,1,WDR,historical_knn,20.0,reported_support_fragile,True
sepsis,terminal_90d_plus_lactate,discrete_bcq,3414,1,FQE,historical_knn,20.0,reported_support_fragile,True
sepsis,terminal_90d_plus_lactate,discrete_bcq,3414,1,support_restricted_WPDIS,historical_knn,20.0,reported_support_fragile,True
sepsis,terminal_90d_plus_lactate,discrete_bcq,3414,1,IS,neural_classifier,none,reported_support_fragile,True
sepsis,terminal_90d_plus_lactate,discrete_bcq,3414,1,WIS,neural_classifier,none,reported_support_fragile,True
sepsis,terminal_90d_plus_lactate,discrete_bcq,3414,1,PDIS,neural_classifier,none,reported_support_fragile,True
sepsis,terminal_90d_plus_lactate,discrete_bcq,3414,1,WPDIS,neural_classifier,none,reported_support_fragile,True
sepsis,terminal_90d_plus_lactate,discrete_bcq,3414,1,CWPDIS,neural_classifier,none,reported_support_fragile,True
sepsis,terminal_90d_plus_lactate,discrete_bcq,3414,1,DR,neural_classifier,none,reported_support_fragile,True
sepsis,terminal_90d_plus_lactate,discrete_bcq,3414,1,WDR,neural_classifier,none,reported_support_fragile,True
sepsis,terminal_90d_plus_lactate,discrete_bcq,3414,1,FQE,neural_classifier,none,reported_support_fragile,True
sepsis,terminal_90d_plus_lactate,discrete_bcq,3414,1,support_restricted_WPDIS,neural_classifier,none,reported_support_fragile,True
sepsis,terminal_90d_plus_lactate,discrete_bcq,3414,1,IS,neural_classifier,20.0,reported_support_fragile,True
sepsis,terminal_90d_plus_lactate,discrete_bcq,3414,1,WIS,neural_classifier,20.0,reported_support_fragile,True
sepsis,terminal_90d_plus_lactate,discrete_bcq,3414,1,PDIS,neural_classifier,20.0,reported_support_fragile,True
sepsis,terminal_90d_plus_lactate,discrete_bcq,3414,1,WPDIS,neural_classifier,20.0,reported_support_fragile,True
sepsis,terminal_90d_plus_lactate,discrete_bcq,3414,1,CWPDIS,neural_classifier,20.0,reported_support_fragile,True
sepsis,terminal_90d_plus_lactate,discrete_bcq,3414,1,DR,neural_classifier,20.0,reported_support_fragile,True
sepsis,terminal_90d_plus_lactate,discrete_bcq,3414,1,WDR,neural_classifier,20.0,reported_support_fragile,True
sepsis,terminal_90d_plus_lactate,discrete_bcq,3414,1,FQE,neural_classifier,20.0,reported_support_fragile,True
sepsis,terminal_90d_plus_lactate,discrete_bcq,3414,1,support_restricted_WPDIS,neural_classifier,20.0,reported_support_fragile,True
sepsis,terminal_90d_plus_lactate,discrete_bcq,3414,4,IS,historical_knn,none,reported_support_fragile,True
sepsis,terminal_90d_plus_lactate,discrete_bcq,3414,4,WIS,historical_knn,none,reported_support_fragile,True
sepsis,terminal_90d_plus_lactate,discrete_bcq,3414,4,PDIS,historical_knn,none,reported_support_fragile,True
sepsis,terminal_90d_plus_lactate,discrete_bcq,3414,4,WPDIS,historical_knn,none,reported_support_fragile,True
sepsis,terminal_90d_plus_lactate,discrete_bcq,3414,4,CWPDIS,historical_knn,none,reported_support_fragile,True
sepsis,terminal_90d_plus_lactate,discrete_bcq,3414,4,DR,historical_knn,none,reported_support_fragile,True
sepsis,terminal_90d_plus_lactate,discrete_bcq,3414,4,WDR,historical_knn,none,reported_support_fragile,True
sepsis,terminal_90d_plus_lactate,discrete_bcq,3414,4,FQE,historical_knn,none,reported_support_fragile,True
sepsis,terminal_90d_plus_lactate,discrete_bcq,3414,4,support_restricted_WPDIS,historical_knn,none,reported_support_fragile,True
sepsis,terminal_90d_plus_lactate,discrete_bcq,3414,4,IS,historical_knn,20.0,reported_support_fragile,True
sepsis,terminal_90d_plus_lactate,discrete_bcq,3414,4,WIS,historical_knn,20.0,reported_support_fragile,True
sepsis,terminal_90d_plus_lactate,discrete_bcq,3414,4,PDIS,historical_knn,20.0,reported_support_fragile,True
sepsis,terminal_90d_plus_lactate,discrete_bcq,3414,4,WPDIS,historical_knn,20.0,reported_support_fragile,True
sepsis,terminal_90d_plus_lactate,discrete_bcq,3414,4,CWPDIS,historical_knn,20.0,reported_support_fragile,True
sepsis,terminal_90d_plus_lactate,discrete_bcq,3414,4,DR,historical_knn,20.0,reported_support_fragile,True
sepsis,terminal_90d_plus_lactate,discrete_bcq,3414,4,WDR,historical_knn,20.0,reported_support_fragile,True
sepsis,terminal_90d_plus_lactate,discrete_bcq,3414,4,FQE,historical_knn,20.0,reported_support_fragile,True
sepsis,terminal_90d_plus_lactate,discrete_bcq,3414,4,support_restricted_WPDIS,historical_knn,20.0,reported_support_fragile,True
sepsis,terminal_90d_plus_lactate,discrete_bcq,3414,4,IS,neural_classifier,none,reported_support_fragile,True
sepsis,terminal_90d_plus_lactate,discrete_bcq,3414,4,WIS,neural_classifier,none,reported_support_fragile,True
sepsis,terminal_90d_plus_lactate,discrete_bcq,3414,4,PDIS,neural_classifier,none,reported_support_fragile,True
sepsis,terminal_90d_plus_lactate,discrete_bcq,3414,4,WPDIS,neural_classifier,none,reported_support_fragile,True
sepsis,terminal_90d_plus_lactate,discrete_bcq,3414,4,CWPDIS,neural_classifier,none,reported_support_fragile,True
sepsis,terminal_90d_plus_lactate,discrete_bcq,3414,4,DR,neural_classifier,none,reported_support_fragile,True
sepsis,terminal_90d_plus_lactate,discrete_bcq,3414,4,WDR,neural_classifier,none,reported_support_fragile,True
sepsis,terminal_90d_plus_lactate,discrete_bcq,3414,4,FQE,neural_classifier,none,reported_support_fragile,True
sepsis,terminal_90d_plus_lactate,discrete_bcq,3414,4,support_restricted_WPDIS,neural_classifier,none,reported_support_fragile,True
sepsis,terminal_90d_plus_lactate,discrete_bcq,3414,4,IS,neural_classifier,20.0,reported_support_fragile,True
sepsis,terminal_90d_plus_lactate,discrete_bcq,3414,4,WIS,neural_classifier,20.0,reported_support_fragile,True
sepsis,terminal_90d_plus_lactate,discrete_bcq,3414,4,PDIS,neural_classifier,20.0,reported_support_fragile,True
sepsis,terminal_90d_plus_lactate,discrete_bcq,3414,4,WPDIS,neural_classifier,20.0,reported_support_fragile,True
sepsis,terminal_90d_plus_lactate,discrete_bcq,3414,4,CWPDIS,neural_classifier,20.0,reported_support_fragile,True
sepsis,terminal_90d_plus_lactate,discrete_bcq,3414,4,DR,neural_classifier,20.0,reported_support_fragile,True
sepsis,terminal_90d_plus_lactate,discrete_bcq,3414,4,WDR,neural_classifier,20.0,reported_support_fragile,True
sepsis,terminal_90d_plus_lactate,discrete_bcq,3414,4,FQE,neural_classifier,20.0,reported_support_fragile,True
sepsis,terminal_90d_plus_lactate,discrete_bcq,3414,4,support_restricted_WPDIS,neural_classifier,20.0,reported_support_fragile,True
sepsis,terminal_90d_plus_lactate,discrete_bcq,3414,8,IS,historical_knn,none,reported_support_fragile,True
sepsis,terminal_90d_plus_lactate,discrete_bcq,3414,8,WIS,historical_knn,none,reported_support_fragile,True
sepsis,terminal_90d_plus_lactate,discrete_bcq,3414,8,PDIS,historical_knn,none,reported_support_fragile,True
sepsis,terminal_90d_plus_lactate,discrete_bcq,3414,8,WPDIS,historical_knn,none,reported_support_fragile,True
sepsis,terminal_90d_plus_lactate,discrete_bcq,3414,8,CWPDIS,historical_knn,none,reported_support_fragile,True
sepsis,terminal_90d_plus_lactate,discrete_bcq,3414,8,DR,historical_knn,none,reported_support_fragile,True
sepsis,terminal_90d_plus_lactate,discrete_bcq,3414,8,WDR,historical_knn,none,reported_support_fragile,True
sepsis,terminal_90d_plus_lactate,discrete_bcq,3414,8,FQE,historical_knn,none,reported_support_fragile,True
sepsis,terminal_90d_plus_lactate,discrete_bcq,3414,8,support_restricted_WPDIS,historical_knn,none,reported_support_fragile,True
sepsis,terminal_90d_plus_lactate,discrete_bcq,3414,8,IS,historical_knn,20.0,reported_support_fragile,True
sepsis,terminal_90d_plus_lactate,discrete_bcq,3414,8,WIS,historical_knn,20.0,reported_support_fragile,True
sepsis,terminal_90d_plus_lactate,discrete_bcq,3414,8,PDIS,historical_knn,20.0,reported_support_fragile,True
sepsis,terminal_90d_plus_lactate,discrete_bcq,3414,8,WPDIS,historical_knn,20.0,reported_support_fragile,True
sepsis,terminal_90d_plus_lactate,discrete_bcq,3414,8,CWPDIS,historical_knn,20.0,reported_support_fragile,True
sepsis,terminal_90d_plus_lactate,discrete_bcq,3414,8,DR,historical_knn,20.0,reported_support_fragile,True
sepsis,terminal_90d_plus_lactate,discrete_bcq,3414,8,WDR,historical_knn,20.0,reported_support_fragile,True
sepsis,terminal_90d_plus_lactate,discrete_bcq,3414,8,FQE,historical_knn,20.0,reported_support_fragile,True
sepsis,terminal_90d_plus_lactate,discrete_bcq,3414,8,support_restricted_WPDIS,historical_knn,20.0,reported_support_fragile,True
sepsis,terminal_90d_plus_lactate,discrete_bcq,3414,8,IS,neural_classifier,none,reported_support_fragile,True
sepsis,terminal_90d_plus_lactate,discrete_bcq,3414,8,WIS,neural_classifier,none,reported_support_fragile,True
sepsis,terminal_90d_plus_lactate,discrete_bcq,3414,8,PDIS,neural_classifier,none,reported_support_fragile,True
sepsis,terminal_90d_plus_lactate,discrete_bcq,3414,8,WPDIS,neural_classifier,none,reported_support_fragile,True
sepsis,terminal_90d_plus_lactate,discrete_bcq,3414,8,CWPDIS,neural_classifier,none,reported_support_fragile,True
sepsis,terminal_90d_plus_lactate,discrete_bcq,3414,8,DR,neural_classifier,none,reported_support_fragile,True
sepsis,terminal_90d_plus_lactate,discrete_bcq,3414,8,WDR,neural_classifier,none,reported_support_fragile,True
sepsis,terminal_90d_plus_lactate,discrete_bcq,3414,8,FQE,neural_classifier,none,reported_support_fragile,True
sepsis,terminal_90d_plus_lactate,discrete_bcq,3414,8,support_restricted_WPDIS,neural_classifier,none,reported_support_fragile,True
sepsis,terminal_90d_plus_lactate,discrete_bcq,3414,8,IS,neural_classifier,20.0,reported_support_fragile,True
sepsis,terminal_90d_plus_lactate,discrete_bcq,3414,8,WIS,neural_classifier,20.0,reported_support_fragile,True
sepsis,terminal_90d_plus_lactate,discrete_bcq,3414,8,PDIS,neural_classifier,20.0,reported_support_fragile,True
sepsis,terminal_90d_plus_lactate,discrete_bcq,3414,8,WPDIS,neural_classifier,20.0,reported_support_fragile,True
sepsis,terminal_90d_plus_lactate,discrete_bcq,3414,8,CWPDIS,neural_classifier,20.0,reported_support_fragile,True
sepsis,terminal_90d_plus_lactate,discrete_bcq,3414,8,DR,neural_classifier,20.0,reported_support_fragile,True
sepsis,terminal_90d_plus_lactate,discrete_bcq,3414,8,WDR,neural_classifier,20.0,reported_support_fragile,True
sepsis,terminal_90d_plus_lactate,discrete_bcq,3414,8,FQE,neural_classifier,20.0,reported_support_fragile,True
sepsis,terminal_90d_plus_lactate,discrete_bcq,3414,8,support_restricted_WPDIS,neural_classifier,20.0,reported_support_fragile,True
sepsis,terminal_90d_plus_lactate,discrete_cql,3414,1,IS,historical_knn,none,reported_support_fragile,True
sepsis,terminal_90d_plus_lactate,discrete_cql,3414,1,WIS,historical_knn,none,reported_support_fragile,True
sepsis,terminal_90d_plus_lactate,discrete_cql,3414,1,PDIS,historical_knn,none,reported_support_fragile,True
sepsis,terminal_90d_plus_lactate,discrete_cql,3414,1,WPDIS,historical_knn,none,reported_support_fragile,True
sepsis,terminal_90d_plus_lactate,discrete_cql,3414,1,CWPDIS,historical_knn,none,reported_support_fragile,True
sepsis,terminal_90d_plus_lactate,discrete_cql,3414,1,DR,historical_knn,none,reported_support_fragile,True
sepsis,terminal_90d_plus_lactate,discrete_cql,3414,1,WDR,historical_knn,none,reported_support_fragile,True
sepsis,terminal_90d_plus_lactate,discrete_cql,3414,1,FQE,historical_knn,none,reported_support_fragile,True
sepsis,terminal_90d_plus_lactate,discrete_cql,3414,1,support_restricted_WPDIS,historical_knn,none,reported_support_fragile,True
sepsis,terminal_90d_plus_lactate,discrete_cql,3414,1,IS,historical_knn,20.0,reported_support_fragile,True
sepsis,terminal_90d_plus_lactate,discrete_cql,3414,1,WIS,historical_knn,20.0,reported_support_fragile,True
sepsis,terminal_90d_plus_lactate,discrete_cql,3414,1,PDIS,historical_knn,20.0,reported_support_fragile,True
sepsis,terminal_90d_plus_lactate,discrete_cql,3414,1,WPDIS,historical_knn,20.0,reported_support_fragile,True
sepsis,terminal_90d_plus_lactate,discrete_cql,3414,1,CWPDIS,historical_knn,20.0,reported_support_fragile,True
sepsis,terminal_90d_plus_lactate,discrete_cql,3414,1,DR,historical_knn,20.0,reported_support_fragile,True
sepsis,terminal_90d_plus_lactate,discrete_cql,3414,1,WDR,historical_knn,20.0,reported_support_fragile,True
sepsis,terminal_90d_plus_lactate,discrete_cql,3414,1,FQE,historical_knn,20.0,reported_support_fragile,True
sepsis,terminal_90d_plus_lactate,discrete_cql,3414,1,support_restricted_WPDIS,historical_knn,20.0,reported_support_fragile,True
sepsis,terminal_90d_plus_lactate,discrete_cql,3414,1,IS,neural_classifier,none,reported_support_fragile,True
sepsis,terminal_90d_plus_lactate,discrete_cql,3414,1,WIS,neural_classifier,none,reported_support_fragile,True
sepsis,terminal_90d_plus_lactate,discrete_cql,3414,1,PDIS,neural_classifier,none,reported_support_fragile,True
sepsis,terminal_90d_plus_lactate,discrete_cql,3414,1,WPDIS,neural_classifier,none,reported_support_fragile,True
sepsis,terminal_90d_plus_lactate,discrete_cql,3414,1,CWPDIS,neural_classifier,none,reported_support_fragile,True
sepsis,terminal_90d_plus_lactate,discrete_cql,3414,1,DR,neural_classifier,none,reported_support_fragile,True
sepsis,terminal_90d_plus_lactate,discrete_cql,3414,1,WDR,neural_classifier,none,reported_support_fragile,True
sepsis,terminal_90d_plus_lactate,discrete_cql,3414,1,FQE,neural_classifier,none,reported_support_fragile,True
sepsis,terminal_90d_plus_lactate,discrete_cql,3414,1,support_restricted_WPDIS,neural_classifier,none,reported_support_fragile,True
sepsis,terminal_90d_plus_lactate,discrete_cql,3414,1,IS,neural_classifier,20.0,reported_support_fragile,True
sepsis,terminal_90d_plus_lactate,discrete_cql,3414,1,WIS,neural_classifier,20.0,reported_support_fragile,True
sepsis,terminal_90d_plus_lactate,discrete_cql,3414,1,PDIS,neural_classifier,20.0,reported_support_fragile,True
sepsis,terminal_90d_plus_lactate,discrete_cql,3414,1,WPDIS,neural_classifier,20.0,reported_support_fragile,True
sepsis,terminal_90d_plus_lactate,discrete_cql,3414,1,CWPDIS,neural_classifier,20.0,reported_support_fragile,True
sepsis,terminal_90d_plus_lactate,discrete_cql,3414,1,DR,neural_classifier,20.0,reported_support_fragile,True
sepsis,terminal_90d_plus_lactate,discrete_cql,3414,1,WDR,neural_classifier,20.0,reported_support_fragile,True
sepsis,terminal_90d_plus_lactate,discrete_cql,3414,1,FQE,neural_classifier,20.0,reported_support_fragile,True
sepsis,terminal_90d_plus_lactate,discrete_cql,3414,1,support_restricted_WPDIS,neural_classifier,20.0,reported_support_fragile,True
sepsis,terminal_90d_plus_lactate,discrete_cql,3414,4,IS,historical_knn,none,reported_support_fragile,True
sepsis,terminal_90d_plus_lactate,discrete_cql,3414,4,WIS,historical_knn,none,reported_support_fragile,True
sepsis,terminal_90d_plus_lactate,discrete_cql,3414,4,PDIS,historical_knn,none,reported_support_fragile,True
sepsis,terminal_90d_plus_lactate,discrete_cql,3414,4,WPDIS,historical_knn,none,reported_support_fragile,True
sepsis,terminal_90d_plus_lactate,discrete_cql,3414,4,CWPDIS,historical_knn,none,reported_support_fragile,True
sepsis,terminal_90d_plus_lactate,discrete_cql,3414,4,DR,historical_knn,none,reported_support_fragile,True
sepsis,terminal_90d_plus_lactate,discrete_cql,3414,4,WDR,historical_knn,none,reported_support_fragile,True
sepsis,terminal_90d_plus_lactate,discrete_cql,3414,4,FQE,historical_knn,none,reported_support_fragile,True
sepsis,terminal_90d_plus_lactate,discrete_cql,3414,4,support_restricted_WPDIS,historical_knn,none,reported_support_fragile,True
sepsis,terminal_90d_plus_lactate,discrete_cql,3414,4,IS,historical_knn,20.0,reported_support_fragile,True
sepsis,terminal_90d_plus_lactate,discrete_cql,3414,4,WIS,historical_knn,20.0,reported_support_fragile,True
sepsis,terminal_90d_plus_lactate,discrete_cql,3414,4,PDIS,historical_knn,20.0,reported_support_fragile,True
sepsis,terminal_90d_plus_lactate,discrete_cql,3414,4,WPDIS,historical_knn,20.0,reported_support_fragile,True
sepsis,terminal_90d_plus_lactate,discrete_cql,3414,4,CWPDIS,historical_knn,20.0,reported_support_fragile,True
sepsis,terminal_90d_plus_lactate,discrete_cql,3414,4,DR,historical_knn,20.0,reported_support_fragile,True
sepsis,terminal_90d_plus_lactate,discrete_cql,3414,4,WDR,historical_knn,20.0,reported_support_fragile,True
sepsis,terminal_90d_plus_lactate,discrete_cql,3414,4,FQE,historical_knn,20.0,reported_support_fragile,True
sepsis,terminal_90d_plus_lactate,discrete_cql,3414,4,support_restricted_WPDIS,historical_knn,20.0,reported_support_fragile,True
sepsis,terminal_90d_plus_lactate,discrete_cql,3414,4,IS,neural_classifier,none,reported_support_fragile,True
sepsis,terminal_90d_plus_lactate,discrete_cql,3414,4,WIS,neural_classifier,none,reported_support_fragile,True
sepsis,terminal_90d_plus_lactate,discrete_cql,3414,4,PDIS,neural_classifier,none,reported_support_fragile,True
sepsis,terminal_90d_plus_lactate,discrete_cql,3414,4,WPDIS,neural_classifier,none,reported_support_fragile,True
sepsis,terminal_90d_plus_lactate,discrete_cql,3414,4,CWPDIS,neural_classifier,none,reported_support_fragile,True
sepsis,terminal_90d_plus_lactate,discrete_cql,3414,4,DR,neural_classifier,none,reported_support_fragile,True
sepsis,terminal_90d_plus_lactate,discrete_cql,3414,4,WDR,neural_classifier,none,reported_support_fragile,True
sepsis,terminal_90d_plus_lactate,discrete_cql,3414,4,FQE,neural_classifier,none,reported_support_fragile,True
sepsis,terminal_90d_plus_lactate,discrete_cql,3414,4,support_restricted_WPDIS,neural_classifier,none,reported_support_fragile,True
sepsis,terminal_90d_plus_lactate,discrete_cql,3414,4,IS,neural_classifier,20.0,reported_support_fragile,True
sepsis,terminal_90d_plus_lactate,discrete_cql,3414,4,WIS,neural_classifier,20.0,reported_support_fragile,True
sepsis,terminal_90d_plus_lactate,discrete_cql,3414,4,PDIS,neural_classifier,20.0,reported_support_fragile,True
sepsis,terminal_90d_plus_lactate,discrete_cql,3414,4,WPDIS,neural_classifier,20.0,reported_support_fragile,True
sepsis,terminal_90d_plus_lactate,discrete_cql,3414,4,CWPDIS,neural_classifier,20.0,reported_support_fragile,True
sepsis,terminal_90d_plus_lactate,discrete_cql,3414,4,DR,neural_classifier,20.0,reported_support_fragile,True
sepsis,terminal_90d_plus_lactate,discrete_cql,3414,4,WDR,neural_classifier,20.0,reported_support_fragile,True
sepsis,terminal_90d_plus_lactate,discrete_cql,3414,4,FQE,neural_classifier,20.0,reported_support_fragile,True
sepsis,terminal_90d_plus_lactate,discrete_cql,3414,4,support_restricted_WPDIS,neural_classifier,20.0,reported_support_fragile,True
sepsis,terminal_90d_plus_lactate,discrete_cql,3414,8,IS,historical_knn,none,reported_support_fragile,True
sepsis,terminal_90d_plus_lactate,discrete_cql,3414,8,WIS,historical_knn,none,reported_support_fragile,True
sepsis,terminal_90d_plus_lactate,discrete_cql,3414,8,PDIS,historical_knn,none,reported_support_fragile,True
sepsis,terminal_90d_plus_lactate,discrete_cql,3414,8,WPDIS,historical_knn,none,reported_support_fragile,True
sepsis,terminal_90d_plus_lactate,discrete_cql,3414,8,CWPDIS,historical_knn,none,reported_support_fragile,True
sepsis,terminal_90d_plus_lactate,discrete_cql,3414,8,DR,historical_knn,none,reported_support_fragile,True
sepsis,terminal_90d_plus_lactate,discrete_cql,3414,8,WDR,historical_knn,none,reported_support_fragile,True
sepsis,terminal_90d_plus_lactate,discrete_cql,3414,8,FQE,historical_knn,none,reported_support_fragile,True
sepsis,terminal_90d_plus_lactate,discrete_cql,3414,8,support_restricted_WPDIS,historical_knn,none,reported_support_fragile,True
sepsis,terminal_90d_plus_lactate,discrete_cql,3414,8,IS,historical_knn,20.0,reported_support_fragile,True
sepsis,terminal_90d_plus_lactate,discrete_cql,3414,8,WIS,historical_knn,20.0,reported_support_fragile,True
sepsis,terminal_90d_plus_lactate,discrete_cql,3414,8,PDIS,historical_knn,20.0,reported_support_fragile,True
sepsis,terminal_90d_plus_lactate,discrete_cql,3414,8,WPDIS,historical_knn,20.0,reported_support_fragile,True
sepsis,terminal_90d_plus_lactate,discrete_cql,3414,8,CWPDIS,historical_knn,20.0,reported_support_fragile,True
sepsis,terminal_90d_plus_lactate,discrete_cql,3414,8,DR,historical_knn,20.0,reported_support_fragile,True
sepsis,terminal_90d_plus_lactate,discrete_cql,3414,8,WDR,historical_knn,20.0,reported_support_fragile,True
sepsis,terminal_90d_plus_lactate,discrete_cql,3414,8,FQE,historical_knn,20.0,reported_support_fragile,True
sepsis,terminal_90d_plus_lactate,discrete_cql,3414,8,support_restricted_WPDIS,historical_knn,20.0,reported_support_fragile,True
sepsis,terminal_90d_plus_lactate,discrete_cql,3414,8,IS,neural_classifier,none,reported_support_fragile,True
sepsis,terminal_90d_plus_lactate,discrete_cql,3414,8,WIS,neural_classifier,none,reported_support_fragile,True
sepsis,terminal_90d_plus_lactate,discrete_cql,3414,8,PDIS,neural_classifier,none,reported_support_fragile,True
sepsis,terminal_90d_plus_lactate,discrete_cql,3414,8,WPDIS,neural_classifier,none,reported_support_fragile,True
sepsis,terminal_90d_plus_lactate,discrete_cql,3414,8,CWPDIS,neural_classifier,none,reported_support_fragile,True
sepsis,terminal_90d_plus_lactate,discrete_cql,3414,8,DR,neural_classifier,none,reported_support_fragile,True
sepsis,terminal_90d_plus_lactate,discrete_cql,3414,8,WDR,neural_classifier,none,reported_support_fragile,True
sepsis,terminal_90d_plus_lactate,discrete_cql,3414,8,FQE,neural_classifier,none,reported_support_fragile,True
sepsis,terminal_90d_plus_lactate,discrete_cql,3414,8,support_restricted_WPDIS,neural_classifier,none,reported_support_fragile,True
sepsis,terminal_90d_plus_lactate,discrete_cql,3414,8,IS,neural_classifier,20.0,reported_support_fragile,True
sepsis,terminal_90d_plus_lactate,discrete_cql,3414,8,WIS,neural_classifier,20.0,reported_support_fragile,True
sepsis,terminal_90d_plus_lactate,discrete_cql,3414,8,PDIS,neural_classifier,20.0,reported_support_fragile,True
sepsis,terminal_90d_plus_lactate,discrete_cql,3414,8,WPDIS,neural_classifier,20.0,reported_support_fragile,True
sepsis,terminal_90d_plus_lactate,discrete_cql,3414,8,CWPDIS,neural_classifier,20.0,reported_support_fragile,True
sepsis,terminal_90d_plus_lactate,discrete_cql,3414,8,DR,neural_classifier,20.0,reported_support_fragile,True
sepsis,terminal_90d_plus_lactate,discrete_cql,3414,8,WDR,neural_classifier,20.0,reported_support_fragile,True
sepsis,terminal_90d_plus_lactate,discrete_cql,3414,8,FQE,neural_classifier,20.0,reported_support_fragile,True
sepsis,terminal_90d_plus_lactate,discrete_cql,3414,8,support_restricted_WPDIS,neural_classifier,20.0,reported_support_fragile,True
sepsis,terminal_90d_plus_lactate,soft_spibb,3414,1,IS,historical_knn,none,reported_support_fragile,True
sepsis,terminal_90d_plus_lactate,soft_spibb,3414,1,WIS,historical_knn,none,reported_support_fragile,True
sepsis,terminal_90d_plus_lactate,soft_spibb,3414,1,PDIS,historical_knn,none,reported_support_fragile,True
sepsis,terminal_90d_plus_lactate,soft_spibb,3414,1,WPDIS,historical_knn,none,reported_support_fragile,True
sepsis,terminal_90d_plus_lactate,soft_spibb,3414,1,CWPDIS,historical_knn,none,reported_support_fragile,True
sepsis,terminal_90d_plus_lactate,soft_spibb,3414,1,DR,historical_knn,none,reported_support_fragile,True
sepsis,terminal_90d_plus_lactate,soft_spibb,3414,1,WDR,historical_knn,none,reported_support_fragile,True
sepsis,terminal_90d_plus_lactate,soft_spibb,3414,1,FQE,historical_knn,none,reported_support_fragile,True
sepsis,terminal_90d_plus_lactate,soft_spibb,3414,1,support_restricted_WPDIS,historical_knn,none,reported_support_fragile,True
sepsis,terminal_90d_plus_lactate,soft_spibb,3414,1,IS,historical_knn,20.0,reported_support_fragile,True
sepsis,terminal_90d_plus_lactate,soft_spibb,3414,1,WIS,historical_knn,20.0,reported_support_fragile,True
sepsis,terminal_90d_plus_lactate,soft_spibb,3414,1,PDIS,historical_knn,20.0,reported_support_fragile,True
sepsis,terminal_90d_plus_lactate,soft_spibb,3414,1,WPDIS,historical_knn,20.0,reported_support_fragile,True
sepsis,terminal_90d_plus_lactate,soft_spibb,3414,1,CWPDIS,historical_knn,20.0,reported_support_fragile,True
sepsis,terminal_90d_plus_lactate,soft_spibb,3414,1,DR,historical_knn,20.0,reported_support_fragile,True
sepsis,terminal_90d_plus_lactate,soft_spibb,3414,1,WDR,historical_knn,20.0,reported_support_fragile,True
sepsis,terminal_90d_plus_lactate,soft_spibb,3414,1,FQE,historical_knn,20.0,reported_support_fragile,True
sepsis,terminal_90d_plus_lactate,soft_spibb,3414,1,support_restricted_WPDIS,historical_knn,20.0,reported_support_fragile,True
sepsis,terminal_90d_plus_lactate,soft_spibb,3414,1,IS,neural_classifier,none,reported_support_fragile,True
sepsis,terminal_90d_plus_lactate,soft_spibb,3414,1,WIS,neural_classifier,none,reported_support_fragile,True
sepsis,terminal_90d_plus_lactate,soft_spibb,3414,1,PDIS,neural_classifier,none,reported_support_fragile,True
sepsis,terminal_90d_plus_lactate,soft_spibb,3414,1,WPDIS,neural_classifier,none,reported_support_fragile,True
sepsis,terminal_90d_plus_lactate,soft_spibb,3414,1,CWPDIS,neural_classifier,none,reported_support_fragile,True
sepsis,terminal_90d_plus_lactate,soft_spibb,3414,1,DR,neural_classifier,none,reported_support_fragile,True
sepsis,terminal_90d_plus_lactate,soft_spibb,3414,1,WDR,neural_classifier,none,reported_support_fragile,True
sepsis,terminal_90d_plus_lactate,soft_spibb,3414,1,FQE,neural_classifier,none,reported_support_fragile,True
sepsis,terminal_90d_plus_lactate,soft_spibb,3414,1,support_restricted_WPDIS,neural_classifier,none,reported_support_fragile,True
sepsis,terminal_90d_plus_lactate,soft_spibb,3414,1,IS,neural_classifier,20.0,reported_support_fragile,True
sepsis,terminal_90d_plus_lactate,soft_spibb,3414,1,WIS,neural_classifier,20.0,reported_support_fragile,True
sepsis,terminal_90d_plus_lactate,soft_spibb,3414,1,PDIS,neural_classifier,20.0,reported_support_fragile,True
sepsis,terminal_90d_plus_lactate,soft_spibb,3414,1,WPDIS,neural_classifier,20.0,reported_support_fragile,True
sepsis,terminal_90d_plus_lactate,soft_spibb,3414,1,CWPDIS,neural_classifier,20.0,reported_support_fragile,True
sepsis,terminal_90d_plus_lactate,soft_spibb,3414,1,DR,neural_classifier,20.0,reported_support_fragile,True
sepsis,terminal_90d_plus_lactate,soft_spibb,3414,1,WDR,neural_classifier,20.0,reported_support_fragile,True
sepsis,terminal_90d_plus_lactate,soft_spibb,3414,1,FQE,neural_classifier,20.0,reported_support_fragile,True
sepsis,terminal_90d_plus_lactate,soft_spibb,3414,1,support_restricted_WPDIS,neural_classifier,20.0,reported_support_fragile,True
sepsis,terminal_90d_plus_lactate,soft_spibb,3414,4,IS,historical_knn,none,reported_support_fragile,True
sepsis,terminal_90d_plus_lactate,soft_spibb,3414,4,WIS,historical_knn,none,reported_support_fragile,True
sepsis,terminal_90d_plus_lactate,soft_spibb,3414,4,PDIS,historical_knn,none,reported_support_fragile,True
sepsis,terminal_90d_plus_lactate,soft_spibb,3414,4,WPDIS,historical_knn,none,reported_support_fragile,True
sepsis,terminal_90d_plus_lactate,soft_spibb,3414,4,CWPDIS,historical_knn,none,reported_support_fragile,True
sepsis,terminal_90d_plus_lactate,soft_spibb,3414,4,DR,historical_knn,none,reported_support_fragile,True
sepsis,terminal_90d_plus_lactate,soft_spibb,3414,4,WDR,historical_knn,none,reported_support_fragile,True
sepsis,terminal_90d_plus_lactate,soft_spibb,3414,4,FQE,historical_knn,none,reported_support_fragile,True
sepsis,terminal_90d_plus_lactate,soft_spibb,3414,4,support_restricted_WPDIS,historical_knn,none,reported_support_fragile,True
sepsis,terminal_90d_plus_lactate,soft_spibb,3414,4,IS,historical_knn,20.0,reported_support_fragile,True
sepsis,terminal_90d_plus_lactate,soft_spibb,3414,4,WIS,historical_knn,20.0,reported_support_fragile,True
sepsis,terminal_90d_plus_lactate,soft_spibb,3414,4,PDIS,historical_knn,20.0,reported_support_fragile,True
sepsis,terminal_90d_plus_lactate,soft_spibb,3414,4,WPDIS,historical_knn,20.0,reported_support_fragile,True
sepsis,terminal_90d_plus_lactate,soft_spibb,3414,4,CWPDIS,historical_knn,20.0,reported_support_fragile,True
sepsis,terminal_90d_plus_lactate,soft_spibb,3414,4,DR,historical_knn,20.0,reported_support_fragile,True
sepsis,terminal_90d_plus_lactate,soft_spibb,3414,4,WDR,historical_knn,20.0,reported_support_fragile,True
sepsis,terminal_90d_plus_lactate,soft_spibb,3414,4,FQE,historical_knn,20.0,reported_support_fragile,True
sepsis,terminal_90d_plus_lactate,soft_spibb,3414,4,support_restricted_WPDIS,historical_knn,20.0,reported_support_fragile,True
sepsis,terminal_90d_plus_lactate,soft_spibb,3414,4,IS,neural_classifier,none,reported_support_fragile,True
sepsis,terminal_90d_plus_lactate,soft_spibb,3414,4,WIS,neural_classifier,none,reported_support_fragile,True
sepsis,terminal_90d_plus_lactate,soft_spibb,3414,4,PDIS,neural_classifier,none,reported_support_fragile,True
sepsis,terminal_90d_plus_lactate,soft_spibb,3414,4,WPDIS,neural_classifier,none,reported_support_fragile,True
sepsis,terminal_90d_plus_lactate,soft_spibb,3414,4,CWPDIS,neural_classifier,none,reported_support_fragile,True
sepsis,terminal_90d_plus_lactate,soft_spibb,3414,4,DR,neural_classifier,none,reported_support_fragile,True
sepsis,terminal_90d_plus_lactate,soft_spibb,3414,4,WDR,neural_classifier,none,reported_support_fragile,True
sepsis,terminal_90d_plus_lactate,soft_spibb,3414,4,FQE,neural_classifier,none,reported_support_fragile,True
sepsis,terminal_90d_plus_lactate,soft_spibb,3414,4,support_restricted_WPDIS,neural_classifier,none,reported_support_fragile,True
sepsis,terminal_90d_plus_lactate,soft_spibb,3414,4,IS,neural_classifier,20.0,reported_support_fragile,True
sepsis,terminal_90d_plus_lactate,soft_spibb,3414,4,WIS,neural_classifier,20.0,reported_support_fragile,True
sepsis,terminal_90d_plus_lactate,soft_spibb,3414,4,PDIS,neural_classifier,20.0,reported_support_fragile,True
sepsis,terminal_90d_plus_lactate,soft_spibb,3414,4,WPDIS,neural_classifier,20.0,reported_support_fragile,True
sepsis,terminal_90d_plus_lactate,soft_spibb,3414,4,CWPDIS,neural_classifier,20.0,reported_support_fragile,True
sepsis,terminal_90d_plus_lactate,soft_spibb,3414,4,DR,neural_classifier,20.0,reported_support_fragile,True
sepsis,terminal_90d_plus_lactate,soft_spibb,3414,4,WDR,neural_classifier,20.0,reported_support_fragile,True
sepsis,terminal_90d_plus_lactate,soft_spibb,3414,4,FQE,neural_classifier,20.0,reported_support_fragile,True
sepsis,terminal_90d_plus_lactate,soft_spibb,3414,4,support_restricted_WPDIS,neural_classifier,20.0,reported_support_fragile,True
sepsis,terminal_90d_plus_lactate,soft_spibb,3414,8,IS,historical_knn,none,reported_support_fragile,True
sepsis,terminal_90d_plus_lactate,soft_spibb,3414,8,WIS,historical_knn,none,reported_support_fragile,True
sepsis,terminal_90d_plus_lactate,soft_spibb,3414,8,PDIS,historical_knn,none,reported_support_fragile,True
sepsis,terminal_90d_plus_lactate,soft_spibb,3414,8,WPDIS,historical_knn,none,reported_support_fragile,True
sepsis,terminal_90d_plus_lactate,soft_spibb,3414,8,CWPDIS,historical_knn,none,reported_support_fragile,True
sepsis,terminal_90d_plus_lactate,soft_spibb,3414,8,DR,historical_knn,none,reported_support_fragile,True
sepsis,terminal_90d_plus_lactate,soft_spibb,3414,8,WDR,historical_knn,none,reported_support_fragile,True
sepsis,terminal_90d_plus_lactate,soft_spibb,3414,8,FQE,historical_knn,none,reported_support_fragile,True
sepsis,terminal_90d_plus_lactate,soft_spibb,3414,8,support_restricted_WPDIS,historical_knn,none,reported_support_fragile,True
sepsis,terminal_90d_plus_lactate,soft_spibb,3414,8,IS,historical_knn,20.0,reported_support_fragile,True
sepsis,terminal_90d_plus_lactate,soft_spibb,3414,8,WIS,historical_knn,20.0,reported_support_fragile,True
sepsis,terminal_90d_plus_lactate,soft_spibb,3414,8,PDIS,historical_knn,20.0,reported_support_fragile,True
sepsis,terminal_90d_plus_lactate,soft_spibb,3414,8,WPDIS,historical_knn,20.0,reported_support_fragile,True
sepsis,terminal_90d_plus_lactate,soft_spibb,3414,8,CWPDIS,historical_knn,20.0,reported_support_fragile,True
sepsis,terminal_90d_plus_lactate,soft_spibb,3414,8,DR,historical_knn,20.0,reported_support_fragile,True
sepsis,terminal_90d_plus_lactate,soft_spibb,3414,8,WDR,historical_knn,20.0,reported_support_fragile,True
sepsis,terminal_90d_plus_lactate,soft_spibb,3414,8,FQE,historical_knn,20.0,reported_support_fragile,True
sepsis,terminal_90d_plus_lactate,soft_spibb,3414,8,support_restricted_WPDIS,historical_knn,20.0,reported_support_fragile,True
sepsis,terminal_90d_plus_lactate,soft_spibb,3414,8,IS,neural_classifier,none,reported_support_fragile,True
sepsis,terminal_90d_plus_lactate,soft_spibb,3414,8,WIS,neural_classifier,none,reported_support_fragile,True
sepsis,terminal_90d_plus_lactate,soft_spibb,3414,8,PDIS,neural_classifier,none,reported_support_fragile,True
sepsis,terminal_90d_plus_lactate,soft_spibb,3414,8,WPDIS,neural_classifier,none,reported_support_fragile,True
sepsis,terminal_90d_plus_lactate,soft_spibb,3414,8,CWPDIS,neural_classifier,none,reported_support_fragile,True
sepsis,terminal_90d_plus_lactate,soft_spibb,3414,8,DR,neural_classifier,none,reported_support_fragile,True
sepsis,terminal_90d_plus_lactate,soft_spibb,3414,8,WDR,neural_classifier,none,reported_support_fragile,True
sepsis,terminal_90d_plus_lactate,soft_spibb,3414,8,FQE,neural_classifier,none,reported_support_fragile,True
sepsis,terminal_90d_plus_lactate,soft_spibb,3414,8,support_restricted_WPDIS,neural_classifier,none,reported_support_fragile,True
sepsis,terminal_90d_plus_lactate,soft_spibb,3414,8,IS,neural_classifier,20.0,reported_support_fragile,True
sepsis,terminal_90d_plus_lactate,soft_spibb,3414,8,WIS,neural_classifier,20.0,reported_support_fragile,True
sepsis,terminal_90d_plus_lactate,soft_spibb,3414,8,PDIS,neural_classifier,20.0,reported_support_fragile,True
sepsis,terminal_90d_plus_lactate,soft_spibb,3414,8,WPDIS,neural_classifier,20.0,reported_support_fragile,True
sepsis,terminal_90d_plus_lactate,soft_spibb,3414,8,CWPDIS,neural_classifier,20.0,reported_support_fragile,True
sepsis,terminal_90d_plus_lactate,soft_spibb,3414,8,DR,neural_classifier,20.0,reported_support_fragile,True
sepsis,terminal_90d_plus_lactate,soft_spibb,3414,8,WDR,neural_classifier,20.0,reported_support_fragile,True
sepsis,terminal_90d_plus_lactate,soft_spibb,3414,8,FQE,neural_classifier,20.0,reported_support_fragile,True
sepsis,terminal_90d_plus_lactate,soft_spibb,3414,8,support_restricted_WPDIS,neural_classifier,20.0,reported_support_fragile,True
sepsis,terminal_90d_plus_lactate,decision_transformer_adapter,3414,1,IS,historical_knn,none,reported_support_fragile,True
sepsis,terminal_90d_plus_lactate,decision_transformer_adapter,3414,1,WIS,historical_knn,none,reported_support_fragile,True
sepsis,terminal_90d_plus_lactate,decision_transformer_adapter,3414,1,PDIS,historical_knn,none,reported_support_fragile,True
sepsis,terminal_90d_plus_lactate,decision_transformer_adapter,3414,1,WPDIS,historical_knn,none,reported_support_fragile,True
sepsis,terminal_90d_plus_lactate,decision_transformer_adapter,3414,1,CWPDIS,historical_knn,none,reported_support_fragile,True
sepsis,terminal_90d_plus_lactate,decision_transformer_adapter,3414,1,DR,historical_knn,none,reported_support_fragile,True
sepsis,terminal_90d_plus_lactate,decision_transformer_adapter,3414,1,WDR,historical_knn,none,reported_support_fragile,True
sepsis,terminal_90d_plus_lactate,decision_transformer_adapter,3414,1,FQE,historical_knn,none,reported_support_fragile,True
sepsis,terminal_90d_plus_lactate,decision_transformer_adapter,3414,1,support_restricted_WPDIS,historical_knn,none,reported_support_fragile,True
sepsis,terminal_90d_plus_lactate,decision_transformer_adapter,3414,1,IS,historical_knn,20.0,reported_support_fragile,True
sepsis,terminal_90d_plus_lactate,decision_transformer_adapter,3414,1,WIS,historical_knn,20.0,reported_support_fragile,True
sepsis,terminal_90d_plus_lactate,decision_transformer_adapter,3414,1,PDIS,historical_knn,20.0,reported_support_fragile,True
sepsis,terminal_90d_plus_lactate,decision_transformer_adapter,3414,1,WPDIS,historical_knn,20.0,reported_support_fragile,True
sepsis,terminal_90d_plus_lactate,decision_transformer_adapter,3414,1,CWPDIS,historical_knn,20.0,reported_support_fragile,True
sepsis,terminal_90d_plus_lactate,decision_transformer_adapter,3414,1,DR,historical_knn,20.0,reported_support_fragile,True
sepsis,terminal_90d_plus_lactate,decision_transformer_adapter,3414,1,WDR,historical_knn,20.0,reported_support_fragile,True
sepsis,terminal_90d_plus_lactate,decision_transformer_adapter,3414,1,FQE,historical_knn,20.0,reported_support_fragile,True
sepsis,terminal_90d_plus_lactate,decision_transformer_adapter,3414,1,support_restricted_WPDIS,historical_knn,20.0,reported_support_fragile,True
sepsis,terminal_90d_plus_lactate,decision_transformer_adapter,3414,1,IS,neural_classifier,none,reported_support_fragile,True
sepsis,terminal_90d_plus_lactate,decision_transformer_adapter,3414,1,WIS,neural_classifier,none,reported_support_fragile,True
sepsis,terminal_90d_plus_lactate,decision_transformer_adapter,3414,1,PDIS,neural_classifier,none,reported_support_fragile,True
sepsis,terminal_90d_plus_lactate,decision_transformer_adapter,3414,1,WPDIS,neural_classifier,none,reported_support_fragile,True
sepsis,terminal_90d_plus_lactate,decision_transformer_adapter,3414,1,CWPDIS,neural_classifier,none,reported_support_fragile,True
sepsis,terminal_90d_plus_lactate,decision_transformer_adapter,3414,1,DR,neural_classifier,none,reported_support_fragile,True
sepsis,terminal_90d_plus_lactate,decision_transformer_adapter,3414,1,WDR,neural_classifier,none,reported_support_fragile,True
sepsis,terminal_90d_plus_lactate,decision_transformer_adapter,3414,1,FQE,neural_classifier,none,reported_support_fragile,True
sepsis,terminal_90d_plus_lactate,decision_transformer_adapter,3414,1,support_restricted_WPDIS,neural_classifier,none,reported_support_fragile,True
sepsis,terminal_90d_plus_lactate,decision_transformer_adapter,3414,1,IS,neural_classifier,20.0,reported_support_fragile,True
sepsis,terminal_90d_plus_lactate,decision_transformer_adapter,3414,1,WIS,neural_classifier,20.0,reported_support_fragile,True
sepsis,terminal_90d_plus_lactate,decision_transformer_adapter,3414,1,PDIS,neural_classifier,20.0,reported_support_fragile,True
sepsis,terminal_90d_plus_lactate,decision_transformer_adapter,3414,1,WPDIS,neural_classifier,20.0,reported_support_fragile,True
sepsis,terminal_90d_plus_lactate,decision_transformer_adapter,3414,1,CWPDIS,neural_classifier,20.0,reported_support_fragile,True
sepsis,terminal_90d_plus_lactate,decision_transformer_adapter,3414,1,DR,neural_classifier,20.0,reported_support_fragile,True
sepsis,terminal_90d_plus_lactate,decision_transformer_adapter,3414,1,WDR,neural_classifier,20.0,reported_support_fragile,True
sepsis,terminal_90d_plus_lactate,decision_transformer_adapter,3414,1,FQE,neural_classifier,20.0,reported_support_fragile,True
sepsis,terminal_90d_plus_lactate,decision_transformer_adapter,3414,1,support_restricted_WPDIS,neural_classifier,20.0,reported_support_fragile,True
sepsis,terminal_90d_plus_lactate,decision_transformer_adapter,3414,4,IS,historical_knn,none,reported_support_fragile,True
sepsis,terminal_90d_plus_lactate,decision_transformer_adapter,3414,4,WIS,historical_knn,none,reported_support_fragile,True
sepsis,terminal_90d_plus_lactate,decision_transformer_adapter,3414,4,PDIS,historical_knn,none,reported_support_fragile,True
sepsis,terminal_90d_plus_lactate,decision_transformer_adapter,3414,4,WPDIS,historical_knn,none,reported_support_fragile,True
sepsis,terminal_90d_plus_lactate,decision_transformer_adapter,3414,4,CWPDIS,historical_knn,none,reported_support_fragile,True
sepsis,terminal_90d_plus_lactate,decision_transformer_adapter,3414,4,DR,historical_knn,none,reported_support_fragile,True
sepsis,terminal_90d_plus_lactate,decision_transformer_adapter,3414,4,WDR,historical_knn,none,reported_support_fragile,True
sepsis,terminal_90d_plus_lactate,decision_transformer_adapter,3414,4,FQE,historical_knn,none,reported_support_fragile,True
sepsis,terminal_90d_plus_lactate,decision_transformer_adapter,3414,4,support_restricted_WPDIS,historical_knn,none,reported_support_fragile,True
sepsis,terminal_90d_plus_lactate,decision_transformer_adapter,3414,4,IS,historical_knn,20.0,reported_support_fragile,True
sepsis,terminal_90d_plus_lactate,decision_transformer_adapter,3414,4,WIS,historical_knn,20.0,reported_support_fragile,True
sepsis,terminal_90d_plus_lactate,decision_transformer_adapter,3414,4,PDIS,historical_knn,20.0,reported_support_fragile,True
sepsis,terminal_90d_plus_lactate,decision_transformer_adapter,3414,4,WPDIS,historical_knn,20.0,reported_support_fragile,True
sepsis,terminal_90d_plus_lactate,decision_transformer_adapter,3414,4,CWPDIS,historical_knn,20.0,reported_support_fragile,True
sepsis,terminal_90d_plus_lactate,decision_transformer_adapter,3414,4,DR,historical_knn,20.0,reported_support_fragile,True
sepsis,terminal_90d_plus_lactate,decision_transformer_adapter,3414,4,WDR,historical_knn,20.0,reported_support_fragile,True
sepsis,terminal_90d_plus_lactate,decision_transformer_adapter,3414,4,FQE,historical_knn,20.0,reported_support_fragile,True
sepsis,terminal_90d_plus_lactate,decision_transformer_adapter,3414,4,support_restricted_WPDIS,historical_knn,20.0,reported_support_fragile,True
sepsis,terminal_90d_plus_lactate,decision_transformer_adapter,3414,4,IS,neural_classifier,none,reported_support_fragile,True
sepsis,terminal_90d_plus_lactate,decision_transformer_adapter,3414,4,WIS,neural_classifier,none,reported_support_fragile,True
sepsis,terminal_90d_plus_lactate,decision_transformer_adapter,3414,4,PDIS,neural_classifier,none,reported_support_fragile,True
sepsis,terminal_90d_plus_lactate,decision_transformer_adapter,3414,4,WPDIS,neural_classifier,none,reported_support_fragile,True
sepsis,terminal_90d_plus_lactate,decision_transformer_adapter,3414,4,CWPDIS,neural_classifier,none,reported_support_fragile,True
sepsis,terminal_90d_plus_lactate,decision_transformer_adapter,3414,4,DR,neural_classifier,none,reported_support_fragile,True
sepsis,terminal_90d_plus_lactate,decision_transformer_adapter,3414,4,WDR,neural_classifier,none,reported_support_fragile,True
sepsis,terminal_90d_plus_lactate,decision_transformer_adapter,3414,4,FQE,neural_classifier,none,reported_support_fragile,True
sepsis,terminal_90d_plus_lactate,decision_transformer_adapter,3414,4,support_restricted_WPDIS,neural_classifier,none,reported_support_fragile,True
sepsis,terminal_90d_plus_lactate,decision_transformer_adapter,3414,4,IS,neural_classifier,20.0,reported_support_fragile,True
sepsis,terminal_90d_plus_lactate,decision_transformer_adapter,3414,4,WIS,neural_classifier,20.0,reported_support_fragile,True
sepsis,terminal_90d_plus_lactate,decision_transformer_adapter,3414,4,PDIS,neural_classifier,20.0,reported_support_fragile,True
sepsis,terminal_90d_plus_lactate,decision_transformer_adapter,3414,4,WPDIS,neural_classifier,20.0,reported_support_fragile,True
sepsis,terminal_90d_plus_lactate,decision_transformer_adapter,3414,4,CWPDIS,neural_classifier,20.0,reported_support_fragile,True
sepsis,terminal_90d_plus_lactate,decision_transformer_adapter,3414,4,DR,neural_classifier,20.0,reported_support_fragile,True
sepsis,terminal_90d_plus_lactate,decision_transformer_adapter,3414,4,WDR,neural_classifier,20.0,reported_support_fragile,True
sepsis,terminal_90d_plus_lactate,decision_transformer_adapter,3414,4,FQE,neural_classifier,20.0,reported_support_fragile,True
sepsis,terminal_90d_plus_lactate,decision_transformer_adapter,3414,4,support_restricted_WPDIS,neural_classifier,20.0,reported_support_fragile,True
sepsis,terminal_90d_plus_lactate,decision_transformer_adapter,3414,8,IS,historical_knn,none,reported_support_fragile,True
sepsis,terminal_90d_plus_lactate,decision_transformer_adapter,3414,8,WIS,historical_knn,none,reported_support_fragile,True
sepsis,terminal_90d_plus_lactate,decision_transformer_adapter,3414,8,PDIS,historical_knn,none,reported_support_fragile,True
sepsis,terminal_90d_plus_lactate,decision_transformer_adapter,3414,8,WPDIS,historical_knn,none,reported_support_fragile,True
sepsis,terminal_90d_plus_lactate,decision_transformer_adapter,3414,8,CWPDIS,historical_knn,none,reported_support_fragile,True
sepsis,terminal_90d_plus_lactate,decision_transformer_adapter,3414,8,DR,historical_knn,none,reported_support_fragile,True
sepsis,terminal_90d_plus_lactate,decision_transformer_adapter,3414,8,WDR,historical_knn,none,reported_support_fragile,True
sepsis,terminal_90d_plus_lactate,decision_transformer_adapter,3414,8,FQE,historical_knn,none,reported_support_fragile,True
sepsis,terminal_90d_plus_lactate,decision_transformer_adapter,3414,8,support_restricted_WPDIS,historical_knn,none,reported_support_fragile,True
sepsis,terminal_90d_plus_lactate,decision_transformer_adapter,3414,8,IS,historical_knn,20.0,reported_support_fragile,True
sepsis,terminal_90d_plus_lactate,decision_transformer_adapter,3414,8,WIS,historical_knn,20.0,reported_support_fragile,True
sepsis,terminal_90d_plus_lactate,decision_transformer_adapter,3414,8,PDIS,historical_knn,20.0,reported_support_fragile,True
sepsis,terminal_90d_plus_lactate,decision_transformer_adapter,3414,8,WPDIS,historical_knn,20.0,reported_support_fragile,True
sepsis,terminal_90d_plus_lactate,decision_transformer_adapter,3414,8,CWPDIS,historical_knn,20.0,reported_support_fragile,True
sepsis,terminal_90d_plus_lactate,decision_transformer_adapter,3414,8,DR,historical_knn,20.0,reported_support_fragile,True
sepsis,terminal_90d_plus_lactate,decision_transformer_adapter,3414,8,WDR,historical_knn,20.0,reported_support_fragile,True
sepsis,terminal_90d_plus_lactate,decision_transformer_adapter,3414,8,FQE,historical_knn,20.0,reported_support_fragile,True
sepsis,terminal_90d_plus_lactate,decision_transformer_adapter,3414,8,support_restricted_WPDIS,historical_knn,20.0,reported_support_fragile,True
sepsis,terminal_90d_plus_lactate,decision_transformer_adapter,3414,8,IS,neural_classifier,none,reported_support_fragile,True
sepsis,terminal_90d_plus_lactate,decision_transformer_adapter,3414,8,WIS,neural_classifier,none,reported_support_fragile,True
sepsis,terminal_90d_plus_lactate,decision_transformer_adapter,3414,8,PDIS,neural_classifier,none,reported_support_fragile,True
sepsis,terminal_90d_plus_lactate,decision_transformer_adapter,3414,8,WPDIS,neural_classifier,none,reported_support_fragile,True
sepsis,terminal_90d_plus_lactate,decision_transformer_adapter,3414,8,CWPDIS,neural_classifier,none,reported_support_fragile,True
sepsis,terminal_90d_plus_lactate,decision_transformer_adapter,3414,8,DR,neural_classifier,none,reported_support_fragile,True
sepsis,terminal_90d_plus_lactate,decision_transformer_adapter,3414,8,WDR,neural_classifier,none,reported_support_fragile,True
sepsis,terminal_90d_plus_lactate,decision_transformer_adapter,3414,8,FQE,neural_classifier,none,reported_support_fragile,True
sepsis,terminal_90d_plus_lactate,decision_transformer_adapter,3414,8,support_restricted_WPDIS,neural_classifier,none,reported_support_fragile,True
sepsis,terminal_90d_plus_lactate,decision_transformer_adapter,3414,8,IS,neural_classifier,20.0,reported_support_fragile,True
sepsis,terminal_90d_plus_lactate,decision_transformer_adapter,3414,8,WIS,neural_classifier,20.0,reported_support_fragile,True
sepsis,terminal_90d_plus_lactate,decision_transformer_adapter,3414,8,PDIS,neural_classifier,20.0,reported_support_fragile,True
sepsis,terminal_90d_plus_lactate,decision_transformer_adapter,3414,8,WPDIS,neural_classifier,20.0,reported_support_fragile,True
sepsis,terminal_90d_plus_lactate,decision_transformer_adapter,3414,8,CWPDIS,neural_classifier,20.0,reported_support_fragile,True
sepsis,terminal_90d_plus_lactate,decision_transformer_adapter,3414,8,DR,neural_classifier,20.0,reported_support_fragile,True
sepsis,terminal_90d_plus_lactate,decision_transformer_adapter,3414,8,WDR,neural_classifier,20.0,reported_support_fragile,True
sepsis,terminal_90d_plus_lactate,decision_transformer_adapter,3414,8,FQE,neural_classifier,20.0,reported_support_fragile,True
sepsis,terminal_90d_plus_lactate,decision_transformer_adapter,3414,8,support_restricted_WPDIS,neural_classifier,20.0,reported_support_fragile,True
sepsis,terminal_90d_plus_lactate,behavior_cloning,3417,1,IS,historical_knn,none,reported_support_fragile,True
sepsis,terminal_90d_plus_lactate,behavior_cloning,3417,1,WIS,historical_knn,none,reported_support_fragile,True
sepsis,terminal_90d_plus_lactate,behavior_cloning,3417,1,PDIS,historical_knn,none,reported_support_fragile,True
sepsis,terminal_90d_plus_lactate,behavior_cloning,3417,1,WPDIS,historical_knn,none,reported_support_fragile,True
sepsis,terminal_90d_plus_lactate,behavior_cloning,3417,1,CWPDIS,historical_knn,none,reported_support_fragile,True
sepsis,terminal_90d_plus_lactate,behavior_cloning,3417,1,DR,historical_knn,none,reported_support_fragile,True
sepsis,terminal_90d_plus_lactate,behavior_cloning,3417,1,WDR,historical_knn,none,reported_support_fragile,True
sepsis,terminal_90d_plus_lactate,behavior_cloning,3417,1,FQE,historical_knn,none,reported_support_fragile,True
sepsis,terminal_90d_plus_lactate,behavior_cloning,3417,1,support_restricted_WPDIS,historical_knn,none,reported_support_fragile,True
sepsis,terminal_90d_plus_lactate,behavior_cloning,3417,1,IS,historical_knn,20.0,reported_support_fragile,True
sepsis,terminal_90d_plus_lactate,behavior_cloning,3417,1,WIS,historical_knn,20.0,reported_support_fragile,True
sepsis,terminal_90d_plus_lactate,behavior_cloning,3417,1,PDIS,historical_knn,20.0,reported_support_fragile,True
sepsis,terminal_90d_plus_lactate,behavior_cloning,3417,1,WPDIS,historical_knn,20.0,reported_support_fragile,True
sepsis,terminal_90d_plus_lactate,behavior_cloning,3417,1,CWPDIS,historical_knn,20.0,reported_support_fragile,True
sepsis,terminal_90d_plus_lactate,behavior_cloning,3417,1,DR,historical_knn,20.0,reported_support_fragile,True
sepsis,terminal_90d_plus_lactate,behavior_cloning,3417,1,WDR,historical_knn,20.0,reported_support_fragile,True
sepsis,terminal_90d_plus_lactate,behavior_cloning,3417,1,FQE,historical_knn,20.0,reported_support_fragile,True
sepsis,terminal_90d_plus_lactate,behavior_cloning,3417,1,support_restricted_WPDIS,historical_knn,20.0,reported_support_fragile,True
sepsis,terminal_90d_plus_lactate,behavior_cloning,3417,1,IS,neural_classifier,none,reported_support_fragile,True
sepsis,terminal_90d_plus_lactate,behavior_cloning,3417,1,WIS,neural_classifier,none,reported_support_fragile,True
sepsis,terminal_90d_plus_lactate,behavior_cloning,3417,1,PDIS,neural_classifier,none,reported_support_fragile,True
sepsis,terminal_90d_plus_lactate,behavior_cloning,3417,1,WPDIS,neural_classifier,none,reported_support_fragile,True
sepsis,terminal_90d_plus_lactate,behavior_cloning,3417,1,CWPDIS,neural_classifier,none,reported_support_fragile,True
sepsis,terminal_90d_plus_lactate,behavior_cloning,3417,1,DR,neural_classifier,none,reported_support_fragile,True
sepsis,terminal_90d_plus_lactate,behavior_cloning,3417,1,WDR,neural_classifier,none,reported_support_fragile,True
sepsis,terminal_90d_plus_lactate,behavior_cloning,3417,1,FQE,neural_classifier,none,reported_support_fragile,True
sepsis,terminal_90d_plus_lactate,behavior_cloning,3417,1,support_restricted_WPDIS,neural_classifier,none,reported_support_fragile,True
sepsis,terminal_90d_plus_lactate,behavior_cloning,3417,1,IS,neural_classifier,20.0,reported_support_fragile,True
sepsis,terminal_90d_plus_lactate,behavior_cloning,3417,1,WIS,neural_classifier,20.0,reported_support_fragile,True
sepsis,terminal_90d_plus_lactate,behavior_cloning,3417,1,PDIS,neural_classifier,20.0,reported_support_fragile,True
sepsis,terminal_90d_plus_lactate,behavior_cloning,3417,1,WPDIS,neural_classifier,20.0,reported_support_fragile,True
sepsis,terminal_90d_plus_lactate,behavior_cloning,3417,1,CWPDIS,neural_classifier,20.0,reported_support_fragile,True
sepsis,terminal_90d_plus_lactate,behavior_cloning,3417,1,DR,neural_classifier,20.0,reported_support_fragile,True
sepsis,terminal_90d_plus_lactate,behavior_cloning,3417,1,WDR,neural_classifier,20.0,reported_support_fragile,True
sepsis,terminal_90d_plus_lactate,behavior_cloning,3417,1,FQE,neural_classifier,20.0,reported_support_fragile,True
sepsis,terminal_90d_plus_lactate,behavior_cloning,3417,1,support_restricted_WPDIS,neural_classifier,20.0,reported_support_fragile,True
sepsis,terminal_90d_plus_lactate,behavior_cloning,3417,4,IS,historical_knn,none,reported_support_fragile,True
sepsis,terminal_90d_plus_lactate,behavior_cloning,3417,4,WIS,historical_knn,none,reported_support_fragile,True
sepsis,terminal_90d_plus_lactate,behavior_cloning,3417,4,PDIS,historical_knn,none,reported_support_fragile,True
sepsis,terminal_90d_plus_lactate,behavior_cloning,3417,4,WPDIS,historical_knn,none,reported_support_fragile,True
sepsis,terminal_90d_plus_lactate,behavior_cloning,3417,4,CWPDIS,historical_knn,none,reported_support_fragile,True
sepsis,terminal_90d_plus_lactate,behavior_cloning,3417,4,DR,historical_knn,none,reported_support_fragile,True
sepsis,terminal_90d_plus_lactate,behavior_cloning,3417,4,WDR,historical_knn,none,reported_support_fragile,True
sepsis,terminal_90d_plus_lactate,behavior_cloning,3417,4,FQE,historical_knn,none,reported_support_fragile,True
sepsis,terminal_90d_plus_lactate,behavior_cloning,3417,4,support_restricted_WPDIS,historical_knn,none,reported_support_fragile,True
sepsis,terminal_90d_plus_lactate,behavior_cloning,3417,4,IS,historical_knn,20.0,reported_support_fragile,True
sepsis,terminal_90d_plus_lactate,behavior_cloning,3417,4,WIS,historical_knn,20.0,reported_support_fragile,True
sepsis,terminal_90d_plus_lactate,behavior_cloning,3417,4,PDIS,historical_knn,20.0,reported_support_fragile,True
sepsis,terminal_90d_plus_lactate,behavior_cloning,3417,4,WPDIS,historical_knn,20.0,reported_support_fragile,True
sepsis,terminal_90d_plus_lactate,behavior_cloning,3417,4,CWPDIS,historical_knn,20.0,reported_support_fragile,True
sepsis,terminal_90d_plus_lactate,behavior_cloning,3417,4,DR,historical_knn,20.0,reported_support_fragile,True
sepsis,terminal_90d_plus_lactate,behavior_cloning,3417,4,WDR,historical_knn,20.0,reported_support_fragile,True
sepsis,terminal_90d_plus_lactate,behavior_cloning,3417,4,FQE,historical_knn,20.0,reported_support_fragile,True
sepsis,terminal_90d_plus_lactate,behavior_cloning,3417,4,support_restricted_WPDIS,historical_knn,20.0,reported_support_fragile,True
sepsis,terminal_90d_plus_lactate,behavior_cloning,3417,4,IS,neural_classifier,none,reported_support_fragile,True
sepsis,terminal_90d_plus_lactate,behavior_cloning,3417,4,WIS,neural_classifier,none,reported_support_fragile,True
sepsis,terminal_90d_plus_lactate,behavior_cloning,3417,4,PDIS,neural_classifier,none,reported_support_fragile,True
sepsis,terminal_90d_plus_lactate,behavior_cloning,3417,4,WPDIS,neural_classifier,none,reported_support_fragile,True
sepsis,terminal_90d_plus_lactate,behavior_cloning,3417,4,CWPDIS,neural_classifier,none,reported_support_fragile,True
sepsis,terminal_90d_plus_lactate,behavior_cloning,3417,4,DR,neural_classifier,none,reported_support_fragile,True
sepsis,terminal_90d_plus_lactate,behavior_cloning,3417,4,WDR,neural_classifier,none,reported_support_fragile,True
sepsis,terminal_90d_plus_lactate,behavior_cloning,3417,4,FQE,neural_classifier,none,reported_support_fragile,True
sepsis,terminal_90d_plus_lactate,behavior_cloning,3417,4,support_restricted_WPDIS,neural_classifier,none,reported_support_fragile,True
sepsis,terminal_90d_plus_lactate,behavior_cloning,3417,4,IS,neural_classifier,20.0,reported_support_fragile,True
sepsis,terminal_90d_plus_lactate,behavior_cloning,3417,4,WIS,neural_classifier,20.0,reported_support_fragile,True
sepsis,terminal_90d_plus_lactate,behavior_cloning,3417,4,PDIS,neural_classifier,20.0,reported_support_fragile,True
sepsis,terminal_90d_plus_lactate,behavior_cloning,3417,4,WPDIS,neural_classifier,20.0,reported_support_fragile,True
sepsis,terminal_90d_plus_lactate,behavior_cloning,3417,4,CWPDIS,neural_classifier,20.0,reported_support_fragile,True
sepsis,terminal_90d_plus_lactate,behavior_cloning,3417,4,DR,neural_classifier,20.0,reported_support_fragile,True
sepsis,terminal_90d_plus_lactate,behavior_cloning,3417,4,WDR,neural_classifier,20.0,reported_support_fragile,True
sepsis,terminal_90d_plus_lactate,behavior_cloning,3417,4,FQE,neural_classifier,20.0,reported_support_fragile,True
sepsis,terminal_90d_plus_lactate,behavior_cloning,3417,4,support_restricted_WPDIS,neural_classifier,20.0,reported_support_fragile,True
sepsis,terminal_90d_plus_lactate,behavior_cloning,3417,8,IS,historical_knn,none,reported_support_fragile,True
sepsis,terminal_90d_plus_lactate,behavior_cloning,3417,8,WIS,historical_knn,none,reported_support_fragile,True
sepsis,terminal_90d_plus_lactate,behavior_cloning,3417,8,PDIS,historical_knn,none,reported_support_fragile,True
sepsis,terminal_90d_plus_lactate,behavior_cloning,3417,8,WPDIS,historical_knn,none,reported_support_fragile,True
sepsis,terminal_90d_plus_lactate,behavior_cloning,3417,8,CWPDIS,historical_knn,none,reported_support_fragile,True
sepsis,terminal_90d_plus_lactate,behavior_cloning,3417,8,DR,historical_knn,none,reported_support_fragile,True
sepsis,terminal_90d_plus_lactate,behavior_cloning,3417,8,WDR,historical_knn,none,reported_support_fragile,True
sepsis,terminal_90d_plus_lactate,behavior_cloning,3417,8,FQE,historical_knn,none,reported_support_fragile,True
sepsis,terminal_90d_plus_lactate,behavior_cloning,3417,8,support_restricted_WPDIS,historical_knn,none,reported_support_fragile,True
sepsis,terminal_90d_plus_lactate,behavior_cloning,3417,8,IS,historical_knn,20.0,reported_support_fragile,True
sepsis,terminal_90d_plus_lactate,behavior_cloning,3417,8,WIS,historical_knn,20.0,reported_support_fragile,True
sepsis,terminal_90d_plus_lactate,behavior_cloning,3417,8,PDIS,historical_knn,20.0,reported_support_fragile,True
sepsis,terminal_90d_plus_lactate,behavior_cloning,3417,8,WPDIS,historical_knn,20.0,reported_support_fragile,True
sepsis,terminal_90d_plus_lactate,behavior_cloning,3417,8,CWPDIS,historical_knn,20.0,reported_support_fragile,True
sepsis,terminal_90d_plus_lactate,behavior_cloning,3417,8,DR,historical_knn,20.0,reported_support_fragile,True
sepsis,terminal_90d_plus_lactate,behavior_cloning,3417,8,WDR,historical_knn,20.0,reported_support_fragile,True
sepsis,terminal_90d_plus_lactate,behavior_cloning,3417,8,FQE,historical_knn,20.0,reported_support_fragile,True
sepsis,terminal_90d_plus_lactate,behavior_cloning,3417,8,support_restricted_WPDIS,historical_knn,20.0,reported_support_fragile,True
sepsis,terminal_90d_plus_lactate,behavior_cloning,3417,8,IS,neural_classifier,none,reported_support_fragile,True
sepsis,terminal_90d_plus_lactate,behavior_cloning,3417,8,WIS,neural_classifier,none,reported_support_fragile,True
sepsis,terminal_90d_plus_lactate,behavior_cloning,3417,8,PDIS,neural_classifier,none,reported_support_fragile,True
sepsis,terminal_90d_plus_lactate,behavior_cloning,3417,8,WPDIS,neural_classifier,none,reported_support_fragile,True
sepsis,terminal_90d_plus_lactate,behavior_cloning,3417,8,CWPDIS,neural_classifier,none,reported_support_fragile,True
sepsis,terminal_90d_plus_lactate,behavior_cloning,3417,8,DR,neural_classifier,none,reported_support_fragile,True
sepsis,terminal_90d_plus_lactate,behavior_cloning,3417,8,WDR,neural_classifier,none,reported_support_fragile,True
sepsis,terminal_90d_plus_lactate,behavior_cloning,3417,8,FQE,neural_classifier,none,reported_support_fragile,True
sepsis,terminal_90d_plus_lactate,behavior_cloning,3417,8,support_restricted_WPDIS,neural_classifier,none,reported_support_fragile,True
sepsis,terminal_90d_plus_lactate,behavior_cloning,3417,8,IS,neural_classifier,20.0,reported_support_fragile,True
sepsis,terminal_90d_plus_lactate,behavior_cloning,3417,8,WIS,neural_classifier,20.0,reported_support_fragile,True
sepsis,terminal_90d_plus_lactate,behavior_cloning,3417,8,PDIS,neural_classifier,20.0,reported_support_fragile,True
sepsis,terminal_90d_plus_lactate,behavior_cloning,3417,8,WPDIS,neural_classifier,20.0,reported_support_fragile,True
sepsis,terminal_90d_plus_lactate,behavior_cloning,3417,8,CWPDIS,neural_classifier,20.0,reported_support_fragile,True
sepsis,terminal_90d_plus_lactate,behavior_cloning,3417,8,DR,neural_classifier,20.0,reported_support_fragile,True
sepsis,terminal_90d_plus_lactate,behavior_cloning,3417,8,WDR,neural_classifier,20.0,reported_support_fragile,True
sepsis,terminal_90d_plus_lactate,behavior_cloning,3417,8,FQE,neural_classifier,20.0,reported_support_fragile,True
sepsis,terminal_90d_plus_lactate,behavior_cloning,3417,8,support_restricted_WPDIS,neural_classifier,20.0,reported_support_fragile,True
sepsis,terminal_90d_plus_lactate,discrete_bcq,3417,1,IS,historical_knn,none,reported_support_fragile,True
sepsis,terminal_90d_plus_lactate,discrete_bcq,3417,1,WIS,historical_knn,none,reported_support_fragile,True
sepsis,terminal_90d_plus_lactate,discrete_bcq,3417,1,PDIS,historical_knn,none,reported_support_fragile,True
sepsis,terminal_90d_plus_lactate,discrete_bcq,3417,1,WPDIS,historical_knn,none,reported_support_fragile,True
sepsis,terminal_90d_plus_lactate,discrete_bcq,3417,1,CWPDIS,historical_knn,none,reported_support_fragile,True
sepsis,terminal_90d_plus_lactate,discrete_bcq,3417,1,DR,historical_knn,none,reported_support_fragile,True
sepsis,terminal_90d_plus_lactate,discrete_bcq,3417,1,WDR,historical_knn,none,reported_support_fragile,True
sepsis,terminal_90d_plus_lactate,discrete_bcq,3417,1,FQE,historical_knn,none,reported_support_fragile,True
sepsis,terminal_90d_plus_lactate,discrete_bcq,3417,1,support_restricted_WPDIS,historical_knn,none,reported_support_fragile,True
sepsis,terminal_90d_plus_lactate,discrete_bcq,3417,1,IS,historical_knn,20.0,reported_support_fragile,True
sepsis,terminal_90d_plus_lactate,discrete_bcq,3417,1,WIS,historical_knn,20.0,reported_support_fragile,True
sepsis,terminal_90d_plus_lactate,discrete_bcq,3417,1,PDIS,historical_knn,20.0,reported_support_fragile,True
sepsis,terminal_90d_plus_lactate,discrete_bcq,3417,1,WPDIS,historical_knn,20.0,reported_support_fragile,True
sepsis,terminal_90d_plus_lactate,discrete_bcq,3417,1,CWPDIS,historical_knn,20.0,reported_support_fragile,True
sepsis,terminal_90d_plus_lactate,discrete_bcq,3417,1,DR,historical_knn,20.0,reported_support_fragile,True
sepsis,terminal_90d_plus_lactate,discrete_bcq,3417,1,WDR,historical_knn,20.0,reported_support_fragile,True
sepsis,terminal_90d_plus_lactate,discrete_bcq,3417,1,FQE,historical_knn,20.0,reported_support_fragile,True
sepsis,terminal_90d_plus_lactate,discrete_bcq,3417,1,support_restricted_WPDIS,historical_knn,20.0,reported_support_fragile,True
sepsis,terminal_90d_plus_lactate,discrete_bcq,3417,1,IS,neural_classifier,none,reported_support_fragile,True
sepsis,terminal_90d_plus_lactate,discrete_bcq,3417,1,WIS,neural_classifier,none,reported_support_fragile,True
sepsis,terminal_90d_plus_lactate,discrete_bcq,3417,1,PDIS,neural_classifier,none,reported_support_fragile,True
sepsis,terminal_90d_plus_lactate,discrete_bcq,3417,1,WPDIS,neural_classifier,none,reported_support_fragile,True
sepsis,terminal_90d_plus_lactate,discrete_bcq,3417,1,CWPDIS,neural_classifier,none,reported_support_fragile,True
sepsis,terminal_90d_plus_lactate,discrete_bcq,3417,1,DR,neural_classifier,none,reported_support_fragile,True
sepsis,terminal_90d_plus_lactate,discrete_bcq,3417,1,WDR,neural_classifier,none,reported_support_fragile,True
sepsis,terminal_90d_plus_lactate,discrete_bcq,3417,1,FQE,neural_classifier,none,reported_support_fragile,True
sepsis,terminal_90d_plus_lactate,discrete_bcq,3417,1,support_restricted_WPDIS,neural_classifier,none,reported_support_fragile,True
sepsis,terminal_90d_plus_lactate,discrete_bcq,3417,1,IS,neural_classifier,20.0,reported_support_fragile,True
sepsis,terminal_90d_plus_lactate,discrete_bcq,3417,1,WIS,neural_classifier,20.0,reported_support_fragile,True
sepsis,terminal_90d_plus_lactate,discrete_bcq,3417,1,PDIS,neural_classifier,20.0,reported_support_fragile,True
sepsis,terminal_90d_plus_lactate,discrete_bcq,3417,1,WPDIS,neural_classifier,20.0,reported_support_fragile,True
sepsis,terminal_90d_plus_lactate,discrete_bcq,3417,1,CWPDIS,neural_classifier,20.0,reported_support_fragile,True
sepsis,terminal_90d_plus_lactate,discrete_bcq,3417,1,DR,neural_classifier,20.0,reported_support_fragile,True
sepsis,terminal_90d_plus_lactate,discrete_bcq,3417,1,WDR,neural_classifier,20.0,reported_support_fragile,True
sepsis,terminal_90d_plus_lactate,discrete_bcq,3417,1,FQE,neural_classifier,20.0,reported_support_fragile,True
sepsis,terminal_90d_plus_lactate,discrete_bcq,3417,1,support_restricted_WPDIS,neural_classifier,20.0,reported_support_fragile,True
sepsis,terminal_90d_plus_lactate,discrete_bcq,3417,4,IS,historical_knn,none,reported_support_fragile,True
sepsis,terminal_90d_plus_lactate,discrete_bcq,3417,4,WIS,historical_knn,none,reported_support_fragile,True
sepsis,terminal_90d_plus_lactate,discrete_bcq,3417,4,PDIS,historical_knn,none,reported_support_fragile,True
sepsis,terminal_90d_plus_lactate,discrete_bcq,3417,4,WPDIS,historical_knn,none,reported_support_fragile,True
sepsis,terminal_90d_plus_lactate,discrete_bcq,3417,4,CWPDIS,historical_knn,none,reported_support_fragile,True
sepsis,terminal_90d_plus_lactate,discrete_bcq,3417,4,DR,historical_knn,none,reported_support_fragile,True
sepsis,terminal_90d_plus_lactate,discrete_bcq,3417,4,WDR,historical_knn,none,reported_support_fragile,True
sepsis,terminal_90d_plus_lactate,discrete_bcq,3417,4,FQE,historical_knn,none,reported_support_fragile,True
sepsis,terminal_90d_plus_lactate,discrete_bcq,3417,4,support_restricted_WPDIS,historical_knn,none,reported_support_fragile,True
sepsis,terminal_90d_plus_lactate,discrete_bcq,3417,4,IS,historical_knn,20.0,reported_support_fragile,True
sepsis,terminal_90d_plus_lactate,discrete_bcq,3417,4,WIS,historical_knn,20.0,reported_support_fragile,True
sepsis,terminal_90d_plus_lactate,discrete_bcq,3417,4,PDIS,historical_knn,20.0,reported_support_fragile,True
sepsis,terminal_90d_plus_lactate,discrete_bcq,3417,4,WPDIS,historical_knn,20.0,reported_support_fragile,True
sepsis,terminal_90d_plus_lactate,discrete_bcq,3417,4,CWPDIS,historical_knn,20.0,reported_support_fragile,True
sepsis,terminal_90d_plus_lactate,discrete_bcq,3417,4,DR,historical_knn,20.0,reported_support_fragile,True
sepsis,terminal_90d_plus_lactate,discrete_bcq,3417,4,WDR,historical_knn,20.0,reported_support_fragile,True
sepsis,terminal_90d_plus_lactate,discrete_bcq,3417,4,FQE,historical_knn,20.0,reported_support_fragile,True
sepsis,terminal_90d_plus_lactate,discrete_bcq,3417,4,support_restricted_WPDIS,historical_knn,20.0,reported_support_fragile,True
sepsis,terminal_90d_plus_lactate,discrete_bcq,3417,4,IS,neural_classifier,none,reported_support_fragile,True
sepsis,terminal_90d_plus_lactate,discrete_bcq,3417,4,WIS,neural_classifier,none,reported_support_fragile,True
sepsis,terminal_90d_plus_lactate,discrete_bcq,3417,4,PDIS,neural_classifier,none,reported_support_fragile,True
sepsis,terminal_90d_plus_lactate,discrete_bcq,3417,4,WPDIS,neural_classifier,none,reported_support_fragile,True
sepsis,terminal_90d_plus_lactate,discrete_bcq,3417,4,CWPDIS,neural_classifier,none,reported_support_fragile,True
sepsis,terminal_90d_plus_lactate,discrete_bcq,3417,4,DR,neural_classifier,none,reported_support_fragile,True
sepsis,terminal_90d_plus_lactate,discrete_bcq,3417,4,WDR,neural_classifier,none,reported_support_fragile,True
sepsis,terminal_90d_plus_lactate,discrete_bcq,3417,4,FQE,neural_classifier,none,reported_support_fragile,True
sepsis,terminal_90d_plus_lactate,discrete_bcq,3417,4,support_restricted_WPDIS,neural_classifier,none,reported_support_fragile,True
sepsis,terminal_90d_plus_lactate,discrete_bcq,3417,4,IS,neural_classifier,20.0,reported_support_fragile,True
sepsis,terminal_90d_plus_lactate,discrete_bcq,3417,4,WIS,neural_classifier,20.0,reported_support_fragile,True
sepsis,terminal_90d_plus_lactate,discrete_bcq,3417,4,PDIS,neural_classifier,20.0,reported_support_fragile,True
sepsis,terminal_90d_plus_lactate,discrete_bcq,3417,4,WPDIS,neural_classifier,20.0,reported_support_fragile,True
sepsis,terminal_90d_plus_lactate,discrete_bcq,3417,4,CWPDIS,neural_classifier,20.0,reported_support_fragile,True
sepsis,terminal_90d_plus_lactate,discrete_bcq,3417,4,DR,neural_classifier,20.0,reported_support_fragile,True
sepsis,terminal_90d_plus_lactate,discrete_bcq,3417,4,WDR,neural_classifier,20.0,reported_support_fragile,True
sepsis,terminal_90d_plus_lactate,discrete_bcq,3417,4,FQE,neural_classifier,20.0,reported_support_fragile,True
sepsis,terminal_90d_plus_lactate,discrete_bcq,3417,4,support_restricted_WPDIS,neural_classifier,20.0,reported_support_fragile,True
sepsis,terminal_90d_plus_lactate,discrete_bcq,3417,8,IS,historical_knn,none,reported_support_fragile,True
sepsis,terminal_90d_plus_lactate,discrete_bcq,3417,8,WIS,historical_knn,none,reported_support_fragile,True
sepsis,terminal_90d_plus_lactate,discrete_bcq,3417,8,PDIS,historical_knn,none,reported_support_fragile,True
sepsis,terminal_90d_plus_lactate,discrete_bcq,3417,8,WPDIS,historical_knn,none,reported_support_fragile,True
sepsis,terminal_90d_plus_lactate,discrete_bcq,3417,8,CWPDIS,historical_knn,none,reported_support_fragile,True
sepsis,terminal_90d_plus_lactate,discrete_bcq,3417,8,DR,historical_knn,none,reported_support_fragile,True
sepsis,terminal_90d_plus_lactate,discrete_bcq,3417,8,WDR,historical_knn,none,reported_support_fragile,True
sepsis,terminal_90d_plus_lactate,discrete_bcq,3417,8,FQE,historical_knn,none,reported_support_fragile,True
sepsis,terminal_90d_plus_lactate,discrete_bcq,3417,8,support_restricted_WPDIS,historical_knn,none,reported_support_fragile,True
sepsis,terminal_90d_plus_lactate,discrete_bcq,3417,8,IS,historical_knn,20.0,reported_support_fragile,True
sepsis,terminal_90d_plus_lactate,discrete_bcq,3417,8,WIS,historical_knn,20.0,reported_support_fragile,True
sepsis,terminal_90d_plus_lactate,discrete_bcq,3417,8,PDIS,historical_knn,20.0,reported_support_fragile,True
sepsis,terminal_90d_plus_lactate,discrete_bcq,3417,8,WPDIS,historical_knn,20.0,reported_support_fragile,True
sepsis,terminal_90d_plus_lactate,discrete_bcq,3417,8,CWPDIS,historical_knn,20.0,reported_support_fragile,True
sepsis,terminal_90d_plus_lactate,discrete_bcq,3417,8,DR,historical_knn,20.0,reported_support_fragile,True
sepsis,terminal_90d_plus_lactate,discrete_bcq,3417,8,WDR,historical_knn,20.0,reported_support_fragile,True
sepsis,terminal_90d_plus_lactate,discrete_bcq,3417,8,FQE,historical_knn,20.0,reported_support_fragile,True
sepsis,terminal_90d_plus_lactate,discrete_bcq,3417,8,support_restricted_WPDIS,historical_knn,20.0,reported_support_fragile,True
sepsis,terminal_90d_plus_lactate,discrete_bcq,3417,8,IS,neural_classifier,none,reported_support_fragile,True
sepsis,terminal_90d_plus_lactate,discrete_bcq,3417,8,WIS,neural_classifier,none,reported_support_fragile,True
sepsis,terminal_90d_plus_lactate,discrete_bcq,3417,8,PDIS,neural_classifier,none,reported_support_fragile,True
sepsis,terminal_90d_plus_lactate,discrete_bcq,3417,8,WPDIS,neural_classifier,none,reported_support_fragile,True
sepsis,terminal_90d_plus_lactate,discrete_bcq,3417,8,CWPDIS,neural_classifier,none,reported_support_fragile,True
sepsis,terminal_90d_plus_lactate,discrete_bcq,3417,8,DR,neural_classifier,none,reported_support_fragile,True
sepsis,terminal_90d_plus_lactate,discrete_bcq,3417,8,WDR,neural_classifier,none,reported_support_fragile,True
sepsis,terminal_90d_plus_lactate,discrete_bcq,3417,8,FQE,neural_classifier,none,reported_support_fragile,True
sepsis,terminal_90d_plus_lactate,discrete_bcq,3417,8,support_restricted_WPDIS,neural_classifier,none,reported_support_fragile,True
sepsis,terminal_90d_plus_lactate,discrete_bcq,3417,8,IS,neural_classifier,20.0,reported_support_fragile,True
sepsis,terminal_90d_plus_lactate,discrete_bcq,3417,8,WIS,neural_classifier,20.0,reported_support_fragile,True
sepsis,terminal_90d_plus_lactate,discrete_bcq,3417,8,PDIS,neural_classifier,20.0,reported_support_fragile,True
sepsis,terminal_90d_plus_lactate,discrete_bcq,3417,8,WPDIS,neural_classifier,20.0,reported_support_fragile,True
sepsis,terminal_90d_plus_lactate,discrete_bcq,3417,8,CWPDIS,neural_classifier,20.0,reported_support_fragile,True
sepsis,terminal_90d_plus_lactate,discrete_bcq,3417,8,DR,neural_classifier,20.0,reported_support_fragile,True
sepsis,terminal_90d_plus_lactate,discrete_bcq,3417,8,WDR,neural_classifier,20.0,reported_support_fragile,True
sepsis,terminal_90d_plus_lactate,discrete_bcq,3417,8,FQE,neural_classifier,20.0,reported_support_fragile,True
sepsis,terminal_90d_plus_lactate,discrete_bcq,3417,8,support_restricted_WPDIS,neural_classifier,20.0,reported_support_fragile,True
sepsis,terminal_90d_plus_lactate,discrete_cql,3417,1,IS,historical_knn,none,reported_support_fragile,True
sepsis,terminal_90d_plus_lactate,discrete_cql,3417,1,WIS,historical_knn,none,reported_support_fragile,True
sepsis,terminal_90d_plus_lactate,discrete_cql,3417,1,PDIS,historical_knn,none,reported_support_fragile,True
sepsis,terminal_90d_plus_lactate,discrete_cql,3417,1,WPDIS,historical_knn,none,reported_support_fragile,True
sepsis,terminal_90d_plus_lactate,discrete_cql,3417,1,CWPDIS,historical_knn,none,reported_support_fragile,True
sepsis,terminal_90d_plus_lactate,discrete_cql,3417,1,DR,historical_knn,none,reported_support_fragile,True
sepsis,terminal_90d_plus_lactate,discrete_cql,3417,1,WDR,historical_knn,none,reported_support_fragile,True
sepsis,terminal_90d_plus_lactate,discrete_cql,3417,1,FQE,historical_knn,none,reported_support_fragile,True
sepsis,terminal_90d_plus_lactate,discrete_cql,3417,1,support_restricted_WPDIS,historical_knn,none,reported_support_fragile,True
sepsis,terminal_90d_plus_lactate,discrete_cql,3417,1,IS,historical_knn,20.0,reported_support_fragile,True
sepsis,terminal_90d_plus_lactate,discrete_cql,3417,1,WIS,historical_knn,20.0,reported_support_fragile,True
sepsis,terminal_90d_plus_lactate,discrete_cql,3417,1,PDIS,historical_knn,20.0,reported_support_fragile,True
sepsis,terminal_90d_plus_lactate,discrete_cql,3417,1,WPDIS,historical_knn,20.0,reported_support_fragile,True
sepsis,terminal_90d_plus_lactate,discrete_cql,3417,1,CWPDIS,historical_knn,20.0,reported_support_fragile,True
sepsis,terminal_90d_plus_lactate,discrete_cql,3417,1,DR,historical_knn,20.0,reported_support_fragile,True
sepsis,terminal_90d_plus_lactate,discrete_cql,3417,1,WDR,historical_knn,20.0,reported_support_fragile,True
sepsis,terminal_90d_plus_lactate,discrete_cql,3417,1,FQE,historical_knn,20.0,reported_support_fragile,True
sepsis,terminal_90d_plus_lactate,discrete_cql,3417,1,support_restricted_WPDIS,historical_knn,20.0,reported_support_fragile,True
sepsis,terminal_90d_plus_lactate,discrete_cql,3417,1,IS,neural_classifier,none,reported_support_fragile,True
sepsis,terminal_90d_plus_lactate,discrete_cql,3417,1,WIS,neural_classifier,none,reported_support_fragile,True
sepsis,terminal_90d_plus_lactate,discrete_cql,3417,1,PDIS,neural_classifier,none,reported_support_fragile,True
sepsis,terminal_90d_plus_lactate,discrete_cql,3417,1,WPDIS,neural_classifier,none,reported_support_fragile,True
sepsis,terminal_90d_plus_lactate,discrete_cql,3417,1,CWPDIS,neural_classifier,none,reported_support_fragile,True
sepsis,terminal_90d_plus_lactate,discrete_cql,3417,1,DR,neural_classifier,none,reported_support_fragile,True
sepsis,terminal_90d_plus_lactate,discrete_cql,3417,1,WDR,neural_classifier,none,reported_support_fragile,True
sepsis,terminal_90d_plus_lactate,discrete_cql,3417,1,FQE,neural_classifier,none,reported_support_fragile,True
sepsis,terminal_90d_plus_lactate,discrete_cql,3417,1,support_restricted_WPDIS,neural_classifier,none,reported_support_fragile,True
sepsis,terminal_90d_plus_lactate,discrete_cql,3417,1,IS,neural_classifier,20.0,reported_support_fragile,True
sepsis,terminal_90d_plus_lactate,discrete_cql,3417,1,WIS,neural_classifier,20.0,reported_support_fragile,True
sepsis,terminal_90d_plus_lactate,discrete_cql,3417,1,PDIS,neural_classifier,20.0,reported_support_fragile,True
sepsis,terminal_90d_plus_lactate,discrete_cql,3417,1,WPDIS,neural_classifier,20.0,reported_support_fragile,True
sepsis,terminal_90d_plus_lactate,discrete_cql,3417,1,CWPDIS,neural_classifier,20.0,reported_support_fragile,True
sepsis,terminal_90d_plus_lactate,discrete_cql,3417,1,DR,neural_classifier,20.0,reported_support_fragile,True
sepsis,terminal_90d_plus_lactate,discrete_cql,3417,1,WDR,neural_classifier,20.0,reported_support_fragile,True
sepsis,terminal_90d_plus_lactate,discrete_cql,3417,1,FQE,neural_classifier,20.0,reported_support_fragile,True
sepsis,terminal_90d_plus_lactate,discrete_cql,3417,1,support_restricted_WPDIS,neural_classifier,20.0,reported_support_fragile,True
sepsis,terminal_90d_plus_lactate,discrete_cql,3417,4,IS,historical_knn,none,reported_support_fragile,True
sepsis,terminal_90d_plus_lactate,discrete_cql,3417,4,WIS,historical_knn,none,reported_support_fragile,True
sepsis,terminal_90d_plus_lactate,discrete_cql,3417,4,PDIS,historical_knn,none,reported_support_fragile,True
sepsis,terminal_90d_plus_lactate,discrete_cql,3417,4,WPDIS,historical_knn,none,reported_support_fragile,True
sepsis,terminal_90d_plus_lactate,discrete_cql,3417,4,CWPDIS,historical_knn,none,reported_support_fragile,True
sepsis,terminal_90d_plus_lactate,discrete_cql,3417,4,DR,historical_knn,none,reported_support_fragile,True
sepsis,terminal_90d_plus_lactate,discrete_cql,3417,4,WDR,historical_knn,none,reported_support_fragile,True
sepsis,terminal_90d_plus_lactate,discrete_cql,3417,4,FQE,historical_knn,none,reported_support_fragile,True
sepsis,terminal_90d_plus_lactate,discrete_cql,3417,4,support_restricted_WPDIS,historical_knn,none,reported_support_fragile,True
sepsis,terminal_90d_plus_lactate,discrete_cql,3417,4,IS,historical_knn,20.0,reported_support_fragile,True
sepsis,terminal_90d_plus_lactate,discrete_cql,3417,4,WIS,historical_knn,20.0,reported_support_fragile,True
sepsis,terminal_90d_plus_lactate,discrete_cql,3417,4,PDIS,historical_knn,20.0,reported_support_fragile,True
sepsis,terminal_90d_plus_lactate,discrete_cql,3417,4,WPDIS,historical_knn,20.0,reported_support_fragile,True
sepsis,terminal_90d_plus_lactate,discrete_cql,3417,4,CWPDIS,historical_knn,20.0,reported_support_fragile,True
sepsis,terminal_90d_plus_lactate,discrete_cql,3417,4,DR,historical_knn,20.0,reported_support_fragile,True
sepsis,terminal_90d_plus_lactate,discrete_cql,3417,4,WDR,historical_knn,20.0,reported_support_fragile,True
sepsis,terminal_90d_plus_lactate,discrete_cql,3417,4,FQE,historical_knn,20.0,reported_support_fragile,True
sepsis,terminal_90d_plus_lactate,discrete_cql,3417,4,support_restricted_WPDIS,historical_knn,20.0,reported_support_fragile,True
sepsis,terminal_90d_plus_lactate,discrete_cql,3417,4,IS,neural_classifier,none,reported_support_fragile,True
sepsis,terminal_90d_plus_lactate,discrete_cql,3417,4,WIS,neural_classifier,none,reported_support_fragile,True
sepsis,terminal_90d_plus_lactate,discrete_cql,3417,4,PDIS,neural_classifier,none,reported_support_fragile,True
sepsis,terminal_90d_plus_lactate,discrete_cql,3417,4,WPDIS,neural_classifier,none,reported_support_fragile,True
sepsis,terminal_90d_plus_lactate,discrete_cql,3417,4,CWPDIS,neural_classifier,none,reported_support_fragile,True
sepsis,terminal_90d_plus_lactate,discrete_cql,3417,4,DR,neural_classifier,none,reported_support_fragile,True
sepsis,terminal_90d_plus_lactate,discrete_cql,3417,4,WDR,neural_classifier,none,reported_support_fragile,True
sepsis,terminal_90d_plus_lactate,discrete_cql,3417,4,FQE,neural_classifier,none,reported_support_fragile,True
sepsis,terminal_90d_plus_lactate,discrete_cql,3417,4,support_restricted_WPDIS,neural_classifier,none,reported_support_fragile,True
sepsis,terminal_90d_plus_lactate,discrete_cql,3417,4,IS,neural_classifier,20.0,reported_support_fragile,True
sepsis,terminal_90d_plus_lactate,discrete_cql,3417,4,WIS,neural_classifier,20.0,reported_support_fragile,True
sepsis,terminal_90d_plus_lactate,discrete_cql,3417,4,PDIS,neural_classifier,20.0,reported_support_fragile,True
sepsis,terminal_90d_plus_lactate,discrete_cql,3417,4,WPDIS,neural_classifier,20.0,reported_support_fragile,True
sepsis,terminal_90d_plus_lactate,discrete_cql,3417,4,CWPDIS,neural_classifier,20.0,reported_support_fragile,True
sepsis,terminal_90d_plus_lactate,discrete_cql,3417,4,DR,neural_classifier,20.0,reported_support_fragile,True
sepsis,terminal_90d_plus_lactate,discrete_cql,3417,4,WDR,neural_classifier,20.0,reported_support_fragile,True
sepsis,terminal_90d_plus_lactate,discrete_cql,3417,4,FQE,neural_classifier,20.0,reported_support_fragile,True
sepsis,terminal_90d_plus_lactate,discrete_cql,3417,4,support_restricted_WPDIS,neural_classifier,20.0,reported_support_fragile,True
sepsis,terminal_90d_plus_lactate,discrete_cql,3417,8,IS,historical_knn,none,reported_support_fragile,True
sepsis,terminal_90d_plus_lactate,discrete_cql,3417,8,WIS,historical_knn,none,reported_support_fragile,True
sepsis,terminal_90d_plus_lactate,discrete_cql,3417,8,PDIS,historical_knn,none,reported_support_fragile,True
sepsis,terminal_90d_plus_lactate,discrete_cql,3417,8,WPDIS,historical_knn,none,reported_support_fragile,True
sepsis,terminal_90d_plus_lactate,discrete_cql,3417,8,CWPDIS,historical_knn,none,reported_support_fragile,True
sepsis,terminal_90d_plus_lactate,discrete_cql,3417,8,DR,historical_knn,none,reported_support_fragile,True
sepsis,terminal_90d_plus_lactate,discrete_cql,3417,8,WDR,historical_knn,none,reported_support_fragile,True
sepsis,terminal_90d_plus_lactate,discrete_cql,3417,8,FQE,historical_knn,none,reported_support_fragile,True
sepsis,terminal_90d_plus_lactate,discrete_cql,3417,8,support_restricted_WPDIS,historical_knn,none,reported_support_fragile,True
sepsis,terminal_90d_plus_lactate,discrete_cql,3417,8,IS,historical_knn,20.0,reported_support_fragile,True
sepsis,terminal_90d_plus_lactate,discrete_cql,3417,8,WIS,historical_knn,20.0,reported_support_fragile,True
sepsis,terminal_90d_plus_lactate,discrete_cql,3417,8,PDIS,historical_knn,20.0,reported_support_fragile,True
sepsis,terminal_90d_plus_lactate,discrete_cql,3417,8,WPDIS,historical_knn,20.0,reported_support_fragile,True
sepsis,terminal_90d_plus_lactate,discrete_cql,3417,8,CWPDIS,historical_knn,20.0,reported_support_fragile,True
sepsis,terminal_90d_plus_lactate,discrete_cql,3417,8,DR,historical_knn,20.0,reported_support_fragile,True
sepsis,terminal_90d_plus_lactate,discrete_cql,3417,8,WDR,historical_knn,20.0,reported_support_fragile,True
sepsis,terminal_90d_plus_lactate,discrete_cql,3417,8,FQE,historical_knn,20.0,reported_support_fragile,True
sepsis,terminal_90d_plus_lactate,discrete_cql,3417,8,support_restricted_WPDIS,historical_knn,20.0,reported_support_fragile,True
sepsis,terminal_90d_plus_lactate,discrete_cql,3417,8,IS,neural_classifier,none,reported_support_fragile,True
sepsis,terminal_90d_plus_lactate,discrete_cql,3417,8,WIS,neural_classifier,none,reported_support_fragile,True
sepsis,terminal_90d_plus_lactate,discrete_cql,3417,8,PDIS,neural_classifier,none,reported_support_fragile,True
sepsis,terminal_90d_plus_lactate,discrete_cql,3417,8,WPDIS,neural_classifier,none,reported_support_fragile,True
sepsis,terminal_90d_plus_lactate,discrete_cql,3417,8,CWPDIS,neural_classifier,none,reported_support_fragile,True
sepsis,terminal_90d_plus_lactate,discrete_cql,3417,8,DR,neural_classifier,none,reported_support_fragile,True
sepsis,terminal_90d_plus_lactate,discrete_cql,3417,8,WDR,neural_classifier,none,reported_support_fragile,True
sepsis,terminal_90d_plus_lactate,discrete_cql,3417,8,FQE,neural_classifier,none,reported_support_fragile,True
sepsis,terminal_90d_plus_lactate,discrete_cql,3417,8,support_restricted_WPDIS,neural_classifier,none,reported_support_fragile,True
sepsis,terminal_90d_plus_lactate,discrete_cql,3417,8,IS,neural_classifier,20.0,reported_support_fragile,True
sepsis,terminal_90d_plus_lactate,discrete_cql,3417,8,WIS,neural_classifier,20.0,reported_support_fragile,True
sepsis,terminal_90d_plus_lactate,discrete_cql,3417,8,PDIS,neural_classifier,20.0,reported_support_fragile,True
sepsis,terminal_90d_plus_lactate,discrete_cql,3417,8,WPDIS,neural_classifier,20.0,reported_support_fragile,True
sepsis,terminal_90d_plus_lactate,discrete_cql,3417,8,CWPDIS,neural_classifier,20.0,reported_support_fragile,True
sepsis,terminal_90d_plus_lactate,discrete_cql,3417,8,DR,neural_classifier,20.0,reported_support_fragile,True
sepsis,terminal_90d_plus_lactate,discrete_cql,3417,8,WDR,neural_classifier,20.0,reported_support_fragile,True
sepsis,terminal_90d_plus_lactate,discrete_cql,3417,8,FQE,neural_classifier,20.0,reported_support_fragile,True
sepsis,terminal_90d_plus_lactate,discrete_cql,3417,8,support_restricted_WPDIS,neural_classifier,20.0,reported_support_fragile,True
sepsis,terminal_90d_plus_lactate,soft_spibb,3417,1,IS,historical_knn,none,reported_support_fragile,True
sepsis,terminal_90d_plus_lactate,soft_spibb,3417,1,WIS,historical_knn,none,reported_support_fragile,True
sepsis,terminal_90d_plus_lactate,soft_spibb,3417,1,PDIS,historical_knn,none,reported_support_fragile,True
sepsis,terminal_90d_plus_lactate,soft_spibb,3417,1,WPDIS,historical_knn,none,reported_support_fragile,True
sepsis,terminal_90d_plus_lactate,soft_spibb,3417,1,CWPDIS,historical_knn,none,reported_support_fragile,True
sepsis,terminal_90d_plus_lactate,soft_spibb,3417,1,DR,historical_knn,none,reported_support_fragile,True
sepsis,terminal_90d_plus_lactate,soft_spibb,3417,1,WDR,historical_knn,none,reported_support_fragile,True
sepsis,terminal_90d_plus_lactate,soft_spibb,3417,1,FQE,historical_knn,none,reported_support_fragile,True
sepsis,terminal_90d_plus_lactate,soft_spibb,3417,1,support_restricted_WPDIS,historical_knn,none,reported_support_fragile,True
sepsis,terminal_90d_plus_lactate,soft_spibb,3417,1,IS,historical_knn,20.0,reported_support_fragile,True
sepsis,terminal_90d_plus_lactate,soft_spibb,3417,1,WIS,historical_knn,20.0,reported_support_fragile,True
sepsis,terminal_90d_plus_lactate,soft_spibb,3417,1,PDIS,historical_knn,20.0,reported_support_fragile,True
sepsis,terminal_90d_plus_lactate,soft_spibb,3417,1,WPDIS,historical_knn,20.0,reported_support_fragile,True
sepsis,terminal_90d_plus_lactate,soft_spibb,3417,1,CWPDIS,historical_knn,20.0,reported_support_fragile,True
sepsis,terminal_90d_plus_lactate,soft_spibb,3417,1,DR,historical_knn,20.0,reported_support_fragile,True
sepsis,terminal_90d_plus_lactate,soft_spibb,3417,1,WDR,historical_knn,20.0,reported_support_fragile,True
sepsis,terminal_90d_plus_lactate,soft_spibb,3417,1,FQE,historical_knn,20.0,reported_support_fragile,True
sepsis,terminal_90d_plus_lactate,soft_spibb,3417,1,support_restricted_WPDIS,historical_knn,20.0,reported_support_fragile,True
sepsis,terminal_90d_plus_lactate,soft_spibb,3417,1,IS,neural_classifier,none,reported_support_fragile,True
sepsis,terminal_90d_plus_lactate,soft_spibb,3417,1,WIS,neural_classifier,none,reported_support_fragile,True
sepsis,terminal_90d_plus_lactate,soft_spibb,3417,1,PDIS,neural_classifier,none,reported_support_fragile,True
sepsis,terminal_90d_plus_lactate,soft_spibb,3417,1,WPDIS,neural_classifier,none,reported_support_fragile,True
sepsis,terminal_90d_plus_lactate,soft_spibb,3417,1,CWPDIS,neural_classifier,none,reported_support_fragile,True
sepsis,terminal_90d_plus_lactate,soft_spibb,3417,1,DR,neural_classifier,none,reported_support_fragile,True
sepsis,terminal_90d_plus_lactate,soft_spibb,3417,1,WDR,neural_classifier,none,reported_support_fragile,True
sepsis,terminal_90d_plus_lactate,soft_spibb,3417,1,FQE,neural_classifier,none,reported_support_fragile,True
sepsis,terminal_90d_plus_lactate,soft_spibb,3417,1,support_restricted_WPDIS,neural_classifier,none,reported_support_fragile,True
sepsis,terminal_90d_plus_lactate,soft_spibb,3417,1,IS,neural_classifier,20.0,reported_support_fragile,True
sepsis,terminal_90d_plus_lactate,soft_spibb,3417,1,WIS,neural_classifier,20.0,reported_support_fragile,True
sepsis,terminal_90d_plus_lactate,soft_spibb,3417,1,PDIS,neural_classifier,20.0,reported_support_fragile,True
sepsis,terminal_90d_plus_lactate,soft_spibb,3417,1,WPDIS,neural_classifier,20.0,reported_support_fragile,True
sepsis,terminal_90d_plus_lactate,soft_spibb,3417,1,CWPDIS,neural_classifier,20.0,reported_support_fragile,True
sepsis,terminal_90d_plus_lactate,soft_spibb,3417,1,DR,neural_classifier,20.0,reported_support_fragile,True
sepsis,terminal_90d_plus_lactate,soft_spibb,3417,1,WDR,neural_classifier,20.0,reported_support_fragile,True
sepsis,terminal_90d_plus_lactate,soft_spibb,3417,1,FQE,neural_classifier,20.0,reported_support_fragile,True
sepsis,terminal_90d_plus_lactate,soft_spibb,3417,1,support_restricted_WPDIS,neural_classifier,20.0,reported_support_fragile,True
sepsis,terminal_90d_plus_lactate,soft_spibb,3417,4,IS,historical_knn,none,reported_support_fragile,True
sepsis,terminal_90d_plus_lactate,soft_spibb,3417,4,WIS,historical_knn,none,reported_support_fragile,True
sepsis,terminal_90d_plus_lactate,soft_spibb,3417,4,PDIS,historical_knn,none,reported_support_fragile,True
sepsis,terminal_90d_plus_lactate,soft_spibb,3417,4,WPDIS,historical_knn,none,reported_support_fragile,True
sepsis,terminal_90d_plus_lactate,soft_spibb,3417,4,CWPDIS,historical_knn,none,reported_support_fragile,True
sepsis,terminal_90d_plus_lactate,soft_spibb,3417,4,DR,historical_knn,none,reported_support_fragile,True
sepsis,terminal_90d_plus_lactate,soft_spibb,3417,4,WDR,historical_knn,none,reported_support_fragile,True
sepsis,terminal_90d_plus_lactate,soft_spibb,3417,4,FQE,historical_knn,none,reported_support_fragile,True
sepsis,terminal_90d_plus_lactate,soft_spibb,3417,4,support_restricted_WPDIS,historical_knn,none,reported_support_fragile,True
sepsis,terminal_90d_plus_lactate,soft_spibb,3417,4,IS,historical_knn,20.0,reported_support_fragile,True
sepsis,terminal_90d_plus_lactate,soft_spibb,3417,4,WIS,historical_knn,20.0,reported_support_fragile,True
sepsis,terminal_90d_plus_lactate,soft_spibb,3417,4,PDIS,historical_knn,20.0,reported_support_fragile,True
sepsis,terminal_90d_plus_lactate,soft_spibb,3417,4,WPDIS,historical_knn,20.0,reported_support_fragile,True
sepsis,terminal_90d_plus_lactate,soft_spibb,3417,4,CWPDIS,historical_knn,20.0,reported_support_fragile,True
sepsis,terminal_90d_plus_lactate,soft_spibb,3417,4,DR,historical_knn,20.0,reported_support_fragile,True
sepsis,terminal_90d_plus_lactate,soft_spibb,3417,4,WDR,historical_knn,20.0,reported_support_fragile,True
sepsis,terminal_90d_plus_lactate,soft_spibb,3417,4,FQE,historical_knn,20.0,reported_support_fragile,True
sepsis,terminal_90d_plus_lactate,soft_spibb,3417,4,support_restricted_WPDIS,historical_knn,20.0,reported_support_fragile,True
sepsis,terminal_90d_plus_lactate,soft_spibb,3417,4,IS,neural_classifier,none,reported_support_fragile,True
sepsis,terminal_90d_plus_lactate,soft_spibb,3417,4,WIS,neural_classifier,none,reported_support_fragile,True
sepsis,terminal_90d_plus_lactate,soft_spibb,3417,4,PDIS,neural_classifier,none,reported_support_fragile,True
sepsis,terminal_90d_plus_lactate,soft_spibb,3417,4,WPDIS,neural_classifier,none,reported_support_fragile,True
sepsis,terminal_90d_plus_lactate,soft_spibb,3417,4,CWPDIS,neural_classifier,none,reported_support_fragile,True
sepsis,terminal_90d_plus_lactate,soft_spibb,3417,4,DR,neural_classifier,none,reported_support_fragile,True
sepsis,terminal_90d_plus_lactate,soft_spibb,3417,4,WDR,neural_classifier,none,reported_support_fragile,True
sepsis,terminal_90d_plus_lactate,soft_spibb,3417,4,FQE,neural_classifier,none,reported_support_fragile,True
sepsis,terminal_90d_plus_lactate,soft_spibb,3417,4,support_restricted_WPDIS,neural_classifier,none,reported_support_fragile,True
sepsis,terminal_90d_plus_lactate,soft_spibb,3417,4,IS,neural_classifier,20.0,reported_support_fragile,True
sepsis,terminal_90d_plus_lactate,soft_spibb,3417,4,WIS,neural_classifier,20.0,reported_support_fragile,True
sepsis,terminal_90d_plus_lactate,soft_spibb,3417,4,PDIS,neural_classifier,20.0,reported_support_fragile,True
sepsis,terminal_90d_plus_lactate,soft_spibb,3417,4,WPDIS,neural_classifier,20.0,reported_support_fragile,True
sepsis,terminal_90d_plus_lactate,soft_spibb,3417,4,CWPDIS,neural_classifier,20.0,reported_support_fragile,True
sepsis,terminal_90d_plus_lactate,soft_spibb,3417,4,DR,neural_classifier,20.0,reported_support_fragile,True
sepsis,terminal_90d_plus_lactate,soft_spibb,3417,4,WDR,neural_classifier,20.0,reported_support_fragile,True
sepsis,terminal_90d_plus_lactate,soft_spibb,3417,4,FQE,neural_classifier,20.0,reported_support_fragile,True
sepsis,terminal_90d_plus_lactate,soft_spibb,3417,4,support_restricted_WPDIS,neural_classifier,20.0,reported_support_fragile,True
sepsis,terminal_90d_plus_lactate,soft_spibb,3417,8,IS,historical_knn,none,reported_support_fragile,True
sepsis,terminal_90d_plus_lactate,soft_spibb,3417,8,WIS,historical_knn,none,reported_support_fragile,True
sepsis,terminal_90d_plus_lactate,soft_spibb,3417,8,PDIS,historical_knn,none,reported_support_fragile,True
sepsis,terminal_90d_plus_lactate,soft_spibb,3417,8,WPDIS,historical_knn,none,reported_support_fragile,True
sepsis,terminal_90d_plus_lactate,soft_spibb,3417,8,CWPDIS,historical_knn,none,reported_support_fragile,True
sepsis,terminal_90d_plus_lactate,soft_spibb,3417,8,DR,historical_knn,none,reported_support_fragile,True
sepsis,terminal_90d_plus_lactate,soft_spibb,3417,8,WDR,historical_knn,none,reported_support_fragile,True
sepsis,terminal_90d_plus_lactate,soft_spibb,3417,8,FQE,historical_knn,none,reported_support_fragile,True
sepsis,terminal_90d_plus_lactate,soft_spibb,3417,8,support_restricted_WPDIS,historical_knn,none,reported_support_fragile,True
sepsis,terminal_90d_plus_lactate,soft_spibb,3417,8,IS,historical_knn,20.0,reported_support_fragile,True
sepsis,terminal_90d_plus_lactate,soft_spibb,3417,8,WIS,historical_knn,20.0,reported_support_fragile,True
sepsis,terminal_90d_plus_lactate,soft_spibb,3417,8,PDIS,historical_knn,20.0,reported_support_fragile,True
sepsis,terminal_90d_plus_lactate,soft_spibb,3417,8,WPDIS,historical_knn,20.0,reported_support_fragile,True
sepsis,terminal_90d_plus_lactate,soft_spibb,3417,8,CWPDIS,historical_knn,20.0,reported_support_fragile,True
sepsis,terminal_90d_plus_lactate,soft_spibb,3417,8,DR,historical_knn,20.0,reported_support_fragile,True
sepsis,terminal_90d_plus_lactate,soft_spibb,3417,8,WDR,historical_knn,20.0,reported_support_fragile,True
sepsis,terminal_90d_plus_lactate,soft_spibb,3417,8,FQE,historical_knn,20.0,reported_support_fragile,True
sepsis,terminal_90d_plus_lactate,soft_spibb,3417,8,support_restricted_WPDIS,historical_knn,20.0,reported_support_fragile,True
sepsis,terminal_90d_plus_lactate,soft_spibb,3417,8,IS,neural_classifier,none,reported_support_fragile,True
sepsis,terminal_90d_plus_lactate,soft_spibb,3417,8,WIS,neural_classifier,none,reported_support_fragile,True
sepsis,terminal_90d_plus_lactate,soft_spibb,3417,8,PDIS,neural_classifier,none,reported_support_fragile,True
sepsis,terminal_90d_plus_lactate,soft_spibb,3417,8,WPDIS,neural_classifier,none,reported_support_fragile,True
sepsis,terminal_90d_plus_lactate,soft_spibb,3417,8,CWPDIS,neural_classifier,none,reported_support_fragile,True
sepsis,terminal_90d_plus_lactate,soft_spibb,3417,8,DR,neural_classifier,none,reported_support_fragile,True
sepsis,terminal_90d_plus_lactate,soft_spibb,3417,8,WDR,neural_classifier,none,reported_support_fragile,True
sepsis,terminal_90d_plus_lactate,soft_spibb,3417,8,FQE,neural_classifier,none,reported_support_fragile,True
sepsis,terminal_90d_plus_lactate,soft_spibb,3417,8,support_restricted_WPDIS,neural_classifier,none,reported_support_fragile,True
sepsis,terminal_90d_plus_lactate,soft_spibb,3417,8,IS,neural_classifier,20.0,reported_support_fragile,True
sepsis,terminal_90d_plus_lactate,soft_spibb,3417,8,WIS,neural_classifier,20.0,reported_support_fragile,True
sepsis,terminal_90d_plus_lactate,soft_spibb,3417,8,PDIS,neural_classifier,20.0,reported_support_fragile,True
sepsis,terminal_90d_plus_lactate,soft_spibb,3417,8,WPDIS,neural_classifier,20.0,reported_support_fragile,True
sepsis,terminal_90d_plus_lactate,soft_spibb,3417,8,CWPDIS,neural_classifier,20.0,reported_support_fragile,True
sepsis,terminal_90d_plus_lactate,soft_spibb,3417,8,DR,neural_classifier,20.0,reported_support_fragile,True
sepsis,terminal_90d_plus_lactate,soft_spibb,3417,8,WDR,neural_classifier,20.0,reported_support_fragile,True
sepsis,terminal_90d_plus_lactate,soft_spibb,3417,8,FQE,neural_classifier,20.0,reported_support_fragile,True
sepsis,terminal_90d_plus_lactate,soft_spibb,3417,8,support_restricted_WPDIS,neural_classifier,20.0,reported_support_fragile,True
sepsis,terminal_90d_plus_lactate,decision_transformer_adapter,3417,1,IS,historical_knn,none,reported_support_fragile,True
sepsis,terminal_90d_plus_lactate,decision_transformer_adapter,3417,1,WIS,historical_knn,none,reported_support_fragile,True
sepsis,terminal_90d_plus_lactate,decision_transformer_adapter,3417,1,PDIS,historical_knn,none,reported_support_fragile,True
sepsis,terminal_90d_plus_lactate,decision_transformer_adapter,3417,1,WPDIS,historical_knn,none,reported_support_fragile,True
sepsis,terminal_90d_plus_lactate,decision_transformer_adapter,3417,1,CWPDIS,historical_knn,none,reported_support_fragile,True
sepsis,terminal_90d_plus_lactate,decision_transformer_adapter,3417,1,DR,historical_knn,none,reported_support_fragile,True
sepsis,terminal_90d_plus_lactate,decision_transformer_adapter,3417,1,WDR,historical_knn,none,reported_support_fragile,True
sepsis,terminal_90d_plus_lactate,decision_transformer_adapter,3417,1,FQE,historical_knn,none,reported_support_fragile,True
sepsis,terminal_90d_plus_lactate,decision_transformer_adapter,3417,1,support_restricted_WPDIS,historical_knn,none,reported_support_fragile,True
sepsis,terminal_90d_plus_lactate,decision_transformer_adapter,3417,1,IS,historical_knn,20.0,reported_support_fragile,True
sepsis,terminal_90d_plus_lactate,decision_transformer_adapter,3417,1,WIS,historical_knn,20.0,reported_support_fragile,True
sepsis,terminal_90d_plus_lactate,decision_transformer_adapter,3417,1,PDIS,historical_knn,20.0,reported_support_fragile,True
sepsis,terminal_90d_plus_lactate,decision_transformer_adapter,3417,1,WPDIS,historical_knn,20.0,reported_support_fragile,True
sepsis,terminal_90d_plus_lactate,decision_transformer_adapter,3417,1,CWPDIS,historical_knn,20.0,reported_support_fragile,True
sepsis,terminal_90d_plus_lactate,decision_transformer_adapter,3417,1,DR,historical_knn,20.0,reported_support_fragile,True
sepsis,terminal_90d_plus_lactate,decision_transformer_adapter,3417,1,WDR,historical_knn,20.0,reported_support_fragile,True
sepsis,terminal_90d_plus_lactate,decision_transformer_adapter,3417,1,FQE,historical_knn,20.0,reported_support_fragile,True
sepsis,terminal_90d_plus_lactate,decision_transformer_adapter,3417,1,support_restricted_WPDIS,historical_knn,20.0,reported_support_fragile,True
sepsis,terminal_90d_plus_lactate,decision_transformer_adapter,3417,1,IS,neural_classifier,none,reported_support_fragile,True
sepsis,terminal_90d_plus_lactate,decision_transformer_adapter,3417,1,WIS,neural_classifier,none,reported_support_fragile,True
sepsis,terminal_90d_plus_lactate,decision_transformer_adapter,3417,1,PDIS,neural_classifier,none,reported_support_fragile,True
sepsis,terminal_90d_plus_lactate,decision_transformer_adapter,3417,1,WPDIS,neural_classifier,none,reported_support_fragile,True
sepsis,terminal_90d_plus_lactate,decision_transformer_adapter,3417,1,CWPDIS,neural_classifier,none,reported_support_fragile,True
sepsis,terminal_90d_plus_lactate,decision_transformer_adapter,3417,1,DR,neural_classifier,none,reported_support_fragile,True
sepsis,terminal_90d_plus_lactate,decision_transformer_adapter,3417,1,WDR,neural_classifier,none,reported_support_fragile,True
sepsis,terminal_90d_plus_lactate,decision_transformer_adapter,3417,1,FQE,neural_classifier,none,reported_support_fragile,True
sepsis,terminal_90d_plus_lactate,decision_transformer_adapter,3417,1,support_restricted_WPDIS,neural_classifier,none,reported_support_fragile,True
sepsis,terminal_90d_plus_lactate,decision_transformer_adapter,3417,1,IS,neural_classifier,20.0,reported_support_fragile,True
sepsis,terminal_90d_plus_lactate,decision_transformer_adapter,3417,1,WIS,neural_classifier,20.0,reported_support_fragile,True
sepsis,terminal_90d_plus_lactate,decision_transformer_adapter,3417,1,PDIS,neural_classifier,20.0,reported_support_fragile,True
sepsis,terminal_90d_plus_lactate,decision_transformer_adapter,3417,1,WPDIS,neural_classifier,20.0,reported_support_fragile,True
sepsis,terminal_90d_plus_lactate,decision_transformer_adapter,3417,1,CWPDIS,neural_classifier,20.0,reported_support_fragile,True
sepsis,terminal_90d_plus_lactate,decision_transformer_adapter,3417,1,DR,neural_classifier,20.0,reported_support_fragile,True
sepsis,terminal_90d_plus_lactate,decision_transformer_adapter,3417,1,WDR,neural_classifier,20.0,reported_support_fragile,True
sepsis,terminal_90d_plus_lactate,decision_transformer_adapter,3417,1,FQE,neural_classifier,20.0,reported_support_fragile,True
sepsis,terminal_90d_plus_lactate,decision_transformer_adapter,3417,1,support_restricted_WPDIS,neural_classifier,20.0,reported_support_fragile,True
sepsis,terminal_90d_plus_lactate,decision_transformer_adapter,3417,4,IS,historical_knn,none,reported_support_fragile,True
sepsis,terminal_90d_plus_lactate,decision_transformer_adapter,3417,4,WIS,historical_knn,none,reported_support_fragile,True
sepsis,terminal_90d_plus_lactate,decision_transformer_adapter,3417,4,PDIS,historical_knn,none,reported_support_fragile,True
sepsis,terminal_90d_plus_lactate,decision_transformer_adapter,3417,4,WPDIS,historical_knn,none,reported_support_fragile,True
sepsis,terminal_90d_plus_lactate,decision_transformer_adapter,3417,4,CWPDIS,historical_knn,none,reported_support_fragile,True
sepsis,terminal_90d_plus_lactate,decision_transformer_adapter,3417,4,DR,historical_knn,none,reported_support_fragile,True
sepsis,terminal_90d_plus_lactate,decision_transformer_adapter,3417,4,WDR,historical_knn,none,reported_support_fragile,True
sepsis,terminal_90d_plus_lactate,decision_transformer_adapter,3417,4,FQE,historical_knn,none,reported_support_fragile,True
sepsis,terminal_90d_plus_lactate,decision_transformer_adapter,3417,4,support_restricted_WPDIS,historical_knn,none,reported_support_fragile,True
sepsis,terminal_90d_plus_lactate,decision_transformer_adapter,3417,4,IS,historical_knn,20.0,reported_support_fragile,True
sepsis,terminal_90d_plus_lactate,decision_transformer_adapter,3417,4,WIS,historical_knn,20.0,reported_support_fragile,True
sepsis,terminal_90d_plus_lactate,decision_transformer_adapter,3417,4,PDIS,historical_knn,20.0,reported_support_fragile,True
sepsis,terminal_90d_plus_lactate,decision_transformer_adapter,3417,4,WPDIS,historical_knn,20.0,reported_support_fragile,True
sepsis,terminal_90d_plus_lactate,decision_transformer_adapter,3417,4,CWPDIS,historical_knn,20.0,reported_support_fragile,True
sepsis,terminal_90d_plus_lactate,decision_transformer_adapter,3417,4,DR,historical_knn,20.0,reported_support_fragile,True
sepsis,terminal_90d_plus_lactate,decision_transformer_adapter,3417,4,WDR,historical_knn,20.0,reported_support_fragile,True
sepsis,terminal_90d_plus_lactate,decision_transformer_adapter,3417,4,FQE,historical_knn,20.0,reported_support_fragile,True
sepsis,terminal_90d_plus_lactate,decision_transformer_adapter,3417,4,support_restricted_WPDIS,historical_knn,20.0,reported_support_fragile,True
sepsis,terminal_90d_plus_lactate,decision_transformer_adapter,3417,4,IS,neural_classifier,none,reported_support_fragile,True
sepsis,terminal_90d_plus_lactate,decision_transformer_adapter,3417,4,WIS,neural_classifier,none,reported_support_fragile,True
sepsis,terminal_90d_plus_lactate,decision_transformer_adapter,3417,4,PDIS,neural_classifier,none,reported_support_fragile,True
sepsis,terminal_90d_plus_lactate,decision_transformer_adapter,3417,4,WPDIS,neural_classifier,none,reported_support_fragile,True
sepsis,terminal_90d_plus_lactate,decision_transformer_adapter,3417,4,CWPDIS,neural_classifier,none,reported_support_fragile,True
sepsis,terminal_90d_plus_lactate,decision_transformer_adapter,3417,4,DR,neural_classifier,none,reported_support_fragile,True
sepsis,terminal_90d_plus_lactate,decision_transformer_adapter,3417,4,WDR,neural_classifier,none,reported_support_fragile,True
sepsis,terminal_90d_plus_lactate,decision_transformer_adapter,3417,4,FQE,neural_classifier,none,reported_support_fragile,True
sepsis,terminal_90d_plus_lactate,decision_transformer_adapter,3417,4,support_restricted_WPDIS,neural_classifier,none,reported_support_fragile,True
sepsis,terminal_90d_plus_lactate,decision_transformer_adapter,3417,4,IS,neural_classifier,20.0,reported_support_fragile,True
sepsis,terminal_90d_plus_lactate,decision_transformer_adapter,3417,4,WIS,neural_classifier,20.0,reported_support_fragile,True
sepsis,terminal_90d_plus_lactate,decision_transformer_adapter,3417,4,PDIS,neural_classifier,20.0,reported_support_fragile,True
sepsis,terminal_90d_plus_lactate,decision_transformer_adapter,3417,4,WPDIS,neural_classifier,20.0,reported_support_fragile,True
sepsis,terminal_90d_plus_lactate,decision_transformer_adapter,3417,4,CWPDIS,neural_classifier,20.0,reported_support_fragile,True
sepsis,terminal_90d_plus_lactate,decision_transformer_adapter,3417,4,DR,neural_classifier,20.0,reported_support_fragile,True
sepsis,terminal_90d_plus_lactate,decision_transformer_adapter,3417,4,WDR,neural_classifier,20.0,reported_support_fragile,True
sepsis,terminal_90d_plus_lactate,decision_transformer_adapter,3417,4,FQE,neural_classifier,20.0,reported_support_fragile,True
sepsis,terminal_90d_plus_lactate,decision_transformer_adapter,3417,4,support_restricted_WPDIS,neural_classifier,20.0,reported_support_fragile,True
sepsis,terminal_90d_plus_lactate,decision_transformer_adapter,3417,8,IS,historical_knn,none,reported_support_fragile,True
sepsis,terminal_90d_plus_lactate,decision_transformer_adapter,3417,8,WIS,historical_knn,none,reported_support_fragile,True
sepsis,terminal_90d_plus_lactate,decision_transformer_adapter,3417,8,PDIS,historical_knn,none,reported_support_fragile,True
sepsis,terminal_90d_plus_lactate,decision_transformer_adapter,3417,8,WPDIS,historical_knn,none,reported_support_fragile,True
sepsis,terminal_90d_plus_lactate,decision_transformer_adapter,3417,8,CWPDIS,historical_knn,none,reported_support_fragile,True
sepsis,terminal_90d_plus_lactate,decision_transformer_adapter,3417,8,DR,historical_knn,none,reported_support_fragile,True
sepsis,terminal_90d_plus_lactate,decision_transformer_adapter,3417,8,WDR,historical_knn,none,reported_support_fragile,True
sepsis,terminal_90d_plus_lactate,decision_transformer_adapter,3417,8,FQE,historical_knn,none,reported_support_fragile,True
sepsis,terminal_90d_plus_lactate,decision_transformer_adapter,3417,8,support_restricted_WPDIS,historical_knn,none,reported_support_fragile,True
sepsis,terminal_90d_plus_lactate,decision_transformer_adapter,3417,8,IS,historical_knn,20.0,reported_support_fragile,True
sepsis,terminal_90d_plus_lactate,decision_transformer_adapter,3417,8,WIS,historical_knn,20.0,reported_support_fragile,True
sepsis,terminal_90d_plus_lactate,decision_transformer_adapter,3417,8,PDIS,historical_knn,20.0,reported_support_fragile,True
sepsis,terminal_90d_plus_lactate,decision_transformer_adapter,3417,8,WPDIS,historical_knn,20.0,reported_support_fragile,True
sepsis,terminal_90d_plus_lactate,decision_transformer_adapter,3417,8,CWPDIS,historical_knn,20.0,reported_support_fragile,True
sepsis,terminal_90d_plus_lactate,decision_transformer_adapter,3417,8,DR,historical_knn,20.0,reported_support_fragile,True
sepsis,terminal_90d_plus_lactate,decision_transformer_adapter,3417,8,WDR,historical_knn,20.0,reported_support_fragile,True
sepsis,terminal_90d_plus_lactate,decision_transformer_adapter,3417,8,FQE,historical_knn,20.0,reported_support_fragile,True
sepsis,terminal_90d_plus_lactate,decision_transformer_adapter,3417,8,support_restricted_WPDIS,historical_knn,20.0,reported_support_fragile,True
sepsis,terminal_90d_plus_lactate,decision_transformer_adapter,3417,8,IS,neural_classifier,none,reported_support_fragile,True
sepsis,terminal_90d_plus_lactate,decision_transformer_adapter,3417,8,WIS,neural_classifier,none,reported_support_fragile,True
sepsis,terminal_90d_plus_lactate,decision_transformer_adapter,3417,8,PDIS,neural_classifier,none,reported_support_fragile,True
sepsis,terminal_90d_plus_lactate,decision_transformer_adapter,3417,8,WPDIS,neural_classifier,none,reported_support_fragile,True
sepsis,terminal_90d_plus_lactate,decision_transformer_adapter,3417,8,CWPDIS,neural_classifier,none,reported_support_fragile,True
sepsis,terminal_90d_plus_lactate,decision_transformer_adapter,3417,8,DR,neural_classifier,none,reported_support_fragile,True
sepsis,terminal_90d_plus_lactate,decision_transformer_adapter,3417,8,WDR,neural_classifier,none,reported_support_fragile,True
sepsis,terminal_90d_plus_lactate,decision_transformer_adapter,3417,8,FQE,neural_classifier,none,reported_support_fragile,True
sepsis,terminal_90d_plus_lactate,decision_transformer_adapter,3417,8,support_restricted_WPDIS,neural_classifier,none,reported_support_fragile,True
sepsis,terminal_90d_plus_lactate,decision_transformer_adapter,3417,8,IS,neural_classifier,20.0,reported_support_fragile,True
sepsis,terminal_90d_plus_lactate,decision_transformer_adapter,3417,8,WIS,neural_classifier,20.0,reported_support_fragile,True
sepsis,terminal_90d_plus_lactate,decision_transformer_adapter,3417,8,PDIS,neural_classifier,20.0,reported_support_fragile,True
sepsis,terminal_90d_plus_lactate,decision_transformer_adapter,3417,8,WPDIS,neural_classifier,20.0,reported_support_fragile,True
sepsis,terminal_90d_plus_lactate,decision_transformer_adapter,3417,8,CWPDIS,neural_classifier,20.0,reported_support_fragile,True
sepsis,terminal_90d_plus_lactate,decision_transformer_adapter,3417,8,DR,neural_classifier,20.0,reported_support_fragile,True
sepsis,terminal_90d_plus_lactate,decision_transformer_adapter,3417,8,WDR,neural_classifier,20.0,reported_support_fragile,True
sepsis,terminal_90d_plus_lactate,decision_transformer_adapter,3417,8,FQE,neural_classifier,20.0,reported_support_fragile,True
sepsis,terminal_90d_plus_lactate,decision_transformer_adapter,3417,8,support_restricted_WPDIS,neural_classifier,20.0,reported_support_fragile,True
sepsis,terminal_90d_plus_lactate,behavior_cloning,3420,1,IS,historical_knn,none,reported_support_fragile,True
sepsis,terminal_90d_plus_lactate,behavior_cloning,3420,1,WIS,historical_knn,none,reported_support_fragile,True
sepsis,terminal_90d_plus_lactate,behavior_cloning,3420,1,PDIS,historical_knn,none,reported_support_fragile,True
sepsis,terminal_90d_plus_lactate,behavior_cloning,3420,1,WPDIS,historical_knn,none,reported_support_fragile,True
sepsis,terminal_90d_plus_lactate,behavior_cloning,3420,1,CWPDIS,historical_knn,none,reported_support_fragile,True
sepsis,terminal_90d_plus_lactate,behavior_cloning,3420,1,DR,historical_knn,none,reported_support_fragile,True
sepsis,terminal_90d_plus_lactate,behavior_cloning,3420,1,WDR,historical_knn,none,reported_support_fragile,True
sepsis,terminal_90d_plus_lactate,behavior_cloning,3420,1,FQE,historical_knn,none,reported_support_fragile,True
sepsis,terminal_90d_plus_lactate,behavior_cloning,3420,1,support_restricted_WPDIS,historical_knn,none,reported_support_fragile,True
sepsis,terminal_90d_plus_lactate,behavior_cloning,3420,1,IS,historical_knn,20.0,reported_support_fragile,True
sepsis,terminal_90d_plus_lactate,behavior_cloning,3420,1,WIS,historical_knn,20.0,reported_support_fragile,True
sepsis,terminal_90d_plus_lactate,behavior_cloning,3420,1,PDIS,historical_knn,20.0,reported_support_fragile,True
sepsis,terminal_90d_plus_lactate,behavior_cloning,3420,1,WPDIS,historical_knn,20.0,reported_support_fragile,True
sepsis,terminal_90d_plus_lactate,behavior_cloning,3420,1,CWPDIS,historical_knn,20.0,reported_support_fragile,True
sepsis,terminal_90d_plus_lactate,behavior_cloning,3420,1,DR,historical_knn,20.0,reported_support_fragile,True
sepsis,terminal_90d_plus_lactate,behavior_cloning,3420,1,WDR,historical_knn,20.0,reported_support_fragile,True
sepsis,terminal_90d_plus_lactate,behavior_cloning,3420,1,FQE,historical_knn,20.0,reported_support_fragile,True
sepsis,terminal_90d_plus_lactate,behavior_cloning,3420,1,support_restricted_WPDIS,historical_knn,20.0,reported_support_fragile,True
sepsis,terminal_90d_plus_lactate,behavior_cloning,3420,1,IS,neural_classifier,none,reported_support_fragile,True
sepsis,terminal_90d_plus_lactate,behavior_cloning,3420,1,WIS,neural_classifier,none,reported_support_fragile,True
sepsis,terminal_90d_plus_lactate,behavior_cloning,3420,1,PDIS,neural_classifier,none,reported_support_fragile,True
sepsis,terminal_90d_plus_lactate,behavior_cloning,3420,1,WPDIS,neural_classifier,none,reported_support_fragile,True
sepsis,terminal_90d_plus_lactate,behavior_cloning,3420,1,CWPDIS,neural_classifier,none,reported_support_fragile,True
sepsis,terminal_90d_plus_lactate,behavior_cloning,3420,1,DR,neural_classifier,none,reported_support_fragile,True
sepsis,terminal_90d_plus_lactate,behavior_cloning,3420,1,WDR,neural_classifier,none,reported_support_fragile,True
sepsis,terminal_90d_plus_lactate,behavior_cloning,3420,1,FQE,neural_classifier,none,reported_support_fragile,True
sepsis,terminal_90d_plus_lactate,behavior_cloning,3420,1,support_restricted_WPDIS,neural_classifier,none,reported_support_fragile,True
sepsis,terminal_90d_plus_lactate,behavior_cloning,3420,1,IS,neural_classifier,20.0,reported_support_fragile,True
sepsis,terminal_90d_plus_lactate,behavior_cloning,3420,1,WIS,neural_classifier,20.0,reported_support_fragile,True
sepsis,terminal_90d_plus_lactate,behavior_cloning,3420,1,PDIS,neural_classifier,20.0,reported_support_fragile,True
sepsis,terminal_90d_plus_lactate,behavior_cloning,3420,1,WPDIS,neural_classifier,20.0,reported_support_fragile,True
sepsis,terminal_90d_plus_lactate,behavior_cloning,3420,1,CWPDIS,neural_classifier,20.0,reported_support_fragile,True
sepsis,terminal_90d_plus_lactate,behavior_cloning,3420,1,DR,neural_classifier,20.0,reported_support_fragile,True
sepsis,terminal_90d_plus_lactate,behavior_cloning,3420,1,WDR,neural_classifier,20.0,reported_support_fragile,True
sepsis,terminal_90d_plus_lactate,behavior_cloning,3420,1,FQE,neural_classifier,20.0,reported_support_fragile,True
sepsis,terminal_90d_plus_lactate,behavior_cloning,3420,1,support_restricted_WPDIS,neural_classifier,20.0,reported_support_fragile,True
sepsis,terminal_90d_plus_lactate,behavior_cloning,3420,4,IS,historical_knn,none,reported_support_fragile,True
sepsis,terminal_90d_plus_lactate,behavior_cloning,3420,4,WIS,historical_knn,none,reported_support_fragile,True
sepsis,terminal_90d_plus_lactate,behavior_cloning,3420,4,PDIS,historical_knn,none,reported_support_fragile,True
sepsis,terminal_90d_plus_lactate,behavior_cloning,3420,4,WPDIS,historical_knn,none,reported_support_fragile,True
sepsis,terminal_90d_plus_lactate,behavior_cloning,3420,4,CWPDIS,historical_knn,none,reported_support_fragile,True
sepsis,terminal_90d_plus_lactate,behavior_cloning,3420,4,DR,historical_knn,none,reported_support_fragile,True
sepsis,terminal_90d_plus_lactate,behavior_cloning,3420,4,WDR,historical_knn,none,reported_support_fragile,True
sepsis,terminal_90d_plus_lactate,behavior_cloning,3420,4,FQE,historical_knn,none,reported_support_fragile,True
sepsis,terminal_90d_plus_lactate,behavior_cloning,3420,4,support_restricted_WPDIS,historical_knn,none,reported_support_fragile,True
sepsis,terminal_90d_plus_lactate,behavior_cloning,3420,4,IS,historical_knn,20.0,reported_support_fragile,True
sepsis,terminal_90d_plus_lactate,behavior_cloning,3420,4,WIS,historical_knn,20.0,reported_support_fragile,True
sepsis,terminal_90d_plus_lactate,behavior_cloning,3420,4,PDIS,historical_knn,20.0,reported_support_fragile,True
sepsis,terminal_90d_plus_lactate,behavior_cloning,3420,4,WPDIS,historical_knn,20.0,reported_support_fragile,True
sepsis,terminal_90d_plus_lactate,behavior_cloning,3420,4,CWPDIS,historical_knn,20.0,reported_support_fragile,True
sepsis,terminal_90d_plus_lactate,behavior_cloning,3420,4,DR,historical_knn,20.0,reported_support_fragile,True
sepsis,terminal_90d_plus_lactate,behavior_cloning,3420,4,WDR,historical_knn,20.0,reported_support_fragile,True
sepsis,terminal_90d_plus_lactate,behavior_cloning,3420,4,FQE,historical_knn,20.0,reported_support_fragile,True
sepsis,terminal_90d_plus_lactate,behavior_cloning,3420,4,support_restricted_WPDIS,historical_knn,20.0,reported_support_fragile,True
sepsis,terminal_90d_plus_lactate,behavior_cloning,3420,4,IS,neural_classifier,none,reported_support_fragile,True
sepsis,terminal_90d_plus_lactate,behavior_cloning,3420,4,WIS,neural_classifier,none,reported_support_fragile,True
sepsis,terminal_90d_plus_lactate,behavior_cloning,3420,4,PDIS,neural_classifier,none,reported_support_fragile,True
sepsis,terminal_90d_plus_lactate,behavior_cloning,3420,4,WPDIS,neural_classifier,none,reported_support_fragile,True
sepsis,terminal_90d_plus_lactate,behavior_cloning,3420,4,CWPDIS,neural_classifier,none,reported_support_fragile,True
sepsis,terminal_90d_plus_lactate,behavior_cloning,3420,4,DR,neural_classifier,none,reported_support_fragile,True
sepsis,terminal_90d_plus_lactate,behavior_cloning,3420,4,WDR,neural_classifier,none,reported_support_fragile,True
sepsis,terminal_90d_plus_lactate,behavior_cloning,3420,4,FQE,neural_classifier,none,reported_support_fragile,True
sepsis,terminal_90d_plus_lactate,behavior_cloning,3420,4,support_restricted_WPDIS,neural_classifier,none,reported_support_fragile,True
sepsis,terminal_90d_plus_lactate,behavior_cloning,3420,4,IS,neural_classifier,20.0,reported_support_fragile,True
sepsis,terminal_90d_plus_lactate,behavior_cloning,3420,4,WIS,neural_classifier,20.0,reported_support_fragile,True
sepsis,terminal_90d_plus_lactate,behavior_cloning,3420,4,PDIS,neural_classifier,20.0,reported_support_fragile,True
sepsis,terminal_90d_plus_lactate,behavior_cloning,3420,4,WPDIS,neural_classifier,20.0,reported_support_fragile,True
sepsis,terminal_90d_plus_lactate,behavior_cloning,3420,4,CWPDIS,neural_classifier,20.0,reported_support_fragile,True
sepsis,terminal_90d_plus_lactate,behavior_cloning,3420,4,DR,neural_classifier,20.0,reported_support_fragile,True
sepsis,terminal_90d_plus_lactate,behavior_cloning,3420,4,WDR,neural_classifier,20.0,reported_support_fragile,True
sepsis,terminal_90d_plus_lactate,behavior_cloning,3420,4,FQE,neural_classifier,20.0,reported_support_fragile,True
sepsis,terminal_90d_plus_lactate,behavior_cloning,3420,4,support_restricted_WPDIS,neural_classifier,20.0,reported_support_fragile,True
sepsis,terminal_90d_plus_lactate,behavior_cloning,3420,8,IS,historical_knn,none,reported_support_fragile,True
sepsis,terminal_90d_plus_lactate,behavior_cloning,3420,8,WIS,historical_knn,none,reported_support_fragile,True
sepsis,terminal_90d_plus_lactate,behavior_cloning,3420,8,PDIS,historical_knn,none,reported_support_fragile,True
sepsis,terminal_90d_plus_lactate,behavior_cloning,3420,8,WPDIS,historical_knn,none,reported_support_fragile,True
sepsis,terminal_90d_plus_lactate,behavior_cloning,3420,8,CWPDIS,historical_knn,none,reported_support_fragile,True
sepsis,terminal_90d_plus_lactate,behavior_cloning,3420,8,DR,historical_knn,none,reported_support_fragile,True
sepsis,terminal_90d_plus_lactate,behavior_cloning,3420,8,WDR,historical_knn,none,reported_support_fragile,True
sepsis,terminal_90d_plus_lactate,behavior_cloning,3420,8,FQE,historical_knn,none,reported_support_fragile,True
sepsis,terminal_90d_plus_lactate,behavior_cloning,3420,8,support_restricted_WPDIS,historical_knn,none,reported_support_fragile,True
sepsis,terminal_90d_plus_lactate,behavior_cloning,3420,8,IS,historical_knn,20.0,reported_support_fragile,True
sepsis,terminal_90d_plus_lactate,behavior_cloning,3420,8,WIS,historical_knn,20.0,reported_support_fragile,True
sepsis,terminal_90d_plus_lactate,behavior_cloning,3420,8,PDIS,historical_knn,20.0,reported_support_fragile,True
sepsis,terminal_90d_plus_lactate,behavior_cloning,3420,8,WPDIS,historical_knn,20.0,reported_support_fragile,True
sepsis,terminal_90d_plus_lactate,behavior_cloning,3420,8,CWPDIS,historical_knn,20.0,reported_support_fragile,True
sepsis,terminal_90d_plus_lactate,behavior_cloning,3420,8,DR,historical_knn,20.0,reported_support_fragile,True
sepsis,terminal_90d_plus_lactate,behavior_cloning,3420,8,WDR,historical_knn,20.0,reported_support_fragile,True
sepsis,terminal_90d_plus_lactate,behavior_cloning,3420,8,FQE,historical_knn,20.0,reported_support_fragile,True
sepsis,terminal_90d_plus_lactate,behavior_cloning,3420,8,support_restricted_WPDIS,historical_knn,20.0,reported_support_fragile,True
sepsis,terminal_90d_plus_lactate,behavior_cloning,3420,8,IS,neural_classifier,none,reported_support_fragile,True
sepsis,terminal_90d_plus_lactate,behavior_cloning,3420,8,WIS,neural_classifier,none,reported_support_fragile,True
sepsis,terminal_90d_plus_lactate,behavior_cloning,3420,8,PDIS,neural_classifier,none,reported_support_fragile,True
sepsis,terminal_90d_plus_lactate,behavior_cloning,3420,8,WPDIS,neural_classifier,none,reported_support_fragile,True
sepsis,terminal_90d_plus_lactate,behavior_cloning,3420,8,CWPDIS,neural_classifier,none,reported_support_fragile,True
sepsis,terminal_90d_plus_lactate,behavior_cloning,3420,8,DR,neural_classifier,none,reported_support_fragile,True
sepsis,terminal_90d_plus_lactate,behavior_cloning,3420,8,WDR,neural_classifier,none,reported_support_fragile,True
sepsis,terminal_90d_plus_lactate,behavior_cloning,3420,8,FQE,neural_classifier,none,reported_support_fragile,True
sepsis,terminal_90d_plus_lactate,behavior_cloning,3420,8,support_restricted_WPDIS,neural_classifier,none,reported_support_fragile,True
sepsis,terminal_90d_plus_lactate,behavior_cloning,3420,8,IS,neural_classifier,20.0,reported_support_fragile,True
sepsis,terminal_90d_plus_lactate,behavior_cloning,3420,8,WIS,neural_classifier,20.0,reported_support_fragile,True
sepsis,terminal_90d_plus_lactate,behavior_cloning,3420,8,PDIS,neural_classifier,20.0,reported_support_fragile,True
sepsis,terminal_90d_plus_lactate,behavior_cloning,3420,8,WPDIS,neural_classifier,20.0,reported_support_fragile,True
sepsis,terminal_90d_plus_lactate,behavior_cloning,3420,8,CWPDIS,neural_classifier,20.0,reported_support_fragile,True
sepsis,terminal_90d_plus_lactate,behavior_cloning,3420,8,DR,neural_classifier,20.0,reported_support_fragile,True
sepsis,terminal_90d_plus_lactate,behavior_cloning,3420,8,WDR,neural_classifier,20.0,reported_support_fragile,True
sepsis,terminal_90d_plus_lactate,behavior_cloning,3420,8,FQE,neural_classifier,20.0,reported_support_fragile,True
sepsis,terminal_90d_plus_lactate,behavior_cloning,3420,8,support_restricted_WPDIS,neural_classifier,20.0,reported_support_fragile,True
sepsis,terminal_90d_plus_lactate,discrete_bcq,3420,1,IS,historical_knn,none,reported_support_fragile,True
sepsis,terminal_90d_plus_lactate,discrete_bcq,3420,1,WIS,historical_knn,none,reported_support_fragile,True
sepsis,terminal_90d_plus_lactate,discrete_bcq,3420,1,PDIS,historical_knn,none,reported_support_fragile,True
sepsis,terminal_90d_plus_lactate,discrete_bcq,3420,1,WPDIS,historical_knn,none,reported_support_fragile,True
sepsis,terminal_90d_plus_lactate,discrete_bcq,3420,1,CWPDIS,historical_knn,none,reported_support_fragile,True
sepsis,terminal_90d_plus_lactate,discrete_bcq,3420,1,DR,historical_knn,none,reported_support_fragile,True
sepsis,terminal_90d_plus_lactate,discrete_bcq,3420,1,WDR,historical_knn,none,reported_support_fragile,True
sepsis,terminal_90d_plus_lactate,discrete_bcq,3420,1,FQE,historical_knn,none,reported_support_fragile,True
sepsis,terminal_90d_plus_lactate,discrete_bcq,3420,1,support_restricted_WPDIS,historical_knn,none,reported_support_fragile,True
sepsis,terminal_90d_plus_lactate,discrete_bcq,3420,1,IS,historical_knn,20.0,reported_support_fragile,True
sepsis,terminal_90d_plus_lactate,discrete_bcq,3420,1,WIS,historical_knn,20.0,reported_support_fragile,True
sepsis,terminal_90d_plus_lactate,discrete_bcq,3420,1,PDIS,historical_knn,20.0,reported_support_fragile,True
sepsis,terminal_90d_plus_lactate,discrete_bcq,3420,1,WPDIS,historical_knn,20.0,reported_support_fragile,True
sepsis,terminal_90d_plus_lactate,discrete_bcq,3420,1,CWPDIS,historical_knn,20.0,reported_support_fragile,True
sepsis,terminal_90d_plus_lactate,discrete_bcq,3420,1,DR,historical_knn,20.0,reported_support_fragile,True
sepsis,terminal_90d_plus_lactate,discrete_bcq,3420,1,WDR,historical_knn,20.0,reported_support_fragile,True
sepsis,terminal_90d_plus_lactate,discrete_bcq,3420,1,FQE,historical_knn,20.0,reported_support_fragile,True
sepsis,terminal_90d_plus_lactate,discrete_bcq,3420,1,support_restricted_WPDIS,historical_knn,20.0,reported_support_fragile,True
sepsis,terminal_90d_plus_lactate,discrete_bcq,3420,1,IS,neural_classifier,none,reported_support_fragile,True
sepsis,terminal_90d_plus_lactate,discrete_bcq,3420,1,WIS,neural_classifier,none,reported_support_fragile,True
sepsis,terminal_90d_plus_lactate,discrete_bcq,3420,1,PDIS,neural_classifier,none,reported_support_fragile,True
sepsis,terminal_90d_plus_lactate,discrete_bcq,3420,1,WPDIS,neural_classifier,none,reported_support_fragile,True
sepsis,terminal_90d_plus_lactate,discrete_bcq,3420,1,CWPDIS,neural_classifier,none,reported_support_fragile,True
sepsis,terminal_90d_plus_lactate,discrete_bcq,3420,1,DR,neural_classifier,none,reported_support_fragile,True
sepsis,terminal_90d_plus_lactate,discrete_bcq,3420,1,WDR,neural_classifier,none,reported_support_fragile,True
sepsis,terminal_90d_plus_lactate,discrete_bcq,3420,1,FQE,neural_classifier,none,reported_support_fragile,True
sepsis,terminal_90d_plus_lactate,discrete_bcq,3420,1,support_restricted_WPDIS,neural_classifier,none,reported_support_fragile,True
sepsis,terminal_90d_plus_lactate,discrete_bcq,3420,1,IS,neural_classifier,20.0,reported_support_fragile,True
sepsis,terminal_90d_plus_lactate,discrete_bcq,3420,1,WIS,neural_classifier,20.0,reported_support_fragile,True
sepsis,terminal_90d_plus_lactate,discrete_bcq,3420,1,PDIS,neural_classifier,20.0,reported_support_fragile,True
sepsis,terminal_90d_plus_lactate,discrete_bcq,3420,1,WPDIS,neural_classifier,20.0,reported_support_fragile,True
sepsis,terminal_90d_plus_lactate,discrete_bcq,3420,1,CWPDIS,neural_classifier,20.0,reported_support_fragile,True
sepsis,terminal_90d_plus_lactate,discrete_bcq,3420,1,DR,neural_classifier,20.0,reported_support_fragile,True
sepsis,terminal_90d_plus_lactate,discrete_bcq,3420,1,WDR,neural_classifier,20.0,reported_support_fragile,True
sepsis,terminal_90d_plus_lactate,discrete_bcq,3420,1,FQE,neural_classifier,20.0,reported_support_fragile,True
sepsis,terminal_90d_plus_lactate,discrete_bcq,3420,1,support_restricted_WPDIS,neural_classifier,20.0,reported_support_fragile,True
sepsis,terminal_90d_plus_lactate,discrete_bcq,3420,4,IS,historical_knn,none,reported_support_fragile,True
sepsis,terminal_90d_plus_lactate,discrete_bcq,3420,4,WIS,historical_knn,none,reported_support_fragile,True
sepsis,terminal_90d_plus_lactate,discrete_bcq,3420,4,PDIS,historical_knn,none,reported_support_fragile,True
sepsis,terminal_90d_plus_lactate,discrete_bcq,3420,4,WPDIS,historical_knn,none,reported_support_fragile,True
sepsis,terminal_90d_plus_lactate,discrete_bcq,3420,4,CWPDIS,historical_knn,none,reported_support_fragile,True
sepsis,terminal_90d_plus_lactate,discrete_bcq,3420,4,DR,historical_knn,none,reported_support_fragile,True
sepsis,terminal_90d_plus_lactate,discrete_bcq,3420,4,WDR,historical_knn,none,reported_support_fragile,True
sepsis,terminal_90d_plus_lactate,discrete_bcq,3420,4,FQE,historical_knn,none,reported_support_fragile,True
sepsis,terminal_90d_plus_lactate,discrete_bcq,3420,4,support_restricted_WPDIS,historical_knn,none,reported_support_fragile,True
sepsis,terminal_90d_plus_lactate,discrete_bcq,3420,4,IS,historical_knn,20.0,reported_support_fragile,True
sepsis,terminal_90d_plus_lactate,discrete_bcq,3420,4,WIS,historical_knn,20.0,reported_support_fragile,True
sepsis,terminal_90d_plus_lactate,discrete_bcq,3420,4,PDIS,historical_knn,20.0,reported_support_fragile,True
sepsis,terminal_90d_plus_lactate,discrete_bcq,3420,4,WPDIS,historical_knn,20.0,reported_support_fragile,True
sepsis,terminal_90d_plus_lactate,discrete_bcq,3420,4,CWPDIS,historical_knn,20.0,reported_support_fragile,True
sepsis,terminal_90d_plus_lactate,discrete_bcq,3420,4,DR,historical_knn,20.0,reported_support_fragile,True
sepsis,terminal_90d_plus_lactate,discrete_bcq,3420,4,WDR,historical_knn,20.0,reported_support_fragile,True
sepsis,terminal_90d_plus_lactate,discrete_bcq,3420,4,FQE,historical_knn,20.0,reported_support_fragile,True
sepsis,terminal_90d_plus_lactate,discrete_bcq,3420,4,support_restricted_WPDIS,historical_knn,20.0,reported_support_fragile,True
sepsis,terminal_90d_plus_lactate,discrete_bcq,3420,4,IS,neural_classifier,none,reported_support_fragile,True
sepsis,terminal_90d_plus_lactate,discrete_bcq,3420,4,WIS,neural_classifier,none,reported_support_fragile,True
sepsis,terminal_90d_plus_lactate,discrete_bcq,3420,4,PDIS,neural_classifier,none,reported_support_fragile,True
sepsis,terminal_90d_plus_lactate,discrete_bcq,3420,4,WPDIS,neural_classifier,none,reported_support_fragile,True
sepsis,terminal_90d_plus_lactate,discrete_bcq,3420,4,CWPDIS,neural_classifier,none,reported_support_fragile,True
sepsis,terminal_90d_plus_lactate,discrete_bcq,3420,4,DR,neural_classifier,none,reported_support_fragile,True
sepsis,terminal_90d_plus_lactate,discrete_bcq,3420,4,WDR,neural_classifier,none,reported_support_fragile,True
sepsis,terminal_90d_plus_lactate,discrete_bcq,3420,4,FQE,neural_classifier,none,reported_support_fragile,True
sepsis,terminal_90d_plus_lactate,discrete_bcq,3420,4,support_restricted_WPDIS,neural_classifier,none,reported_support_fragile,True
sepsis,terminal_90d_plus_lactate,discrete_bcq,3420,4,IS,neural_classifier,20.0,reported_support_fragile,True
sepsis,terminal_90d_plus_lactate,discrete_bcq,3420,4,WIS,neural_classifier,20.0,reported_support_fragile,True
sepsis,terminal_90d_plus_lactate,discrete_bcq,3420,4,PDIS,neural_classifier,20.0,reported_support_fragile,True
sepsis,terminal_90d_plus_lactate,discrete_bcq,3420,4,WPDIS,neural_classifier,20.0,reported_support_fragile,True
sepsis,terminal_90d_plus_lactate,discrete_bcq,3420,4,CWPDIS,neural_classifier,20.0,reported_support_fragile,True
sepsis,terminal_90d_plus_lactate,discrete_bcq,3420,4,DR,neural_classifier,20.0,reported_support_fragile,True
sepsis,terminal_90d_plus_lactate,discrete_bcq,3420,4,WDR,neural_classifier,20.0,reported_support_fragile,True
sepsis,terminal_90d_plus_lactate,discrete_bcq,3420,4,FQE,neural_classifier,20.0,reported_support_fragile,True
sepsis,terminal_90d_plus_lactate,discrete_bcq,3420,4,support_restricted_WPDIS,neural_classifier,20.0,reported_support_fragile,True
sepsis,terminal_90d_plus_lactate,discrete_bcq,3420,8,IS,historical_knn,none,reported_support_fragile,True
sepsis,terminal_90d_plus_lactate,discrete_bcq,3420,8,WIS,historical_knn,none,reported_support_fragile,True
sepsis,terminal_90d_plus_lactate,discrete_bcq,3420,8,PDIS,historical_knn,none,reported_support_fragile,True
sepsis,terminal_90d_plus_lactate,discrete_bcq,3420,8,WPDIS,historical_knn,none,reported_support_fragile,True
sepsis,terminal_90d_plus_lactate,discrete_bcq,3420,8,CWPDIS,historical_knn,none,reported_support_fragile,True
sepsis,terminal_90d_plus_lactate,discrete_bcq,3420,8,DR,historical_knn,none,reported_support_fragile,True
sepsis,terminal_90d_plus_lactate,discrete_bcq,3420,8,WDR,historical_knn,none,reported_support_fragile,True
sepsis,terminal_90d_plus_lactate,discrete_bcq,3420,8,FQE,historical_knn,none,reported_support_fragile,True
sepsis,terminal_90d_plus_lactate,discrete_bcq,3420,8,support_restricted_WPDIS,historical_knn,none,reported_support_fragile,True
sepsis,terminal_90d_plus_lactate,discrete_bcq,3420,8,IS,historical_knn,20.0,reported_support_fragile,True
sepsis,terminal_90d_plus_lactate,discrete_bcq,3420,8,WIS,historical_knn,20.0,reported_support_fragile,True
sepsis,terminal_90d_plus_lactate,discrete_bcq,3420,8,PDIS,historical_knn,20.0,reported_support_fragile,True
sepsis,terminal_90d_plus_lactate,discrete_bcq,3420,8,WPDIS,historical_knn,20.0,reported_support_fragile,True
sepsis,terminal_90d_plus_lactate,discrete_bcq,3420,8,CWPDIS,historical_knn,20.0,reported_support_fragile,True
sepsis,terminal_90d_plus_lactate,discrete_bcq,3420,8,DR,historical_knn,20.0,reported_support_fragile,True
sepsis,terminal_90d_plus_lactate,discrete_bcq,3420,8,WDR,historical_knn,20.0,reported_support_fragile,True
sepsis,terminal_90d_plus_lactate,discrete_bcq,3420,8,FQE,historical_knn,20.0,reported_support_fragile,True
sepsis,terminal_90d_plus_lactate,discrete_bcq,3420,8,support_restricted_WPDIS,historical_knn,20.0,reported_support_fragile,True
sepsis,terminal_90d_plus_lactate,discrete_bcq,3420,8,IS,neural_classifier,none,reported_support_fragile,True
sepsis,terminal_90d_plus_lactate,discrete_bcq,3420,8,WIS,neural_classifier,none,reported_support_fragile,True
sepsis,terminal_90d_plus_lactate,discrete_bcq,3420,8,PDIS,neural_classifier,none,reported_support_fragile,True
sepsis,terminal_90d_plus_lactate,discrete_bcq,3420,8,WPDIS,neural_classifier,none,reported_support_fragile,True
sepsis,terminal_90d_plus_lactate,discrete_bcq,3420,8,CWPDIS,neural_classifier,none,reported_support_fragile,True
sepsis,terminal_90d_plus_lactate,discrete_bcq,3420,8,DR,neural_classifier,none,reported_support_fragile,True
sepsis,terminal_90d_plus_lactate,discrete_bcq,3420,8,WDR,neural_classifier,none,reported_support_fragile,True
sepsis,terminal_90d_plus_lactate,discrete_bcq,3420,8,FQE,neural_classifier,none,reported_support_fragile,True
sepsis,terminal_90d_plus_lactate,discrete_bcq,3420,8,support_restricted_WPDIS,neural_classifier,none,reported_support_fragile,True
sepsis,terminal_90d_plus_lactate,discrete_bcq,3420,8,IS,neural_classifier,20.0,reported_support_fragile,True
sepsis,terminal_90d_plus_lactate,discrete_bcq,3420,8,WIS,neural_classifier,20.0,reported_support_fragile,True
sepsis,terminal_90d_plus_lactate,discrete_bcq,3420,8,PDIS,neural_classifier,20.0,reported_support_fragile,True
sepsis,terminal_90d_plus_lactate,discrete_bcq,3420,8,WPDIS,neural_classifier,20.0,reported_support_fragile,True
sepsis,terminal_90d_plus_lactate,discrete_bcq,3420,8,CWPDIS,neural_classifier,20.0,reported_support_fragile,True
sepsis,terminal_90d_plus_lactate,discrete_bcq,3420,8,DR,neural_classifier,20.0,reported_support_fragile,True
sepsis,terminal_90d_plus_lactate,discrete_bcq,3420,8,WDR,neural_classifier,20.0,reported_support_fragile,True
sepsis,terminal_90d_plus_lactate,discrete_bcq,3420,8,FQE,neural_classifier,20.0,reported_support_fragile,True
sepsis,terminal_90d_plus_lactate,discrete_bcq,3420,8,support_restricted_WPDIS,neural_classifier,20.0,reported_support_fragile,True
sepsis,terminal_90d_plus_lactate,discrete_cql,3420,1,IS,historical_knn,none,reported_support_fragile,True
sepsis,terminal_90d_plus_lactate,discrete_cql,3420,1,WIS,historical_knn,none,reported_support_fragile,True
sepsis,terminal_90d_plus_lactate,discrete_cql,3420,1,PDIS,historical_knn,none,reported_support_fragile,True
sepsis,terminal_90d_plus_lactate,discrete_cql,3420,1,WPDIS,historical_knn,none,reported_support_fragile,True
sepsis,terminal_90d_plus_lactate,discrete_cql,3420,1,CWPDIS,historical_knn,none,reported_support_fragile,True
sepsis,terminal_90d_plus_lactate,discrete_cql,3420,1,DR,historical_knn,none,reported_support_fragile,True
sepsis,terminal_90d_plus_lactate,discrete_cql,3420,1,WDR,historical_knn,none,reported_support_fragile,True
sepsis,terminal_90d_plus_lactate,discrete_cql,3420,1,FQE,historical_knn,none,reported_support_fragile,True
sepsis,terminal_90d_plus_lactate,discrete_cql,3420,1,support_restricted_WPDIS,historical_knn,none,reported_support_fragile,True
sepsis,terminal_90d_plus_lactate,discrete_cql,3420,1,IS,historical_knn,20.0,reported_support_fragile,True
sepsis,terminal_90d_plus_lactate,discrete_cql,3420,1,WIS,historical_knn,20.0,reported_support_fragile,True
sepsis,terminal_90d_plus_lactate,discrete_cql,3420,1,PDIS,historical_knn,20.0,reported_support_fragile,True
sepsis,terminal_90d_plus_lactate,discrete_cql,3420,1,WPDIS,historical_knn,20.0,reported_support_fragile,True
sepsis,terminal_90d_plus_lactate,discrete_cql,3420,1,CWPDIS,historical_knn,20.0,reported_support_fragile,True
sepsis,terminal_90d_plus_lactate,discrete_cql,3420,1,DR,historical_knn,20.0,reported_support_fragile,True
sepsis,terminal_90d_plus_lactate,discrete_cql,3420,1,WDR,historical_knn,20.0,reported_support_fragile,True
sepsis,terminal_90d_plus_lactate,discrete_cql,3420,1,FQE,historical_knn,20.0,reported_support_fragile,True
sepsis,terminal_90d_plus_lactate,discrete_cql,3420,1,support_restricted_WPDIS,historical_knn,20.0,reported_support_fragile,True
sepsis,terminal_90d_plus_lactate,discrete_cql,3420,1,IS,neural_classifier,none,reported_support_fragile,True
sepsis,terminal_90d_plus_lactate,discrete_cql,3420,1,WIS,neural_classifier,none,reported_support_fragile,True
sepsis,terminal_90d_plus_lactate,discrete_cql,3420,1,PDIS,neural_classifier,none,reported_support_fragile,True
sepsis,terminal_90d_plus_lactate,discrete_cql,3420,1,WPDIS,neural_classifier,none,reported_support_fragile,True
sepsis,terminal_90d_plus_lactate,discrete_cql,3420,1,CWPDIS,neural_classifier,none,reported_support_fragile,True
sepsis,terminal_90d_plus_lactate,discrete_cql,3420,1,DR,neural_classifier,none,reported_support_fragile,True
sepsis,terminal_90d_plus_lactate,discrete_cql,3420,1,WDR,neural_classifier,none,reported_support_fragile,True
sepsis,terminal_90d_plus_lactate,discrete_cql,3420,1,FQE,neural_classifier,none,reported_support_fragile,True
sepsis,terminal_90d_plus_lactate,discrete_cql,3420,1,support_restricted_WPDIS,neural_classifier,none,reported_support_fragile,True
sepsis,terminal_90d_plus_lactate,discrete_cql,3420,1,IS,neural_classifier,20.0,reported_support_fragile,True
sepsis,terminal_90d_plus_lactate,discrete_cql,3420,1,WIS,neural_classifier,20.0,reported_support_fragile,True
sepsis,terminal_90d_plus_lactate,discrete_cql,3420,1,PDIS,neural_classifier,20.0,reported_support_fragile,True
sepsis,terminal_90d_plus_lactate,discrete_cql,3420,1,WPDIS,neural_classifier,20.0,reported_support_fragile,True
sepsis,terminal_90d_plus_lactate,discrete_cql,3420,1,CWPDIS,neural_classifier,20.0,reported_support_fragile,True
sepsis,terminal_90d_plus_lactate,discrete_cql,3420,1,DR,neural_classifier,20.0,reported_support_fragile,True
sepsis,terminal_90d_plus_lactate,discrete_cql,3420,1,WDR,neural_classifier,20.0,reported_support_fragile,True
sepsis,terminal_90d_plus_lactate,discrete_cql,3420,1,FQE,neural_classifier,20.0,reported_support_fragile,True
sepsis,terminal_90d_plus_lactate,discrete_cql,3420,1,support_restricted_WPDIS,neural_classifier,20.0,reported_support_fragile,True
sepsis,terminal_90d_plus_lactate,discrete_cql,3420,4,IS,historical_knn,none,reported_support_fragile,True
sepsis,terminal_90d_plus_lactate,discrete_cql,3420,4,WIS,historical_knn,none,reported_support_fragile,True
sepsis,terminal_90d_plus_lactate,discrete_cql,3420,4,PDIS,historical_knn,none,reported_support_fragile,True
sepsis,terminal_90d_plus_lactate,discrete_cql,3420,4,WPDIS,historical_knn,none,reported_support_fragile,True
sepsis,terminal_90d_plus_lactate,discrete_cql,3420,4,CWPDIS,historical_knn,none,reported_support_fragile,True
sepsis,terminal_90d_plus_lactate,discrete_cql,3420,4,DR,historical_knn,none,reported_support_fragile,True
sepsis,terminal_90d_plus_lactate,discrete_cql,3420,4,WDR,historical_knn,none,reported_support_fragile,True
sepsis,terminal_90d_plus_lactate,discrete_cql,3420,4,FQE,historical_knn,none,reported_support_fragile,True
sepsis,terminal_90d_plus_lactate,discrete_cql,3420,4,support_restricted_WPDIS,historical_knn,none,reported_support_fragile,True
sepsis,terminal_90d_plus_lactate,discrete_cql,3420,4,IS,historical_knn,20.0,reported_support_fragile,True
sepsis,terminal_90d_plus_lactate,discrete_cql,3420,4,WIS,historical_knn,20.0,reported_support_fragile,True
sepsis,terminal_90d_plus_lactate,discrete_cql,3420,4,PDIS,historical_knn,20.0,reported_support_fragile,True
sepsis,terminal_90d_plus_lactate,discrete_cql,3420,4,WPDIS,historical_knn,20.0,reported_support_fragile,True
sepsis,terminal_90d_plus_lactate,discrete_cql,3420,4,CWPDIS,historical_knn,20.0,reported_support_fragile,True
sepsis,terminal_90d_plus_lactate,discrete_cql,3420,4,DR,historical_knn,20.0,reported_support_fragile,True
sepsis,terminal_90d_plus_lactate,discrete_cql,3420,4,WDR,historical_knn,20.0,reported_support_fragile,True
sepsis,terminal_90d_plus_lactate,discrete_cql,3420,4,FQE,historical_knn,20.0,reported_support_fragile,True
sepsis,terminal_90d_plus_lactate,discrete_cql,3420,4,support_restricted_WPDIS,historical_knn,20.0,reported_support_fragile,True
sepsis,terminal_90d_plus_lactate,discrete_cql,3420,4,IS,neural_classifier,none,reported_support_fragile,True
sepsis,terminal_90d_plus_lactate,discrete_cql,3420,4,WIS,neural_classifier,none,reported_support_fragile,True
sepsis,terminal_90d_plus_lactate,discrete_cql,3420,4,PDIS,neural_classifier,none,reported_support_fragile,True
sepsis,terminal_90d_plus_lactate,discrete_cql,3420,4,WPDIS,neural_classifier,none,reported_support_fragile,True
sepsis,terminal_90d_plus_lactate,discrete_cql,3420,4,CWPDIS,neural_classifier,none,reported_support_fragile,True
sepsis,terminal_90d_plus_lactate,discrete_cql,3420,4,DR,neural_classifier,none,reported_support_fragile,True
sepsis,terminal_90d_plus_lactate,discrete_cql,3420,4,WDR,neural_classifier,none,reported_support_fragile,True
sepsis,terminal_90d_plus_lactate,discrete_cql,3420,4,FQE,neural_classifier,none,reported_support_fragile,True
sepsis,terminal_90d_plus_lactate,discrete_cql,3420,4,support_restricted_WPDIS,neural_classifier,none,reported_support_fragile,True
sepsis,terminal_90d_plus_lactate,discrete_cql,3420,4,IS,neural_classifier,20.0,reported_support_fragile,True
sepsis,terminal_90d_plus_lactate,discrete_cql,3420,4,WIS,neural_classifier,20.0,reported_support_fragile,True
sepsis,terminal_90d_plus_lactate,discrete_cql,3420,4,PDIS,neural_classifier,20.0,reported_support_fragile,True
sepsis,terminal_90d_plus_lactate,discrete_cql,3420,4,WPDIS,neural_classifier,20.0,reported_support_fragile,True
sepsis,terminal_90d_plus_lactate,discrete_cql,3420,4,CWPDIS,neural_classifier,20.0,reported_support_fragile,True
sepsis,terminal_90d_plus_lactate,discrete_cql,3420,4,DR,neural_classifier,20.0,reported_support_fragile,True
sepsis,terminal_90d_plus_lactate,discrete_cql,3420,4,WDR,neural_classifier,20.0,reported_support_fragile,True
sepsis,terminal_90d_plus_lactate,discrete_cql,3420,4,FQE,neural_classifier,20.0,reported_support_fragile,True
sepsis,terminal_90d_plus_lactate,discrete_cql,3420,4,support_restricted_WPDIS,neural_classifier,20.0,reported_support_fragile,True
sepsis,terminal_90d_plus_lactate,discrete_cql,3420,8,IS,historical_knn,none,reported_support_fragile,True
sepsis,terminal_90d_plus_lactate,discrete_cql,3420,8,WIS,historical_knn,none,reported_support_fragile,True
sepsis,terminal_90d_plus_lactate,discrete_cql,3420,8,PDIS,historical_knn,none,reported_support_fragile,True
sepsis,terminal_90d_plus_lactate,discrete_cql,3420,8,WPDIS,historical_knn,none,reported_support_fragile,True
sepsis,terminal_90d_plus_lactate,discrete_cql,3420,8,CWPDIS,historical_knn,none,reported_support_fragile,True
sepsis,terminal_90d_plus_lactate,discrete_cql,3420,8,DR,historical_knn,none,reported_support_fragile,True
sepsis,terminal_90d_plus_lactate,discrete_cql,3420,8,WDR,historical_knn,none,reported_support_fragile,True
sepsis,terminal_90d_plus_lactate,discrete_cql,3420,8,FQE,historical_knn,none,reported_support_fragile,True
sepsis,terminal_90d_plus_lactate,discrete_cql,3420,8,support_restricted_WPDIS,historical_knn,none,reported_support_fragile,True
sepsis,terminal_90d_plus_lactate,discrete_cql,3420,8,IS,historical_knn,20.0,reported_support_fragile,True
sepsis,terminal_90d_plus_lactate,discrete_cql,3420,8,WIS,historical_knn,20.0,reported_support_fragile,True
sepsis,terminal_90d_plus_lactate,discrete_cql,3420,8,PDIS,historical_knn,20.0,reported_support_fragile,True
sepsis,terminal_90d_plus_lactate,discrete_cql,3420,8,WPDIS,historical_knn,20.0,reported_support_fragile,True
sepsis,terminal_90d_plus_lactate,discrete_cql,3420,8,CWPDIS,historical_knn,20.0,reported_support_fragile,True
sepsis,terminal_90d_plus_lactate,discrete_cql,3420,8,DR,historical_knn,20.0,reported_support_fragile,True
sepsis,terminal_90d_plus_lactate,discrete_cql,3420,8,WDR,historical_knn,20.0,reported_support_fragile,True
sepsis,terminal_90d_plus_lactate,discrete_cql,3420,8,FQE,historical_knn,20.0,reported_support_fragile,True
sepsis,terminal_90d_plus_lactate,discrete_cql,3420,8,support_restricted_WPDIS,historical_knn,20.0,reported_support_fragile,True
sepsis,terminal_90d_plus_lactate,discrete_cql,3420,8,IS,neural_classifier,none,reported_support_fragile,True
sepsis,terminal_90d_plus_lactate,discrete_cql,3420,8,WIS,neural_classifier,none,reported_support_fragile,True
sepsis,terminal_90d_plus_lactate,discrete_cql,3420,8,PDIS,neural_classifier,none,reported_support_fragile,True
sepsis,terminal_90d_plus_lactate,discrete_cql,3420,8,WPDIS,neural_classifier,none,reported_support_fragile,True
sepsis,terminal_90d_plus_lactate,discrete_cql,3420,8,CWPDIS,neural_classifier,none,reported_support_fragile,True
sepsis,terminal_90d_plus_lactate,discrete_cql,3420,8,DR,neural_classifier,none,reported_support_fragile,True
sepsis,terminal_90d_plus_lactate,discrete_cql,3420,8,WDR,neural_classifier,none,reported_support_fragile,True
sepsis,terminal_90d_plus_lactate,discrete_cql,3420,8,FQE,neural_classifier,none,reported_support_fragile,True
sepsis,terminal_90d_plus_lactate,discrete_cql,3420,8,support_restricted_WPDIS,neural_classifier,none,reported_support_fragile,True
sepsis,terminal_90d_plus_lactate,discrete_cql,3420,8,IS,neural_classifier,20.0,reported_support_fragile,True
sepsis,terminal_90d_plus_lactate,discrete_cql,3420,8,WIS,neural_classifier,20.0,reported_support_fragile,True
sepsis,terminal_90d_plus_lactate,discrete_cql,3420,8,PDIS,neural_classifier,20.0,reported_support_fragile,True
sepsis,terminal_90d_plus_lactate,discrete_cql,3420,8,WPDIS,neural_classifier,20.0,reported_support_fragile,True
sepsis,terminal_90d_plus_lactate,discrete_cql,3420,8,CWPDIS,neural_classifier,20.0,reported_support_fragile,True
sepsis,terminal_90d_plus_lactate,discrete_cql,3420,8,DR,neural_classifier,20.0,reported_support_fragile,True
sepsis,terminal_90d_plus_lactate,discrete_cql,3420,8,WDR,neural_classifier,20.0,reported_support_fragile,True
sepsis,terminal_90d_plus_lactate,discrete_cql,3420,8,FQE,neural_classifier,20.0,reported_support_fragile,True
sepsis,terminal_90d_plus_lactate,discrete_cql,3420,8,support_restricted_WPDIS,neural_classifier,20.0,reported_support_fragile,True
sepsis,terminal_90d_plus_lactate,soft_spibb,3420,1,IS,historical_knn,none,reported_support_fragile,True
sepsis,terminal_90d_plus_lactate,soft_spibb,3420,1,WIS,historical_knn,none,reported_support_fragile,True
sepsis,terminal_90d_plus_lactate,soft_spibb,3420,1,PDIS,historical_knn,none,reported_support_fragile,True
sepsis,terminal_90d_plus_lactate,soft_spibb,3420,1,WPDIS,historical_knn,none,reported_support_fragile,True
sepsis,terminal_90d_plus_lactate,soft_spibb,3420,1,CWPDIS,historical_knn,none,reported_support_fragile,True
sepsis,terminal_90d_plus_lactate,soft_spibb,3420,1,DR,historical_knn,none,reported_support_fragile,True
sepsis,terminal_90d_plus_lactate,soft_spibb,3420,1,WDR,historical_knn,none,reported_support_fragile,True
sepsis,terminal_90d_plus_lactate,soft_spibb,3420,1,FQE,historical_knn,none,reported_support_fragile,True
sepsis,terminal_90d_plus_lactate,soft_spibb,3420,1,support_restricted_WPDIS,historical_knn,none,reported_support_fragile,True
sepsis,terminal_90d_plus_lactate,soft_spibb,3420,1,IS,historical_knn,20.0,reported_support_fragile,True
sepsis,terminal_90d_plus_lactate,soft_spibb,3420,1,WIS,historical_knn,20.0,reported_support_fragile,True
sepsis,terminal_90d_plus_lactate,soft_spibb,3420,1,PDIS,historical_knn,20.0,reported_support_fragile,True
sepsis,terminal_90d_plus_lactate,soft_spibb,3420,1,WPDIS,historical_knn,20.0,reported_support_fragile,True
sepsis,terminal_90d_plus_lactate,soft_spibb,3420,1,CWPDIS,historical_knn,20.0,reported_support_fragile,True
sepsis,terminal_90d_plus_lactate,soft_spibb,3420,1,DR,historical_knn,20.0,reported_support_fragile,True
sepsis,terminal_90d_plus_lactate,soft_spibb,3420,1,WDR,historical_knn,20.0,reported_support_fragile,True
sepsis,terminal_90d_plus_lactate,soft_spibb,3420,1,FQE,historical_knn,20.0,reported_support_fragile,True
sepsis,terminal_90d_plus_lactate,soft_spibb,3420,1,support_restricted_WPDIS,historical_knn,20.0,reported_support_fragile,True
sepsis,terminal_90d_plus_lactate,soft_spibb,3420,1,IS,neural_classifier,none,reported_support_fragile,True
sepsis,terminal_90d_plus_lactate,soft_spibb,3420,1,WIS,neural_classifier,none,reported_support_fragile,True
sepsis,terminal_90d_plus_lactate,soft_spibb,3420,1,PDIS,neural_classifier,none,reported_support_fragile,True
sepsis,terminal_90d_plus_lactate,soft_spibb,3420,1,WPDIS,neural_classifier,none,reported_support_fragile,True
sepsis,terminal_90d_plus_lactate,soft_spibb,3420,1,CWPDIS,neural_classifier,none,reported_support_fragile,True
sepsis,terminal_90d_plus_lactate,soft_spibb,3420,1,DR,neural_classifier,none,reported_support_fragile,True
sepsis,terminal_90d_plus_lactate,soft_spibb,3420,1,WDR,neural_classifier,none,reported_support_fragile,True
sepsis,terminal_90d_plus_lactate,soft_spibb,3420,1,FQE,neural_classifier,none,reported_support_fragile,True
sepsis,terminal_90d_plus_lactate,soft_spibb,3420,1,support_restricted_WPDIS,neural_classifier,none,reported_support_fragile,True
sepsis,terminal_90d_plus_lactate,soft_spibb,3420,1,IS,neural_classifier,20.0,reported_support_fragile,True
sepsis,terminal_90d_plus_lactate,soft_spibb,3420,1,WIS,neural_classifier,20.0,reported_support_fragile,True
sepsis,terminal_90d_plus_lactate,soft_spibb,3420,1,PDIS,neural_classifier,20.0,reported_support_fragile,True
sepsis,terminal_90d_plus_lactate,soft_spibb,3420,1,WPDIS,neural_classifier,20.0,reported_support_fragile,True
sepsis,terminal_90d_plus_lactate,soft_spibb,3420,1,CWPDIS,neural_classifier,20.0,reported_support_fragile,True
sepsis,terminal_90d_plus_lactate,soft_spibb,3420,1,DR,neural_classifier,20.0,reported_support_fragile,True
sepsis,terminal_90d_plus_lactate,soft_spibb,3420,1,WDR,neural_classifier,20.0,reported_support_fragile,True
sepsis,terminal_90d_plus_lactate,soft_spibb,3420,1,FQE,neural_classifier,20.0,reported_support_fragile,True
sepsis,terminal_90d_plus_lactate,soft_spibb,3420,1,support_restricted_WPDIS,neural_classifier,20.0,reported_support_fragile,True
sepsis,terminal_90d_plus_lactate,soft_spibb,3420,4,IS,historical_knn,none,reported_support_fragile,True
sepsis,terminal_90d_plus_lactate,soft_spibb,3420,4,WIS,historical_knn,none,reported_support_fragile,True
sepsis,terminal_90d_plus_lactate,soft_spibb,3420,4,PDIS,historical_knn,none,reported_support_fragile,True
sepsis,terminal_90d_plus_lactate,soft_spibb,3420,4,WPDIS,historical_knn,none,reported_support_fragile,True
sepsis,terminal_90d_plus_lactate,soft_spibb,3420,4,CWPDIS,historical_knn,none,reported_support_fragile,True
sepsis,terminal_90d_plus_lactate,soft_spibb,3420,4,DR,historical_knn,none,reported_support_fragile,True
sepsis,terminal_90d_plus_lactate,soft_spibb,3420,4,WDR,historical_knn,none,reported_support_fragile,True
sepsis,terminal_90d_plus_lactate,soft_spibb,3420,4,FQE,historical_knn,none,reported_support_fragile,True
sepsis,terminal_90d_plus_lactate,soft_spibb,3420,4,support_restricted_WPDIS,historical_knn,none,reported_support_fragile,True
sepsis,terminal_90d_plus_lactate,soft_spibb,3420,4,IS,historical_knn,20.0,reported_support_fragile,True
sepsis,terminal_90d_plus_lactate,soft_spibb,3420,4,WIS,historical_knn,20.0,reported_support_fragile,True
sepsis,terminal_90d_plus_lactate,soft_spibb,3420,4,PDIS,historical_knn,20.0,reported_support_fragile,True
sepsis,terminal_90d_plus_lactate,soft_spibb,3420,4,WPDIS,historical_knn,20.0,reported_support_fragile,True
sepsis,terminal_90d_plus_lactate,soft_spibb,3420,4,CWPDIS,historical_knn,20.0,reported_support_fragile,True
sepsis,terminal_90d_plus_lactate,soft_spibb,3420,4,DR,historical_knn,20.0,reported_support_fragile,True
sepsis,terminal_90d_plus_lactate,soft_spibb,3420,4,WDR,historical_knn,20.0,reported_support_fragile,True
sepsis,terminal_90d_plus_lactate,soft_spibb,3420,4,FQE,historical_knn,20.0,reported_support_fragile,True
sepsis,terminal_90d_plus_lactate,soft_spibb,3420,4,support_restricted_WPDIS,historical_knn,20.0,reported_support_fragile,True
sepsis,terminal_90d_plus_lactate,soft_spibb,3420,4,IS,neural_classifier,none,reported_support_fragile,True
sepsis,terminal_90d_plus_lactate,soft_spibb,3420,4,WIS,neural_classifier,none,reported_support_fragile,True
sepsis,terminal_90d_plus_lactate,soft_spibb,3420,4,PDIS,neural_classifier,none,reported_support_fragile,True
sepsis,terminal_90d_plus_lactate,soft_spibb,3420,4,WPDIS,neural_classifier,none,reported_support_fragile,True
sepsis,terminal_90d_plus_lactate,soft_spibb,3420,4,CWPDIS,neural_classifier,none,reported_support_fragile,True
sepsis,terminal_90d_plus_lactate,soft_spibb,3420,4,DR,neural_classifier,none,reported_support_fragile,True
sepsis,terminal_90d_plus_lactate,soft_spibb,3420,4,WDR,neural_classifier,none,reported_support_fragile,True
sepsis,terminal_90d_plus_lactate,soft_spibb,3420,4,FQE,neural_classifier,none,reported_support_fragile,True
sepsis,terminal_90d_plus_lactate,soft_spibb,3420,4,support_restricted_WPDIS,neural_classifier,none,reported_support_fragile,True
sepsis,terminal_90d_plus_lactate,soft_spibb,3420,4,IS,neural_classifier,20.0,reported_support_fragile,True
sepsis,terminal_90d_plus_lactate,soft_spibb,3420,4,WIS,neural_classifier,20.0,reported_support_fragile,True
sepsis,terminal_90d_plus_lactate,soft_spibb,3420,4,PDIS,neural_classifier,20.0,reported_support_fragile,True
sepsis,terminal_90d_plus_lactate,soft_spibb,3420,4,WPDIS,neural_classifier,20.0,reported_support_fragile,True
sepsis,terminal_90d_plus_lactate,soft_spibb,3420,4,CWPDIS,neural_classifier,20.0,reported_support_fragile,True
sepsis,terminal_90d_plus_lactate,soft_spibb,3420,4,DR,neural_classifier,20.0,reported_support_fragile,True
sepsis,terminal_90d_plus_lactate,soft_spibb,3420,4,WDR,neural_classifier,20.0,reported_support_fragile,True
sepsis,terminal_90d_plus_lactate,soft_spibb,3420,4,FQE,neural_classifier,20.0,reported_support_fragile,True
sepsis,terminal_90d_plus_lactate,soft_spibb,3420,4,support_restricted_WPDIS,neural_classifier,20.0,reported_support_fragile,True
sepsis,terminal_90d_plus_lactate,soft_spibb,3420,8,IS,historical_knn,none,reported_support_fragile,True
sepsis,terminal_90d_plus_lactate,soft_spibb,3420,8,WIS,historical_knn,none,reported_support_fragile,True
sepsis,terminal_90d_plus_lactate,soft_spibb,3420,8,PDIS,historical_knn,none,reported_support_fragile,True
sepsis,terminal_90d_plus_lactate,soft_spibb,3420,8,WPDIS,historical_knn,none,reported_support_fragile,True
sepsis,terminal_90d_plus_lactate,soft_spibb,3420,8,CWPDIS,historical_knn,none,reported_support_fragile,True
sepsis,terminal_90d_plus_lactate,soft_spibb,3420,8,DR,historical_knn,none,reported_support_fragile,True
sepsis,terminal_90d_plus_lactate,soft_spibb,3420,8,WDR,historical_knn,none,reported_support_fragile,True
sepsis,terminal_90d_plus_lactate,soft_spibb,3420,8,FQE,historical_knn,none,reported_support_fragile,True
sepsis,terminal_90d_plus_lactate,soft_spibb,3420,8,support_restricted_WPDIS,historical_knn,none,reported_support_fragile,True
sepsis,terminal_90d_plus_lactate,soft_spibb,3420,8,IS,historical_knn,20.0,reported_support_fragile,True
sepsis,terminal_90d_plus_lactate,soft_spibb,3420,8,WIS,historical_knn,20.0,reported_support_fragile,True
sepsis,terminal_90d_plus_lactate,soft_spibb,3420,8,PDIS,historical_knn,20.0,reported_support_fragile,True
sepsis,terminal_90d_plus_lactate,soft_spibb,3420,8,WPDIS,historical_knn,20.0,reported_support_fragile,True
sepsis,terminal_90d_plus_lactate,soft_spibb,3420,8,CWPDIS,historical_knn,20.0,reported_support_fragile,True
sepsis,terminal_90d_plus_lactate,soft_spibb,3420,8,DR,historical_knn,20.0,reported_support_fragile,True
sepsis,terminal_90d_plus_lactate,soft_spibb,3420,8,WDR,historical_knn,20.0,reported_support_fragile,True
sepsis,terminal_90d_plus_lactate,soft_spibb,3420,8,FQE,historical_knn,20.0,reported_support_fragile,True
sepsis,terminal_90d_plus_lactate,soft_spibb,3420,8,support_restricted_WPDIS,historical_knn,20.0,reported_support_fragile,True
sepsis,terminal_90d_plus_lactate,soft_spibb,3420,8,IS,neural_classifier,none,reported_support_fragile,True
sepsis,terminal_90d_plus_lactate,soft_spibb,3420,8,WIS,neural_classifier,none,reported_support_fragile,True
sepsis,terminal_90d_plus_lactate,soft_spibb,3420,8,PDIS,neural_classifier,none,reported_support_fragile,True
sepsis,terminal_90d_plus_lactate,soft_spibb,3420,8,WPDIS,neural_classifier,none,reported_support_fragile,True
sepsis,terminal_90d_plus_lactate,soft_spibb,3420,8,CWPDIS,neural_classifier,none,reported_support_fragile,True
sepsis,terminal_90d_plus_lactate,soft_spibb,3420,8,DR,neural_classifier,none,reported_support_fragile,True
sepsis,terminal_90d_plus_lactate,soft_spibb,3420,8,WDR,neural_classifier,none,reported_support_fragile,True
sepsis,terminal_90d_plus_lactate,soft_spibb,3420,8,FQE,neural_classifier,none,reported_support_fragile,True
sepsis,terminal_90d_plus_lactate,soft_spibb,3420,8,support_restricted_WPDIS,neural_classifier,none,reported_support_fragile,True
sepsis,terminal_90d_plus_lactate,soft_spibb,3420,8,IS,neural_classifier,20.0,reported_support_fragile,True
sepsis,terminal_90d_plus_lactate,soft_spibb,3420,8,WIS,neural_classifier,20.0,reported_support_fragile,True
sepsis,terminal_90d_plus_lactate,soft_spibb,3420,8,PDIS,neural_classifier,20.0,reported_support_fragile,True
sepsis,terminal_90d_plus_lactate,soft_spibb,3420,8,WPDIS,neural_classifier,20.0,reported_support_fragile,True
sepsis,terminal_90d_plus_lactate,soft_spibb,3420,8,CWPDIS,neural_classifier,20.0,reported_support_fragile,True
sepsis,terminal_90d_plus_lactate,soft_spibb,3420,8,DR,neural_classifier,20.0,reported_support_fragile,True
sepsis,terminal_90d_plus_lactate,soft_spibb,3420,8,WDR,neural_classifier,20.0,reported_support_fragile,True
sepsis,terminal_90d_plus_lactate,soft_spibb,3420,8,FQE,neural_classifier,20.0,reported_support_fragile,True
sepsis,terminal_90d_plus_lactate,soft_spibb,3420,8,support_restricted_WPDIS,neural_classifier,20.0,reported_support_fragile,True
sepsis,terminal_90d_plus_lactate,decision_transformer_adapter,3420,1,IS,historical_knn,none,reported_support_fragile,True
sepsis,terminal_90d_plus_lactate,decision_transformer_adapter,3420,1,WIS,historical_knn,none,reported_support_fragile,True
sepsis,terminal_90d_plus_lactate,decision_transformer_adapter,3420,1,PDIS,historical_knn,none,reported_support_fragile,True
sepsis,terminal_90d_plus_lactate,decision_transformer_adapter,3420,1,WPDIS,historical_knn,none,reported_support_fragile,True
sepsis,terminal_90d_plus_lactate,decision_transformer_adapter,3420,1,CWPDIS,historical_knn,none,reported_support_fragile,True
sepsis,terminal_90d_plus_lactate,decision_transformer_adapter,3420,1,DR,historical_knn,none,reported_support_fragile,True
sepsis,terminal_90d_plus_lactate,decision_transformer_adapter,3420,1,WDR,historical_knn,none,reported_support_fragile,True
sepsis,terminal_90d_plus_lactate,decision_transformer_adapter,3420,1,FQE,historical_knn,none,reported_support_fragile,True
sepsis,terminal_90d_plus_lactate,decision_transformer_adapter,3420,1,support_restricted_WPDIS,historical_knn,none,reported_support_fragile,True
sepsis,terminal_90d_plus_lactate,decision_transformer_adapter,3420,1,IS,historical_knn,20.0,reported_support_fragile,True
sepsis,terminal_90d_plus_lactate,decision_transformer_adapter,3420,1,WIS,historical_knn,20.0,reported_support_fragile,True
sepsis,terminal_90d_plus_lactate,decision_transformer_adapter,3420,1,PDIS,historical_knn,20.0,reported_support_fragile,True
sepsis,terminal_90d_plus_lactate,decision_transformer_adapter,3420,1,WPDIS,historical_knn,20.0,reported_support_fragile,True
sepsis,terminal_90d_plus_lactate,decision_transformer_adapter,3420,1,CWPDIS,historical_knn,20.0,reported_support_fragile,True
sepsis,terminal_90d_plus_lactate,decision_transformer_adapter,3420,1,DR,historical_knn,20.0,reported_support_fragile,True
sepsis,terminal_90d_plus_lactate,decision_transformer_adapter,3420,1,WDR,historical_knn,20.0,reported_support_fragile,True
sepsis,terminal_90d_plus_lactate,decision_transformer_adapter,3420,1,FQE,historical_knn,20.0,reported_support_fragile,True
sepsis,terminal_90d_plus_lactate,decision_transformer_adapter,3420,1,support_restricted_WPDIS,historical_knn,20.0,reported_support_fragile,True
sepsis,terminal_90d_plus_lactate,decision_transformer_adapter,3420,1,IS,neural_classifier,none,reported_support_fragile,True
sepsis,terminal_90d_plus_lactate,decision_transformer_adapter,3420,1,WIS,neural_classifier,none,reported_support_fragile,True
sepsis,terminal_90d_plus_lactate,decision_transformer_adapter,3420,1,PDIS,neural_classifier,none,reported_support_fragile,True
sepsis,terminal_90d_plus_lactate,decision_transformer_adapter,3420,1,WPDIS,neural_classifier,none,reported_support_fragile,True
sepsis,terminal_90d_plus_lactate,decision_transformer_adapter,3420,1,CWPDIS,neural_classifier,none,reported_support_fragile,True
sepsis,terminal_90d_plus_lactate,decision_transformer_adapter,3420,1,DR,neural_classifier,none,reported_support_fragile,True
sepsis,terminal_90d_plus_lactate,decision_transformer_adapter,3420,1,WDR,neural_classifier,none,reported_support_fragile,True
sepsis,terminal_90d_plus_lactate,decision_transformer_adapter,3420,1,FQE,neural_classifier,none,reported_support_fragile,True
sepsis,terminal_90d_plus_lactate,decision_transformer_adapter,3420,1,support_restricted_WPDIS,neural_classifier,none,reported_support_fragile,True
sepsis,terminal_90d_plus_lactate,decision_transformer_adapter,3420,1,IS,neural_classifier,20.0,reported_support_fragile,True
sepsis,terminal_90d_plus_lactate,decision_transformer_adapter,3420,1,WIS,neural_classifier,20.0,reported_support_fragile,True
sepsis,terminal_90d_plus_lactate,decision_transformer_adapter,3420,1,PDIS,neural_classifier,20.0,reported_support_fragile,True
sepsis,terminal_90d_plus_lactate,decision_transformer_adapter,3420,1,WPDIS,neural_classifier,20.0,reported_support_fragile,True
sepsis,terminal_90d_plus_lactate,decision_transformer_adapter,3420,1,CWPDIS,neural_classifier,20.0,reported_support_fragile,True
sepsis,terminal_90d_plus_lactate,decision_transformer_adapter,3420,1,DR,neural_classifier,20.0,reported_support_fragile,True
sepsis,terminal_90d_plus_lactate,decision_transformer_adapter,3420,1,WDR,neural_classifier,20.0,reported_support_fragile,True
sepsis,terminal_90d_plus_lactate,decision_transformer_adapter,3420,1,FQE,neural_classifier,20.0,reported_support_fragile,True
sepsis,terminal_90d_plus_lactate,decision_transformer_adapter,3420,1,support_restricted_WPDIS,neural_classifier,20.0,reported_support_fragile,True
sepsis,terminal_90d_plus_lactate,decision_transformer_adapter,3420,4,IS,historical_knn,none,reported_support_fragile,True
sepsis,terminal_90d_plus_lactate,decision_transformer_adapter,3420,4,WIS,historical_knn,none,reported_support_fragile,True
sepsis,terminal_90d_plus_lactate,decision_transformer_adapter,3420,4,PDIS,historical_knn,none,reported_support_fragile,True
sepsis,terminal_90d_plus_lactate,decision_transformer_adapter,3420,4,WPDIS,historical_knn,none,reported_support_fragile,True
sepsis,terminal_90d_plus_lactate,decision_transformer_adapter,3420,4,CWPDIS,historical_knn,none,reported_support_fragile,True
sepsis,terminal_90d_plus_lactate,decision_transformer_adapter,3420,4,DR,historical_knn,none,reported_support_fragile,True
sepsis,terminal_90d_plus_lactate,decision_transformer_adapter,3420,4,WDR,historical_knn,none,reported_support_fragile,True
sepsis,terminal_90d_plus_lactate,decision_transformer_adapter,3420,4,FQE,historical_knn,none,reported_support_fragile,True
sepsis,terminal_90d_plus_lactate,decision_transformer_adapter,3420,4,support_restricted_WPDIS,historical_knn,none,reported_support_fragile,True
sepsis,terminal_90d_plus_lactate,decision_transformer_adapter,3420,4,IS,historical_knn,20.0,reported_support_fragile,True
sepsis,terminal_90d_plus_lactate,decision_transformer_adapter,3420,4,WIS,historical_knn,20.0,reported_support_fragile,True
sepsis,terminal_90d_plus_lactate,decision_transformer_adapter,3420,4,PDIS,historical_knn,20.0,reported_support_fragile,True
sepsis,terminal_90d_plus_lactate,decision_transformer_adapter,3420,4,WPDIS,historical_knn,20.0,reported_support_fragile,True
sepsis,terminal_90d_plus_lactate,decision_transformer_adapter,3420,4,CWPDIS,historical_knn,20.0,reported_support_fragile,True
sepsis,terminal_90d_plus_lactate,decision_transformer_adapter,3420,4,DR,historical_knn,20.0,reported_support_fragile,True
sepsis,terminal_90d_plus_lactate,decision_transformer_adapter,3420,4,WDR,historical_knn,20.0,reported_support_fragile,True
sepsis,terminal_90d_plus_lactate,decision_transformer_adapter,3420,4,FQE,historical_knn,20.0,reported_support_fragile,True
sepsis,terminal_90d_plus_lactate,decision_transformer_adapter,3420,4,support_restricted_WPDIS,historical_knn,20.0,reported_support_fragile,True
sepsis,terminal_90d_plus_lactate,decision_transformer_adapter,3420,4,IS,neural_classifier,none,reported_support_fragile,True
sepsis,terminal_90d_plus_lactate,decision_transformer_adapter,3420,4,WIS,neural_classifier,none,reported_support_fragile,True
sepsis,terminal_90d_plus_lactate,decision_transformer_adapter,3420,4,PDIS,neural_classifier,none,reported_support_fragile,True
sepsis,terminal_90d_plus_lactate,decision_transformer_adapter,3420,4,WPDIS,neural_classifier,none,reported_support_fragile,True
sepsis,terminal_90d_plus_lactate,decision_transformer_adapter,3420,4,CWPDIS,neural_classifier,none,reported_support_fragile,True
sepsis,terminal_90d_plus_lactate,decision_transformer_adapter,3420,4,DR,neural_classifier,none,reported_support_fragile,True
sepsis,terminal_90d_plus_lactate,decision_transformer_adapter,3420,4,WDR,neural_classifier,none,reported_support_fragile,True
sepsis,terminal_90d_plus_lactate,decision_transformer_adapter,3420,4,FQE,neural_classifier,none,reported_support_fragile,True
sepsis,terminal_90d_plus_lactate,decision_transformer_adapter,3420,4,support_restricted_WPDIS,neural_classifier,none,reported_support_fragile,True
sepsis,terminal_90d_plus_lactate,decision_transformer_adapter,3420,4,IS,neural_classifier,20.0,reported_support_fragile,True
sepsis,terminal_90d_plus_lactate,decision_transformer_adapter,3420,4,WIS,neural_classifier,20.0,reported_support_fragile,True
sepsis,terminal_90d_plus_lactate,decision_transformer_adapter,3420,4,PDIS,neural_classifier,20.0,reported_support_fragile,True
sepsis,terminal_90d_plus_lactate,decision_transformer_adapter,3420,4,WPDIS,neural_classifier,20.0,reported_support_fragile,True
sepsis,terminal_90d_plus_lactate,decision_transformer_adapter,3420,4,CWPDIS,neural_classifier,20.0,reported_support_fragile,True
sepsis,terminal_90d_plus_lactate,decision_transformer_adapter,3420,4,DR,neural_classifier,20.0,reported_support_fragile,True
sepsis,terminal_90d_plus_lactate,decision_transformer_adapter,3420,4,WDR,neural_classifier,20.0,reported_support_fragile,True
sepsis,terminal_90d_plus_lactate,decision_transformer_adapter,3420,4,FQE,neural_classifier,20.0,reported_support_fragile,True
sepsis,terminal_90d_plus_lactate,decision_transformer_adapter,3420,4,support_restricted_WPDIS,neural_classifier,20.0,reported_support_fragile,True
sepsis,terminal_90d_plus_lactate,decision_transformer_adapter,3420,8,IS,historical_knn,none,reported_support_fragile,True
sepsis,terminal_90d_plus_lactate,decision_transformer_adapter,3420,8,WIS,historical_knn,none,reported_support_fragile,True
sepsis,terminal_90d_plus_lactate,decision_transformer_adapter,3420,8,PDIS,historical_knn,none,reported_support_fragile,True
sepsis,terminal_90d_plus_lactate,decision_transformer_adapter,3420,8,WPDIS,historical_knn,none,reported_support_fragile,True
sepsis,terminal_90d_plus_lactate,decision_transformer_adapter,3420,8,CWPDIS,historical_knn,none,reported_support_fragile,True
sepsis,terminal_90d_plus_lactate,decision_transformer_adapter,3420,8,DR,historical_knn,none,reported_support_fragile,True
sepsis,terminal_90d_plus_lactate,decision_transformer_adapter,3420,8,WDR,historical_knn,none,reported_support_fragile,True
sepsis,terminal_90d_plus_lactate,decision_transformer_adapter,3420,8,FQE,historical_knn,none,reported_support_fragile,True
sepsis,terminal_90d_plus_lactate,decision_transformer_adapter,3420,8,support_restricted_WPDIS,historical_knn,none,reported_support_fragile,True
sepsis,terminal_90d_plus_lactate,decision_transformer_adapter,3420,8,IS,historical_knn,20.0,reported_support_fragile,True
sepsis,terminal_90d_plus_lactate,decision_transformer_adapter,3420,8,WIS,historical_knn,20.0,reported_support_fragile,True
sepsis,terminal_90d_plus_lactate,decision_transformer_adapter,3420,8,PDIS,historical_knn,20.0,reported_support_fragile,True
sepsis,terminal_90d_plus_lactate,decision_transformer_adapter,3420,8,WPDIS,historical_knn,20.0,reported_support_fragile,True
sepsis,terminal_90d_plus_lactate,decision_transformer_adapter,3420,8,CWPDIS,historical_knn,20.0,reported_support_fragile,True
sepsis,terminal_90d_plus_lactate,decision_transformer_adapter,3420,8,DR,historical_knn,20.0,reported_support_fragile,True
sepsis,terminal_90d_plus_lactate,decision_transformer_adapter,3420,8,WDR,historical_knn,20.0,reported_support_fragile,True
sepsis,terminal_90d_plus_lactate,decision_transformer_adapter,3420,8,FQE,historical_knn,20.0,reported_support_fragile,True
sepsis,terminal_90d_plus_lactate,decision_transformer_adapter,3420,8,support_restricted_WPDIS,historical_knn,20.0,reported_support_fragile,True
sepsis,terminal_90d_plus_lactate,decision_transformer_adapter,3420,8,IS,neural_classifier,none,reported_support_fragile,True
sepsis,terminal_90d_plus_lactate,decision_transformer_adapter,3420,8,WIS,neural_classifier,none,reported_support_fragile,True
sepsis,terminal_90d_plus_lactate,decision_transformer_adapter,3420,8,PDIS,neural_classifier,none,reported_support_fragile,True
sepsis,terminal_90d_plus_lactate,decision_transformer_adapter,3420,8,WPDIS,neural_classifier,none,reported_support_fragile,True
sepsis,terminal_90d_plus_lactate,decision_transformer_adapter,3420,8,CWPDIS,neural_classifier,none,reported_support_fragile,True
sepsis,terminal_90d_plus_lactate,decision_transformer_adapter,3420,8,DR,neural_classifier,none,reported_support_fragile,True
sepsis,terminal_90d_plus_lactate,decision_transformer_adapter,3420,8,WDR,neural_classifier,none,reported_support_fragile,True
sepsis,terminal_90d_plus_lactate,decision_transformer_adapter,3420,8,FQE,neural_classifier,none,reported_support_fragile,True
sepsis,terminal_90d_plus_lactate,decision_transformer_adapter,3420,8,support_restricted_WPDIS,neural_classifier,none,reported_support_fragile,True
sepsis,terminal_90d_plus_lactate,decision_transformer_adapter,3420,8,IS,neural_classifier,20.0,reported_support_fragile,True
sepsis,terminal_90d_plus_lactate,decision_transformer_adapter,3420,8,WIS,neural_classifier,20.0,reported_support_fragile,True
sepsis,terminal_90d_plus_lactate,decision_transformer_adapter,3420,8,PDIS,neural_classifier,20.0,reported_support_fragile,True
sepsis,terminal_90d_plus_lactate,decision_transformer_adapter,3420,8,WPDIS,neural_classifier,20.0,reported_support_fragile,True
sepsis,terminal_90d_plus_lactate,decision_transformer_adapter,3420,8,CWPDIS,neural_classifier,20.0,reported_support_fragile,True
sepsis,terminal_90d_plus_lactate,decision_transformer_adapter,3420,8,DR,neural_classifier,20.0,reported_support_fragile,True
sepsis,terminal_90d_plus_lactate,decision_transformer_adapter,3420,8,WDR,neural_classifier,20.0,reported_support_fragile,True
sepsis,terminal_90d_plus_lactate,decision_transformer_adapter,3420,8,FQE,neural_classifier,20.0,reported_support_fragile,True
sepsis,terminal_90d_plus_lactate,decision_transformer_adapter,3420,8,support_restricted_WPDIS,neural_classifier,20.0,reported_support_fragile,True
respiratory,resp_meddreamer_spo2_mbp,behavior_cloning,3408,all,all,all,all,not_computable_missing_probability,True
respiratory,resp_meddreamer_spo2_mbp,discrete_bcq,3408,all,all,all,all,not_computable_missing_probability,True
respiratory,resp_meddreamer_spo2_mbp,discrete_cql,3408,all,all,all,all,not_computable_missing_probability,True
respiratory,resp_meddreamer_spo2_mbp,soft_spibb,3408,all,all,all,all,not_computable_missing_probability,True
respiratory,resp_meddreamer_spo2_mbp,decision_transformer,3408,all,all,all,all,not_computable_missing_probability,True
respiratory,resp_meddreamer_spo2_mbp,supported_random,3408,all,all,all,all,not_computable_missing_probability,True
respiratory,resp_meddreamer_spo2_mbp,no_min_action,3408,all,all,all,all,not_computable_missing_probability,True
respiratory,resp_meddreamer_spo2_mbp,max_action,3408,all,all,all,all,not_computable_missing_probability,True
respiratory,resp_meddreamer_spo2_mbp,severity_rule,3408,all,all,all,all,not_computable_missing_probability,True
respiratory,resp_meddreamer_spo2_mbp,behavior_cloning,3411,all,all,all,all,not_computable_missing_probability,True
respiratory,resp_meddreamer_spo2_mbp,discrete_bcq,3411,all,all,all,all,not_computable_missing_probability,True
respiratory,resp_meddreamer_spo2_mbp,discrete_cql,3411,all,all,all,all,not_computable_missing_probability,True
respiratory,resp_meddreamer_spo2_mbp,soft_spibb,3411,all,all,all,all,not_computable_missing_probability,True
respiratory,resp_meddreamer_spo2_mbp,decision_transformer,3411,all,all,all,all,not_computable_missing_probability,True
respiratory,resp_meddreamer_spo2_mbp,supported_random,3411,all,all,all,all,not_computable_missing_probability,True
respiratory,resp_meddreamer_spo2_mbp,no_min_action,3411,all,all,all,all,not_computable_missing_probability,True
respiratory,resp_meddreamer_spo2_mbp,max_action,3411,all,all,all,all,not_computable_missing_probability,True
respiratory,resp_meddreamer_spo2_mbp,severity_rule,3411,all,all,all,all,not_computable_missing_probability,True
respiratory,resp_meddreamer_spo2_mbp,behavior_cloning,3414,all,all,all,all,not_computable_missing_probability,True
respiratory,resp_meddreamer_spo2_mbp,discrete_bcq,3414,all,all,all,all,not_computable_missing_probability,True
respiratory,resp_meddreamer_spo2_mbp,discrete_cql,3414,all,all,all,all,not_computable_missing_probability,True
respiratory,resp_meddreamer_spo2_mbp,soft_spibb,3414,all,all,all,all,not_computable_missing_probability,True
respiratory,resp_meddreamer_spo2_mbp,decision_transformer,3414,all,all,all,all,not_computable_missing_probability,True
respiratory,resp_meddreamer_spo2_mbp,supported_random,3414,all,all,all,all,not_computable_missing_probability,True
respiratory,resp_meddreamer_spo2_mbp,no_min_action,3414,all,all,all,all,not_computable_missing_probability,True
respiratory,resp_meddreamer_spo2_mbp,max_action,3414,all,all,all,all,not_computable_missing_probability,True
respiratory,resp_meddreamer_spo2_mbp,severity_rule,3414,all,all,all,all,not_computable_missing_probability,True
shock,shock_next_mbp_component,behavior_cloning,3408,all,all,all,all,not_computable_missing_probability,True
shock,shock_next_mbp_component,discrete_bcq,3408,all,all,all,all,not_computable_missing_probability,True
shock,shock_next_mbp_component,discrete_cql,3408,all,all,all,all,not_computable_missing_probability,True
shock,shock_next_mbp_component,soft_spibb,3408,all,all,all,all,not_computable_missing_probability,True
shock,shock_next_mbp_component,decision_transformer,3408,all,all,all,all,not_computable_missing_probability,True
shock,shock_next_mbp_component,supported_random,3408,all,all,all,all,not_computable_missing_probability,True
shock,shock_next_mbp_component,no_min_action,3408,all,all,all,all,not_computable_missing_probability,True
shock,shock_next_mbp_component,max_action,3408,all,all,all,all,not_computable_missing_probability,True
shock,shock_next_mbp_component,severity_rule,3408,all,all,all,all,not_computable_missing_probability,True
shock,shock_next_mbp_component,behavior_cloning,3411,all,all,all,all,not_computable_missing_probability,True
shock,shock_next_mbp_component,discrete_bcq,3411,all,all,all,all,not_computable_missing_probability,True
shock,shock_next_mbp_component,discrete_cql,3411,all,all,all,all,not_computable_missing_probability,True
shock,shock_next_mbp_component,soft_spibb,3411,all,all,all,all,not_computable_missing_probability,True
shock,shock_next_mbp_component,decision_transformer,3411,all,all,all,all,not_computable_missing_probability,True
shock,shock_next_mbp_component,supported_random,3411,all,all,all,all,not_computable_missing_probability,True
shock,shock_next_mbp_component,no_min_action,3411,all,all,all,all,not_computable_missing_probability,True
shock,shock_next_mbp_component,max_action,3411,all,all,all,all,not_computable_missing_probability,True
shock,shock_next_mbp_component,severity_rule,3411,all,all,all,all,not_computable_missing_probability,True
shock,shock_next_mbp_component,behavior_cloning,3414,all,all,all,all,not_computable_missing_probability,True
shock,shock_next_mbp_component,discrete_bcq,3414,all,all,all,all,not_computable_missing_probability,True
shock,shock_next_mbp_component,discrete_cql,3414,all,all,all,all,not_computable_missing_probability,True
shock,shock_next_mbp_component,soft_spibb,3414,all,all,all,all,not_computable_missing_probability,True
shock,shock_next_mbp_component,decision_transformer,3414,all,all,all,all,not_computable_missing_probability,True
shock,shock_next_mbp_component,supported_random,3414,all,all,all,all,not_computable_missing_probability,True
shock,shock_next_mbp_component,no_min_action,3414,all,all,all,all,not_computable_missing_probability,True
shock,shock_next_mbp_component,max_action,3414,all,all,all,all,not_computable_missing_probability,True
shock,shock_next_mbp_component,severity_rule,3414,all,all,all,all,not_computable_missing_probability,True
af_flutter,none_frozen,all,all,all,all,all,all,estimand_not_defined,True
aki,none_frozen,all,all,all,all,all,all,estimand_not_defined,True
heart_failure,none_frozen,all,all,all,all,all,all,estimand_not_defined,True
